{"0": {"0": {"Train_loss": 0.0010212882635338852, "Test_loss": 0.08070327589909236, "Train_acc": 0.994640651345253, "Test_acc": 0.5133218765258789}, "1": {"Train_loss": 0.0004368764012128693, "Test_loss": 0.0794151599208514, "Train_acc": 0.0, "Test_acc": 0.5127522150675455}}, "1": {"0": {"Train_loss": 0.00014081514982535736, "Test_loss": 0.07790648937225342, "Train_acc": 0.9905612379312515, "Test_acc": 0.5126708348592123}, "1": {"Train_loss": 0.00019723759434218038, "Test_loss": 0.07768866419792175, "Train_acc": 0.0, "Test_acc": 0.5116726557413737}}, "2": {"0": {"Train_loss": 9.164693413670951e-05, "Test_loss": 0.07622694720824559, "Train_acc": 0.9873711337645849, "Test_acc": 0.5110597809155782}, "1": {"Train_loss": 0.00013146088217738373, "Test_loss": 0.07714359213908513, "Train_acc": 0.0, "Test_acc": 0.5095899105072021}}, "3": {"0": {"Train_loss": 8.060475653716518e-05, "Test_loss": 0.07574415455261867, "Train_acc": 0.9826641698678334, "Test_acc": 0.5096115072568258}, "1": {"Train_loss": 7.958096228258941e-05, "Test_loss": 0.07592952251434326, "Train_acc": 0.0, "Test_acc": 0.50857013463974}}, "4": {"0": {"Train_loss": 3.0509327856028298e-05, "Test_loss": 0.07527072976032893, "Train_acc": 0.9816966672738393, "Test_acc": 0.5085319677988688}, "1": {"Train_loss": 0.00011047062209148987, "Test_loss": 0.07538899034261703, "Train_acc": 0.0, "Test_acc": 0.5072464346885681}}, "5": {"0": {"Train_loss": 7.80525773128223e-05, "Test_loss": 0.07435983419418335, "Train_acc": 0.977131657799085, "Test_acc": 0.5068395336469015}, "1": {"Train_loss": 7.106033426053131e-05, "Test_loss": 0.07535087317228317, "Train_acc": 0.0, "Test_acc": 0.5047783851623535}}, "6": {"0": {"Train_loss": 3.0063055358671894e-05, "Test_loss": 0.07428791870673497, "Train_acc": 0.973293196161588, "Test_acc": 0.5045126477877299}, "1": {"Train_loss": 6.798617931931873e-05, "Test_loss": 0.07453285654385884, "Train_acc": 0.0, "Test_acc": 0.5033733248710632}}, "7": {"0": {"Train_loss": 5.355239742736254e-05, "Test_loss": 0.0739674021800359, "Train_acc": 0.9712501337130864, "Test_acc": 0.5029232104619344}, "1": {"Train_loss": 5.5452607018102345e-05, "Test_loss": 0.07415294895569484, "Train_acc": 0.0, "Test_acc": 0.5018436511357626}}, "8": {"0": {"Train_loss": 3.0272708590928234e-05, "Test_loss": 0.07407943407694499, "Train_acc": 0.9664975295464198, "Test_acc": 0.5011062026023865}, "1": {"Train_loss": 7.801442038255808e-05, "Test_loss": 0.07438371330499649, "Train_acc": 0.0, "Test_acc": 0.4999452630678813}}, "9": {"0": {"Train_loss": 2.4709632862141005e-05, "Test_loss": 0.07377523928880692, "Train_acc": 0.9649155656496684, "Test_acc": 0.5004767576853434}, "1": {"Train_loss": 4.519309826217319e-05, "Test_loss": 0.0742043803135554, "Train_acc": 0.0, "Test_acc": 0.49933238824208576}}, "10": {"0": {"Train_loss": 1.2473964541944346e-05, "Test_loss": 0.07356075942516327, "Train_acc": 0.9610509286324184, "Test_acc": 0.49980411926905316}, "1": {"Train_loss": 5.1679435524294666e-05, "Test_loss": 0.07412805904944737, "Train_acc": 0.0, "Test_acc": 0.498540202776591}}, "11": {"0": {"Train_loss": 1.2452535762956056e-05, "Test_loss": 0.07409197092056274, "Train_acc": 0.9566369334856669, "Test_acc": 0.4975369870662689}, "1": {"Train_loss": 3.164439457860085e-05, "Test_loss": 0.07454525430997212, "Train_acc": 0.0, "Test_acc": 0.4960073232650757}}, "12": {"0": {"Train_loss": 0.00025055110163521024, "Test_loss": 0.07448732852935791, "Train_acc": 0.9511695255835851, "Test_acc": 0.4958661695321401}, "1": {"Train_loss": 3.349437518659999e-05, "Test_loss": 0.07469203074773152, "Train_acc": 0.0, "Test_acc": 0.4942335287729899}}, "13": {"0": {"Train_loss": 2.848314902621496e-05, "Test_loss": 0.07458288222551346, "Train_acc": 0.9489311506350835, "Test_acc": 0.4938864012559255}, "1": {"Train_loss": 1.7543170511559985e-05, "Test_loss": 0.07494576026995976, "Train_acc": 0.0, "Test_acc": 0.49135857820510864}}, "14": {"0": {"Train_loss": 1.4792629788947428e-05, "Test_loss": 0.07456141710281372, "Train_acc": 0.9433180967966716, "Test_acc": 0.49168409903844196}, "1": {"Train_loss": 1.3614438604894656e-05, "Test_loss": 0.07503738751014073, "Train_acc": 0.0, "Test_acc": 0.49036040902137756}}, "15": {"0": {"Train_loss": 9.27624205360189e-06, "Test_loss": 0.07479202498992284, "Train_acc": 0.9393272787332535, "Test_acc": 0.4903388023376465}, "1": {"Train_loss": 2.1231397724853916e-05, "Test_loss": 0.07526394476493199, "Train_acc": 0.0, "Test_acc": 0.48913970589637756}}, "16": {"0": {"Train_loss": 2.3492360135909014e-05, "Test_loss": 0.07502642025550206, "Train_acc": 0.9379755288362503, "Test_acc": 0.4891778727372487}, "1": {"Train_loss": 1.026352370460919e-05, "Test_loss": 0.07533462593952815, "Train_acc": 0.0, "Test_acc": 0.488261083761851}}, "17": {"0": {"Train_loss": 6.412893435481238e-06, "Test_loss": 0.07529415935277939, "Train_acc": 0.9334078331788381, "Test_acc": 0.4880983233451843}, "1": {"Train_loss": 1.635315513716517e-05, "Test_loss": 0.07564676056305568, "Train_acc": 0.0, "Test_acc": 0.48675302664438885}}, "18": {"0": {"Train_loss": 6.273176359172794e-06, "Test_loss": 0.07550958792368571, "Train_acc": 0.9309939453999202, "Test_acc": 0.48683440685272217}, "1": {"Train_loss": 8.302886812841813e-06, "Test_loss": 0.07603428761164348, "Train_acc": 0.0, "Test_acc": 0.48346613844235736}}, "19": {"0": {"Train_loss": 8.812778374552483e-06, "Test_loss": 0.07577627152204514, "Train_acc": 0.9267752627531688, "Test_acc": 0.48512038588523865}, "1": {"Train_loss": 1.2327090836340082e-05, "Test_loss": 0.07602522025505702, "Train_acc": 0.0, "Test_acc": 0.48340635498364765}}}