{"0": {"0": {"Train_loss": 0.0014872832437201092, "Test_loss": 0.06389878317713737, "Train_acc": 0.9918217082818349, "Test_acc": 0.5978420575459799}, "1": {"Train_loss": 0.0004719325229886855, "Test_loss": 0.06366388375560443, "Train_acc": 0.1626285756456441, "Test_acc": 0.5915224949518839}}, "1": {"0": {"Train_loss": 0.00018655198267272983, "Test_loss": 0.06376940260330836, "Train_acc": 0.9865482707818349, "Test_acc": 0.5906006495157877}, "1": {"Train_loss": 0.0003046593791905566, "Test_loss": 0.0640195719897747, "Train_acc": 0.14996877441118503, "Test_acc": 0.5853491226832072}}, "2": {"0": {"Train_loss": 5.584110252433068e-05, "Test_loss": 0.06269493078192075, "Train_acc": 0.9834870318571727, "Test_acc": 0.589808464050293}, "1": {"Train_loss": 0.00019198715042499504, "Test_loss": 0.06526558970411618, "Train_acc": 0.1354531984904717, "Test_acc": 0.5763123035430908}}, "3": {"0": {"Train_loss": 5.3487924318081545e-05, "Test_loss": 0.06393732751409213, "Train_acc": 0.9803073316812515, "Test_acc": 0.5780479311943054}, "1": {"Train_loss": 0.00012347655740149063, "Test_loss": 0.06557988375425339, "Train_acc": 0.11560112160855326, "Test_acc": 0.5670961737632751}}, "4": {"0": {"Train_loss": 3.72976518519863e-05, "Test_loss": 0.06550585106015205, "Train_acc": 0.9771642098824184, "Test_acc": 0.5648074547449747}, "1": {"Train_loss": 0.00011544491995852601, "Test_loss": 0.0665433332324028, "Train_acc": 0.098887514708371, "Test_acc": 0.5573435227076212}}, "5": {"0": {"Train_loss": 2.9863682266295653e-05, "Test_loss": 0.06613143533468246, "Train_acc": 0.9715001473824183, "Test_acc": 0.5557324886322021}, "1": {"Train_loss": 0.0001297532943336309, "Test_loss": 0.06860329210758209, "Train_acc": 0.07097190926814902, "Test_acc": 0.5387002428372701}}, "6": {"0": {"Train_loss": 2.8798192154984766e-05, "Test_loss": 0.06886201600233714, "Train_acc": 0.9607280919949214, "Test_acc": 0.5310951670010885}, "1": {"Train_loss": 8.647274833116359e-05, "Test_loss": 0.06908685217301051, "Train_acc": 0.056300817892469206, "Test_acc": 0.5280740062395731}}, "7": {"0": {"Train_loss": 2.099363174844863e-05, "Test_loss": 0.0687565952539444, "Train_acc": 0.9578101505835851, "Test_acc": 0.5257687171300253}, "1": {"Train_loss": 6.090898029375741e-05, "Test_loss": 0.07105572273333867, "Train_acc": 0.027218235656619072, "Test_acc": 0.5084657073020935}}, "8": {"0": {"Train_loss": 5.009741103094712e-05, "Test_loss": 0.07148767014344533, "Train_acc": 0.9510483781496684, "Test_acc": 0.4989687005678813}, "1": {"Train_loss": 4.369971166256462e-05, "Test_loss": 0.07258868217468262, "Train_acc": 0.005836721196577981, "Test_acc": 0.4956220289071401}}, "9": {"0": {"Train_loss": 5.3378233618180576e-05, "Test_loss": 0.07359522332747777, "Train_acc": 0.9493986248970032, "Test_acc": 0.4959857265154521}, "1": {"Train_loss": 3.884614307025913e-05, "Test_loss": 0.07373614360888799, "Train_acc": 0.004893833265543498, "Test_acc": 0.4947218100229899}}, "10": {"0": {"Train_loss": 0.007180746144149453, "Test_loss": 0.07455721497535706, "Train_acc": 0.863877926270167, "Test_acc": 0.4962349037329356}, "1": {"Train_loss": 5.687475775881341e-05, "Test_loss": 0.07490600893894832, "Train_acc": 0.004938528600052513, "Test_acc": 0.4908054769039154}}, "11": {"0": {"Train_loss": 5.4684691288760705e-05, "Test_loss": 0.07498006771008174, "Train_acc": 0.936380476752917, "Test_acc": 0.49068088332811993}, "1": {"Train_loss": 4.638893821312853e-05, "Test_loss": 0.07557757943868637, "Train_acc": 0.004826484127612463, "Test_acc": 0.4875783522923787}}, "12": {"0": {"Train_loss": 1.248190927375011e-05, "Test_loss": 0.07532153030236562, "Train_acc": 0.92961232761542, "Test_acc": 0.487393985191981}, "1": {"Train_loss": 2.4408073072820494e-05, "Test_loss": 0.07561614861090978, "Train_acc": 0.004815463362068966, "Test_acc": 0.4858643313248952}}, "13": {"0": {"Train_loss": 2.2519554431710275e-05, "Test_loss": 0.07530107349157333, "Train_acc": 0.9281800359487533, "Test_acc": 0.4851916829744975}, "1": {"Train_loss": 2.7386269047038414e-05, "Test_loss": 0.07581617186466853, "Train_acc": 0.004826484127612463, "Test_acc": 0.4834610919157664}}, "14": {"0": {"Train_loss": 8.031232277971867e-06, "Test_loss": 0.07555608203013738, "Train_acc": 0.9254339158535003, "Test_acc": 0.4832551181316376}, "1": {"Train_loss": 2.3720655321838044e-05, "Test_loss": 0.07574595759312312, "Train_acc": 0.004849137931034483, "Test_acc": 0.4827668368816376}}, "15": {"0": {"Train_loss": 0.00021521005874092225, "Test_loss": 0.07593625287214915, "Train_acc": 0.9195446729660034, "Test_acc": 0.48183348774909973}, "1": {"Train_loss": 2.8417381505779963e-05, "Test_loss": 0.07629733781019847, "Train_acc": 0.004871179462121478, "Test_acc": 0.4792790114879608}}, "16": {"0": {"Train_loss": 1.1108040628945067e-05, "Test_loss": 0.07620907823244731, "Train_acc": 0.9168962091207504, "Test_acc": 0.4787093500296275}, "1": {"Train_loss": 4.379127501030372e-05, "Test_loss": 0.07649323344230652, "Train_acc": 0.004848525666728102, "Test_acc": 0.4765884280204773}}, "17": {"0": {"Train_loss": 2.7108345724021394e-05, "Test_loss": 0.07651551316181819, "Train_acc": 0.9096139381329219, "Test_acc": 0.47516175111134845}, "1": {"Train_loss": 2.0030969514256617e-05, "Test_loss": 0.07672095050414403, "Train_acc": 0.00473648118625941, "Test_acc": 0.47471163670221966}}, "18": {"0": {"Train_loss": 0.00023540130556890895, "Test_loss": 0.0768346016605695, "Train_acc": 0.9058117210865021, "Test_acc": 0.4748794436454773}, "1": {"Train_loss": 3.7982808517599235e-05, "Test_loss": 0.07702614118655522, "Train_acc": 0.004691785851750395, "Test_acc": 0.47318198283513385}}, "19": {"0": {"Train_loss": 0.0048591976931978325, "Test_loss": 0.07759016007184982, "Train_acc": 0.8327037692070007, "Test_acc": 0.4716739257176717}, "1": {"Train_loss": 9.144685953225266e-05, "Test_loss": 0.07728718966245651, "Train_acc": 0.0047028066172938926, "Test_acc": 0.4701111416021983}}}