{"0": {"0": {"Train_loss": 0.000789492686453741, "Test_loss": 0.08075543989737828, "Train_acc": 0.9960729430119196, "Test_acc": 0.5135062336921692}, "1": {"Train_loss": 0.0031892712677604167, "Test_loss": 0.08030385275681813, "Train_acc": 0.0, "Test_acc": 0.5025047858556112}}, "1": {"0": {"Train_loss": 0.00037427904511181016, "Test_loss": 0.07561790198087692, "Train_acc": 0.9687020103136699, "Test_acc": 0.5052933096885681}, "1": {"Train_loss": 0.001072974523312637, "Test_loss": 0.07890980194012324, "Train_acc": 0.0, "Test_acc": 0.4835842450459798}}, "2": {"0": {"Train_loss": 0.00016736537751664096, "Test_loss": 0.07714605083068211, "Train_acc": 0.9321748812993368, "Test_acc": 0.48564539353052777}, "1": {"Train_loss": 0.0006598634484769969, "Test_loss": 0.07871889074643452, "Train_acc": 0.0, "Test_acc": 0.47216076652208966}}, "3": {"0": {"Train_loss": 0.00014502673572375596, "Test_loss": 0.078280175725619, "Train_acc": 0.8980019052823385, "Test_acc": 0.4717423419157664}, "1": {"Train_loss": 0.0004984054680319567, "Test_loss": 0.08106420437494914, "Train_acc": 0.0, "Test_acc": 0.454645295937856}}, "4": {"0": {"Train_loss": 0.004670115223658892, "Test_loss": 0.08028306563695271, "Train_acc": 0.808322258790334, "Test_acc": 0.45902326703071594}, "1": {"Train_loss": 0.00037866025101313173, "Test_loss": 0.08181722710529964, "Train_acc": 0.0, "Test_acc": 0.4436553716659546}}, "5": {"0": {"Train_loss": 0.0001063249095750507, "Test_loss": 0.08169235289096832, "Train_acc": 0.8221129318078358, "Test_acc": 0.4375799397627513}, "1": {"Train_loss": 0.00031656395104023274, "Test_loss": 0.08459555854399999, "Train_acc": 0.0, "Test_acc": 0.4188336829344432}}, "6": {"0": {"Train_loss": 0.00010390635349419123, "Test_loss": 0.08314571529626846, "Train_acc": 0.8017443885405858, "Test_acc": 0.42649855216344196}, "1": {"Train_loss": 0.0003000078271223425, "Test_loss": 0.08584056794643402, "Train_acc": 0.0, "Test_acc": 0.4139256676038106}}, "7": {"0": {"Train_loss": 7.283529169702282e-05, "Test_loss": 0.0850087155898412, "Train_acc": 0.7689191361268362, "Test_acc": 0.4084465404351552}, "1": {"Train_loss": 0.0002626056242473263, "Test_loss": 0.0875705157717069, "Train_acc": 0.0, "Test_acc": 0.3888814449310303}}, "8": {"0": {"Train_loss": 6.687908256329441e-05, "Test_loss": 0.08622862895329793, "Train_acc": 0.7295354783535004, "Test_acc": 0.3886639475822449}, "1": {"Train_loss": 0.00024275085136117735, "Test_loss": 0.0885201022028923, "Train_acc": 0.0, "Test_acc": 0.3694906334082286}}, "9": {"0": {"Train_loss": 4.989631640152463e-05, "Test_loss": 0.08822006483872731, "Train_acc": 0.6746852179368337, "Test_acc": 0.3588348627090454}, "1": {"Train_loss": 0.0001528080263534352, "Test_loss": 0.09010680019855499, "Train_acc": 0.0, "Test_acc": 0.30541271964708966}}, "10": {"0": {"Train_loss": 4.833087544587518e-05, "Test_loss": 0.08993087460597356, "Train_acc": 0.5128033717473348, "Test_acc": 0.28074227770169574}, "1": {"Train_loss": 0.00012333337746957992, "Test_loss": 0.09138311445713043, "Train_acc": 0.0, "Test_acc": 0.2337801307439804}}, "11": {"0": {"Train_loss": 4.740560428520742e-05, "Test_loss": 0.09045378118753433, "Train_acc": 0.43167116343975065, "Test_acc": 0.2381199300289154}, "1": {"Train_loss": 0.0007451568394728759, "Test_loss": 0.09143716096878052, "Train_acc": 0.0020541487068965517, "Test_acc": 0.22710839410622916}}, "12": {"0": {"Train_loss": 2.6232971807379122e-05, "Test_loss": 0.09143972645203273, "Train_acc": 0.4089769919713338, "Test_acc": 0.2164173424243927}, "1": {"Train_loss": 9.692319671840182e-05, "Test_loss": 0.09239143878221512, "Train_acc": 0.0, "Test_acc": 0.20224854350090027}}, "13": {"0": {"Train_loss": 4.916538521986998e-05, "Test_loss": 0.09214071929454803, "Train_acc": 0.38475723514954246, "Test_acc": 0.200345108906428}, "1": {"Train_loss": 8.264120383657804e-05, "Test_loss": 0.09360773364702861, "Train_acc": 0.0, "Test_acc": 0.19653680423895517}}, "14": {"0": {"Train_loss": 2.9579099342906073e-05, "Test_loss": 0.09258854637543361, "Train_acc": 0.3819134583075841, "Test_acc": 0.1968623250722885}, "1": {"Train_loss": 6.560360647011388e-05, "Test_loss": 0.09298667560021083, "Train_acc": 0.0, "Test_acc": 0.19580438236395517}}, "15": {"0": {"Train_loss": 3.083085045242721e-05, "Test_loss": 0.0927036851644516, "Train_acc": 0.3826124891638756, "Test_acc": 0.19694370528062186}, "1": {"Train_loss": 6.439286378987038e-05, "Test_loss": 0.09315095593531926, "Train_acc": 0.0, "Test_acc": 0.19596714278062186}}, "16": {"0": {"Train_loss": 1.634439660544255e-05, "Test_loss": 0.09253999094168346, "Train_acc": 0.3794485608736674, "Test_acc": 0.19580438236395517}, "1": {"Train_loss": 5.4520499580921126e-05, "Test_loss": 0.09315135329961777, "Train_acc": 0.0, "Test_acc": 0.1956416219472885}}, "17": {"0": {"Train_loss": 1.3159532560772883e-05, "Test_loss": 0.0926781843105952, "Train_acc": 0.37812298635641733, "Test_acc": 0.19631427029768625}, "1": {"Train_loss": 3.1705478438103956e-05, "Test_loss": 0.09286684046188991, "Train_acc": 0.0, "Test_acc": 0.1956416219472885}}, "18": {"0": {"Train_loss": 1.0524669793691525e-05, "Test_loss": 0.09277352939049403, "Train_acc": 0.38069191624720894, "Test_acc": 0.19674277305603027}, "1": {"Train_loss": 2.9099402315202088e-05, "Test_loss": 0.09297484159469604, "Train_acc": 0.0, "Test_acc": 0.195028747121493}}, "19": {"0": {"Train_loss": 9.90041473111584e-06, "Test_loss": 0.09247817595799764, "Train_acc": 0.3781098981698354, "Test_acc": 0.19633587201436362}, "1": {"Train_loss": 0.00022504223582880763, "Test_loss": 0.09268187234799068, "Train_acc": 0.0029970366379310346, "Test_acc": 0.19311379392941794}}}