{"0": {"0": {"Train_loss": 0.0012207468156702817, "Test_loss": 0.004424247813100616, "Train_acc": 0.9939674605925878, "Test_acc": 0.9744977553685507}, "1": {"Train_loss": 0.0007041502926611053, "Test_loss": 0.006674827231715123, "Train_acc": 0.9286815482994606, "Test_acc": 0.9642236828804016}}, "1": {"0": {"Train_loss": 0.00019717321192729286, "Test_loss": 0.0074906302616000175, "Train_acc": 0.9826551089684169, "Test_acc": 0.9593408703804016}, "1": {"Train_loss": 0.00014715572226499529, "Test_loss": 0.008223149459809065, "Train_acc": 0.9136167703003719, "Test_acc": 0.9588309725125631}}, "2": {"0": {"Train_loss": 8.932796984784848e-05, "Test_loss": 0.009105861186981201, "Train_acc": 0.9779676089684168, "Test_acc": 0.9554295738538107}, "1": {"Train_loss": 0.00010268615306844807, "Test_loss": 0.010294850605229536, "Train_acc": 0.904289527186032, "Test_acc": 0.9500916004180908}}, "3": {"0": {"Train_loss": 7.77698071639558e-05, "Test_loss": 0.011408476158976555, "Train_acc": 0.9713581929604213, "Test_acc": 0.9463380376497904}, "1": {"Train_loss": 7.873633794902005e-05, "Test_loss": 0.012564073937634626, "Train_acc": 0.8860054612159729, "Test_acc": 0.9413472016652426}}, "4": {"0": {"Train_loss": 4.6258682414190846e-05, "Test_loss": 0.013876221763590971, "Train_acc": 0.9672502547502517, "Test_acc": 0.9335894187291464}, "1": {"Train_loss": 0.0001793764516558691, "Test_loss": 0.014431367628276348, "Train_acc": 0.8779345853575344, "Test_acc": 0.9336823225021362}}, "5": {"0": {"Train_loss": 4.4667151208462504e-05, "Test_loss": 0.015590643820663294, "Train_acc": 0.9600300679604212, "Test_acc": 0.9265057444572449}, "1": {"Train_loss": 3.522127826727228e-05, "Test_loss": 0.016024837580819924, "Train_acc": 0.8579000532627106, "Test_acc": 0.9246339996655782}}, "6": {"0": {"Train_loss": 7.194618028734112e-05, "Test_loss": 0.0176296957458059, "Train_acc": 0.955800982316335, "Test_acc": 0.915894627571106}, "1": {"Train_loss": 4.3670952875580605e-05, "Test_loss": 0.017934578160444897, "Train_acc": 0.8413431860249618, "Test_acc": 0.9164045254389445}}, "7": {"0": {"Train_loss": 3.5492935057845895e-05, "Test_loss": 0.019243414513766766, "Train_acc": 0.9512450327475865, "Test_acc": 0.9085005521774292}, "1": {"Train_loss": 3.163577460735065e-05, "Test_loss": 0.01930857729166746, "Train_acc": 0.8353399295231392, "Test_acc": 0.9131608406702677}}, "8": {"0": {"Train_loss": 7.753754271107027e-05, "Test_loss": 0.02049652673304081, "Train_acc": 0.9478505551815033, "Test_acc": 0.9052518407503763}, "1": {"Train_loss": 4.582879852211496e-05, "Test_loss": 0.02125429796675841, "Train_acc": 0.8138677991669754, "Test_acc": 0.9055874347686768}}, "9": {"0": {"Train_loss": 2.1804381473581693e-05, "Test_loss": 0.022566303610801697, "Train_acc": 0.9456668814023336, "Test_acc": 0.895004411538442}, "1": {"Train_loss": 6.110824948524984e-05, "Test_loss": 0.023544489095608395, "Train_acc": 0.794177973064883, "Test_acc": 0.8886149724324545}}, "10": {"0": {"Train_loss": 3.139316919866057e-05, "Test_loss": 0.024265708401799202, "Train_acc": 0.9420458813508351, "Test_acc": 0.8844977219899496}, "1": {"Train_loss": 3.9709636031806563e-05, "Test_loss": 0.02464483181635539, "Train_acc": 0.7929528304215135, "Test_acc": 0.8895533680915833}}, "11": {"0": {"Train_loss": 0.00010290676837030333, "Test_loss": 0.02547316501537959, "Train_acc": 0.9406226505835851, "Test_acc": 0.886678417523702}, "1": {"Train_loss": 1.5759633948493563e-05, "Test_loss": 0.026182355359196663, "Train_acc": 0.7903862163938326, "Test_acc": 0.8869823416074117}}, "12": {"0": {"Train_loss": 0.00011503736083492791, "Test_loss": 0.027229692166050274, "Train_acc": 0.9367502947648366, "Test_acc": 0.8807823061943054}, "1": {"Train_loss": 4.8456001642425065e-05, "Test_loss": 0.02797120437026024, "Train_acc": 0.7730676912028214, "Test_acc": 0.8820080558458964}}, "13": {"0": {"Train_loss": 3.421795666630108e-05, "Test_loss": 0.028944929440816242, "Train_acc": 0.9321423292160034, "Test_acc": 0.8655073245366415}, "1": {"Train_loss": 4.155462600716293e-05, "Test_loss": 0.029260802393158276, "Train_acc": 0.7561195872980973, "Test_acc": 0.8781565427780151}}, "14": {"0": {"Train_loss": 1.4227904997217895e-05, "Test_loss": 0.030534060671925545, "Train_acc": 0.9278924365838369, "Test_acc": 0.8627403974533081}, "1": {"Train_loss": 3.9646205770058544e-05, "Test_loss": 0.03070887674887975, "Train_acc": 0.738911882556718, "Test_acc": 0.8637385567029318}}, "15": {"0": {"Train_loss": 4.0452349518697396e-05, "Test_loss": 0.032110718389352165, "Train_acc": 0.9253376017014185, "Test_acc": 0.8485233386357626}, "1": {"Train_loss": 5.7833228279848516e-05, "Test_loss": 0.03232305869460106, "Train_acc": 0.7145553724519138, "Test_acc": 0.8520111640294393}}, "16": {"0": {"Train_loss": 3.0404277155563855e-05, "Test_loss": 0.03349541127681732, "Train_acc": 0.9202517578999202, "Test_acc": 0.8418451348940531}, "1": {"Train_loss": 6.69068566163207e-05, "Test_loss": 0.03367955610156059, "Train_acc": 0.7108603541193337, "Test_acc": 0.8450304865837097}}, "17": {"0": {"Train_loss": 4.267672470632533e-05, "Test_loss": 0.03421699938674768, "Train_acc": 0.9148286481698354, "Test_acc": 0.8372078935305277}, "1": {"Train_loss": 9.733260569568113e-05, "Test_loss": 0.035360388457775116, "Train_acc": 0.692844459722782, "Test_acc": 0.8310244480768839}}, "18": {"0": {"Train_loss": 1.5766591089535117e-05, "Test_loss": 0.03577708204587301, "Train_acc": 0.9144574870665868, "Test_acc": 0.8244492014249166}, "1": {"Train_loss": 1.9167725895385956e-05, "Test_loss": 0.036134897420803704, "Train_acc": 0.6845396993489101, "Test_acc": 0.8361117839813232}}, "19": {"0": {"Train_loss": 1.898710744020112e-05, "Test_loss": 0.03719981014728546, "Train_acc": 0.9111059645811717, "Test_acc": 0.8181029955546061}, "1": {"Train_loss": 2.9804678637572517e-05, "Test_loss": 0.0374432827035586, "Train_acc": 0.6599248133856674, "Test_acc": 0.8298519849777222}}}