{"0": {"0": {"Train_loss": 0.0024214672623202203, "Test_loss": 0.00193305395077914, "Train_acc": 0.9865586737791697, "Test_acc": 0.9897907376289368}, "1": {"Train_loss": 0.003248038561211835, "Test_loss": 0.005369390981892745, "Train_acc": 0.964497820056718, "Test_acc": 0.9690517584482828}}, "1": {"0": {"Train_loss": 0.0005627141193447945, "Test_loss": 0.005904851481318474, "Train_acc": 0.9604129751523336, "Test_acc": 0.9681248863538107}, "1": {"Train_loss": 0.0015923665025560506, "Test_loss": 0.00821851845830679, "Train_acc": 0.947279706083495, "Test_acc": 0.9550838867823283}}, "2": {"0": {"Train_loss": 0.0004396489142285039, "Test_loss": 0.008011927828192711, "Train_acc": 0.9494650711615881, "Test_acc": 0.9581648111343384}, "1": {"Train_loss": 0.0012967058985317447, "Test_loss": 0.010270323293904463, "Train_acc": 0.9315420502218706, "Test_acc": 0.9433881839116415}}, "3": {"0": {"Train_loss": 0.0003635306629197051, "Test_loss": 0.010591428106029829, "Train_acc": 0.9374899317820867, "Test_acc": 0.9477114081382751}, "1": {"Train_loss": 0.00115523684834098, "Test_loss": 0.012349420227110386, "Train_acc": 0.9203755629473719, "Test_acc": 0.9338249166806539}}, "4": {"0": {"Train_loss": 0.0003646833278859655, "Test_loss": 0.012313584486643473, "Train_acc": 0.9246241400639216, "Test_acc": 0.937545379002889}, "1": {"Train_loss": 0.0009918116346194312, "Test_loss": 0.013962189356486002, "Train_acc": 0.9107201459078953, "Test_acc": 0.923115869363149}}, "5": {"0": {"Train_loss": 0.0003180780161831838, "Test_loss": 0.01382230781018734, "Train_acc": 0.9149132162332535, "Test_acc": 0.9288492202758789}, "1": {"Train_loss": 0.0009031614724241583, "Test_loss": 0.015857323072850704, "Train_acc": 0.9007414517731502, "Test_acc": 0.9165305495262146}}, "6": {"0": {"Train_loss": 0.0003853488674697777, "Test_loss": 0.015992780216038227, "Train_acc": 0.9081450680891673, "Test_acc": 0.9205282727877299}, "1": {"Train_loss": 0.0009156907246255412, "Test_loss": 0.01748914426813523, "Train_acc": 0.8920895375054458, "Test_acc": 0.9092610677083334}}, "7": {"0": {"Train_loss": 0.00024258107611482653, "Test_loss": 0.017359569979210693, "Train_acc": 0.9005161345005035, "Test_acc": 0.91357421875}, "1": {"Train_loss": 0.0007694200632676225, "Test_loss": 0.019036718954642613, "Train_acc": 0.88408539829583, "Test_acc": 0.9012922843297323}}, "8": {"0": {"Train_loss": 0.00935769762727432, "Test_loss": 0.020148508871595066, "Train_acc": 0.7891739149888356, "Test_acc": 0.9063911636670431}, "1": {"Train_loss": 0.0007468005190683721, "Test_loss": 0.020163254191478092, "Train_acc": 0.8797328071347599, "Test_acc": 0.8991663257280985}}, "9": {"0": {"Train_loss": 0.0002331892018749689, "Test_loss": 0.020075758919119835, "Train_acc": 0.8867204278707504, "Test_acc": 0.9012872378031412}, "1": {"Train_loss": 0.0007176078948320757, "Test_loss": 0.020955224211017292, "Train_acc": 0.8745665159718744, "Test_acc": 0.8956936200459799}}, "10": {"0": {"Train_loss": 0.0002733663068890261, "Test_loss": 0.021896035720904667, "Train_acc": 0.8804979453484217, "Test_acc": 0.8972398440043131}, "1": {"Train_loss": 0.0006740785862222828, "Test_loss": 0.02267146420975526, "Train_acc": 0.8675750627599913, "Test_acc": 0.888143261273702}}, "11": {"0": {"Train_loss": 0.00029693705752530754, "Test_loss": 0.022609627495209377, "Train_acc": 0.8763886650403341, "Test_acc": 0.8959975242614746}, "1": {"Train_loss": 0.0006619705065908231, "Test_loss": 0.023436877876520157, "Train_acc": 0.8645431276025444, "Test_acc": 0.8843299150466919}}, "12": {"0": {"Train_loss": 0.007457595418478983, "Test_loss": 0.023506780465443928, "Train_acc": 0.7789096057415008, "Test_acc": 0.8867763678232828}, "1": {"Train_loss": 0.0006209019750180044, "Test_loss": 0.025430435314774513, "Train_acc": 0.8613452675013706, "Test_acc": 0.8789271314938863}}, "13": {"0": {"Train_loss": 0.007236628341100489, "Test_loss": 0.02511397935450077, "Train_acc": 0.7660565664370854, "Test_acc": 0.8829032381375631}, "1": {"Train_loss": 0.0006527322041400676, "Test_loss": 0.027006233111023903, "Train_acc": 0.8510181965499088, "Test_acc": 0.8724664052327474}}, "14": {"0": {"Train_loss": 0.00021725811917955678, "Test_loss": 0.02690217023094495, "Train_acc": 0.866073680917422, "Test_acc": 0.8794218897819519}, "1": {"Train_loss": 0.0005747146145761784, "Test_loss": 0.02803233079612255, "Train_acc": 0.8537911433598091, "Test_acc": 0.8722985982894897}}, "15": {"0": {"Train_loss": 0.00017724134183178347, "Test_loss": 0.028204862028360367, "Train_acc": 0.8593444605668386, "Test_acc": 0.8769372701644897}, "1": {"Train_loss": 0.0005165779795537799, "Test_loss": 0.0292454082518816, "Train_acc": 0.846912348064883, "Test_acc": 0.8667229811350504}}, "16": {"0": {"Train_loss": 0.0001720793896917409, "Test_loss": 0.028924727191527683, "Train_acc": 0.8587481200695037, "Test_acc": 0.8783473968505859}, "1": {"Train_loss": 0.0005740206944555493, "Test_loss": 0.030063793684045475, "Train_acc": 0.8450137140422032, "Test_acc": 0.8657132983207703}}, "17": {"0": {"Train_loss": 0.005797232293116394, "Test_loss": 0.03048182651400566, "Train_acc": 0.7622452874978384, "Test_acc": 0.8719680507977804}, "1": {"Train_loss": 0.0005111516907947652, "Test_loss": 0.03225304993490378, "Train_acc": 0.8417809554215135, "Test_acc": 0.8626107573509216}}, "18": {"0": {"Train_loss": 0.00018180905681219883, "Test_loss": 0.0323558704306682, "Train_acc": 0.8338484615087509, "Test_acc": 0.8590365052223206}, "1": {"Train_loss": 0.0006134287390962307, "Test_loss": 0.03346450130144755, "Train_acc": 0.8215872347354889, "Test_acc": 0.8460603356361389}}, "19": {"0": {"Train_loss": 0.00014331834427139256, "Test_loss": 0.03411667048931122, "Train_acc": 0.8221948156754176, "Test_acc": 0.8434079090754191}, "1": {"Train_loss": 0.0005103537310035257, "Test_loss": 0.03442611110707124, "Train_acc": 0.8100833903098928, "Test_acc": 0.844253400961558}}}