{"0": {"0": {"Train_loss": 0.001293549764280518, "Test_loss": 0.00483536363268892, "Train_acc": 0.9932630608479182, "Test_acc": 0.9710797866185507}, "1": {"Train_loss": 0.003438490996908011, "Test_loss": 0.010515941927830378, "Train_acc": 0.9350105308253189, "Test_acc": 0.9470286766688029}}, "1": {"0": {"Train_loss": 0.0004122743969977212, "Test_loss": 0.011372286826372147, "Train_acc": 0.9394846697648366, "Test_acc": 0.9482378562291464}, "1": {"Train_loss": 0.001101780328538333, "Test_loss": 0.017325830024977524, "Train_acc": 0.9212829388421158, "Test_acc": 0.9162813623746237}}, "2": {"0": {"Train_loss": 0.00027418629373035703, "Test_loss": 0.018461365563174088, "Train_acc": 0.891952587167422, "Test_acc": 0.9193457365036011}, "1": {"Train_loss": 0.0008503380301809902, "Test_loss": 0.0226496160030365, "Train_acc": 0.9078706646787709, "Test_acc": 0.8910463054974874}}, "3": {"0": {"Train_loss": 0.0002370087005450235, "Test_loss": 0.02595081366598606, "Train_acc": 0.8297119975090027, "Test_acc": 0.882736881573995}, "1": {"Train_loss": 0.0007378042701647842, "Test_loss": 0.031928570941090584, "Train_acc": 0.8954337280372093, "Test_acc": 0.8354254563649496}}, "4": {"0": {"Train_loss": 0.00027186274479997034, "Test_loss": 0.03308774965504805, "Train_acc": 0.7459219286839167, "Test_acc": 0.8338626623153687}, "1": {"Train_loss": 0.0005861252108749388, "Test_loss": 0.03820095583796501, "Train_acc": 0.8851513513203325, "Test_acc": 0.7942708333333334}}, "5": {"0": {"Train_loss": 0.00020307658487581648, "Test_loss": 0.03828246394793192, "Train_acc": 0.6718182851870854, "Test_acc": 0.8059218923250834}, "1": {"Train_loss": 0.0005713796051387707, "Test_loss": 0.043647319078445435, "Train_acc": 0.8760610541393017, "Test_acc": 0.7425166169802347}}, "6": {"0": {"Train_loss": 0.00017400449432898314, "Test_loss": 0.043640741457541786, "Train_acc": 0.5828329702218373, "Test_acc": 0.7675990064938863}, "1": {"Train_loss": 0.0005187956457716766, "Test_loss": 0.0511207270125548, "Train_acc": 0.8648700765494642, "Test_acc": 0.606704572836558}}, "7": {"0": {"Train_loss": 0.00013610230053018313, "Test_loss": 0.05302506064375242, "Train_acc": 0.3112287908792496, "Test_acc": 0.5962958335876465}, "1": {"Train_loss": 0.00044490197263979194, "Test_loss": 0.058632550140221916, "Train_acc": 0.8476972713552672, "Test_acc": 0.5233539541562399}}, "8": {"0": {"Train_loss": 0.0019845590068143792, "Test_loss": 0.060968092332283653, "Train_acc": 0.18659793809056283, "Test_acc": 0.5238638520240784}, "1": {"Train_loss": 0.0004056588589045187, "Test_loss": 0.06372730309764545, "Train_acc": 0.8357868821456514, "Test_acc": 0.49939072132110596}}, "9": {"0": {"Train_loss": 0.0001045122498908313, "Test_loss": 0.06494602312644322, "Train_acc": 0.15478314260641735, "Test_acc": 0.5005516608556112}, "1": {"Train_loss": 0.00032038605874324023, "Test_loss": 0.06766499827305476, "Train_acc": 0.8254836890204199, "Test_acc": 0.4729464848836263}}, "10": {"0": {"Train_loss": 8.631610216980334e-05, "Test_loss": 0.0688679963350296, "Train_acc": 0.10926895402371883, "Test_acc": 0.4717524250348409}, "1": {"Train_loss": 0.0002895350465631305, "Test_loss": 0.0713229129711787, "Train_acc": 0.815662348064883, "Test_acc": 0.43347276250521344}}, "11": {"0": {"Train_loss": 7.789464373975837e-05, "Test_loss": 0.07327658186356227, "Train_acc": 0.04847374353557825, "Test_acc": 0.43301112453142804}, "1": {"Train_loss": 0.0002486592578673575, "Test_loss": 0.07466748356819153, "Train_acc": 0.8074035069038128, "Test_acc": 0.4273541172345479}}, "12": {"0": {"Train_loss": 7.124729024023205e-05, "Test_loss": 0.07727148135503133, "Train_acc": 0.04129013636459907, "Test_acc": 0.41174856821695965}, "1": {"Train_loss": 0.0002202359233894546, "Test_loss": 0.07750349988540013, "Train_acc": 0.7815169465952906, "Test_acc": 0.4180681308110555}}, "13": {"0": {"Train_loss": 6.08175456970154e-05, "Test_loss": 0.07877770811319351, "Train_acc": 0.04076796068499486, "Test_acc": 0.4060634771982829}, "1": {"Train_loss": 0.0001705682858802651, "Test_loss": 0.07885270069042842, "Train_acc": 0.7692710366742365, "Test_acc": 0.4107554356257121}}, "14": {"0": {"Train_loss": 4.497950509782337e-05, "Test_loss": 0.08020532627900441, "Train_acc": 0.04007664838184913, "Test_acc": 0.39557839433352154}, "1": {"Train_loss": 0.00014611377853976465, "Test_loss": 0.08070601522922516, "Train_acc": 0.7439728636166145, "Test_acc": 0.39522622028986615}}, "15": {"0": {"Train_loss": 4.134059884866777e-05, "Test_loss": 0.08175086478392284, "Train_acc": 0.03856884930282831, "Test_acc": 0.3797006110350291}, "1": {"Train_loss": 0.00012637884330991977, "Test_loss": 0.08181905746459961, "Train_acc": 0.7164968652971859, "Test_acc": 0.3784914215405782}}, "16": {"0": {"Train_loss": 3.315079681366721e-05, "Test_loss": 0.08326939741770427, "Train_acc": 0.037352676627536614, "Test_acc": 0.36885687708854675}, "1": {"Train_loss": 0.00012789439366817283, "Test_loss": 0.08309697359800339, "Train_acc": 0.6948214635766786, "Test_acc": 0.37241599957148236}}, "17": {"0": {"Train_loss": 3.0096196799907677e-05, "Test_loss": 0.08405852317810059, "Train_acc": 0.03589689377695322, "Test_acc": 0.3575248618920644}, "1": {"Train_loss": 0.0001006919311325403, "Test_loss": 0.08420121918121974, "Train_acc": 0.6359589284863966, "Test_acc": 0.35481266180674237}}, "18": {"0": {"Train_loss": 2.8800787822547137e-05, "Test_loss": 0.08576997369527817, "Train_acc": 0.03162485233818491, "Test_acc": 0.32708434263865155}, "1": {"Train_loss": 0.00040130291820568003, "Test_loss": 0.08578020334243774, "Train_acc": 0.5595103101483707, "Test_acc": 0.3156493405501048}}, "19": {"0": {"Train_loss": 2.153638430778907e-05, "Test_loss": 0.08701582004626592, "Train_acc": 0.02904014978557825, "Test_acc": 0.29664382338523865}, "1": {"Train_loss": 8.040927097117046e-05, "Test_loss": 0.08640819042921066, "Train_acc": 0.5328112753300831, "Test_acc": 0.3023274739583333}}}