{"0": {"Test_loss": 0.07831105838219325, "Test_acc": 0.9826955397923788, "Train_loss": 0.07681072509642374, "Train_acc": 0.9818701451107607}, "1": {"Test_loss": 0.09431127707163493, "Test_acc": 0.7370598316192627, "Train_loss": 0.0929885283112526, "Train_acc": 0.75267037446216}, "2": {"Test_loss": 0.07208180179198583, "Test_acc": 0.9826955397923788, "Train_loss": 0.07030922761660512, "Train_acc": 0.9825322213819472}, "3": {"Test_loss": 0.08964221427838008, "Test_acc": 0.7863524754842123, "Train_loss": 0.08768830448389053, "Train_acc": 0.8085661636570752}, "4": {"Test_loss": 0.06738710403442383, "Test_acc": 0.9815778334935507, "Train_loss": 0.06565636238556798, "Train_acc": 0.9812577245599132}, "5": {"Test_loss": 0.08480868240197499, "Test_acc": 0.8382463852564493, "Train_loss": 0.08262507503820678, "Train_acc": 0.8527652722294048}, "6": {"Test_loss": 0.06323092058300972, "Test_acc": 0.9817240238189697, "Train_loss": 0.0614265265669358, "Train_acc": 0.9813680704367362}, "7": {"Test_loss": 0.0810968205332756, "Test_acc": 0.8545195460319519, "Train_loss": 0.07876954991686141, "Train_acc": 0.870426156763303}, "8": {"Test_loss": 0.060243787864844, "Test_acc": 0.9806228677431742, "Train_loss": 0.058454342281161725, "Train_acc": 0.9804356461864406}, "9": {"Test_loss": 0.07774001359939575, "Test_acc": 0.8629218737284342, "Train_loss": 0.07536487009818271, "Train_acc": 0.8785531429921166}, "10": {"Test_loss": 0.057521041482686996, "Test_acc": 0.9804601073265076, "Train_loss": 0.05571591730971458, "Train_acc": 0.980717028601695}, "11": {"Test_loss": 0.07429124663273494, "Test_acc": 0.8783214688301086, "Train_loss": 0.07185539072853024, "Train_acc": 0.8936760683180922}, "12": {"Test_loss": 0.05524903660019239, "Test_acc": 0.979114810625712, "Train_loss": 0.05349008034977872, "Train_acc": 0.9799556408898306}, "13": {"Test_loss": 0.07112135738134384, "Test_acc": 0.8884162108103434, "Train_loss": 0.06862897526914791, "Train_acc": 0.9020623675847458}, "14": {"Test_loss": 0.05311552186806997, "Test_acc": 0.9786863128344218, "Train_loss": 0.05133945068691747, "Train_acc": 0.979900468203981}, "15": {"Test_loss": 0.06867542614539464, "Test_acc": 0.8897665540377299, "Train_loss": 0.06610722852460409, "Train_acc": 0.9047382595175404}, "16": {"Test_loss": 0.050423428416252136, "Test_acc": 0.9783989588419596, "Train_loss": 0.048661699897404445, "Train_acc": 0.9802646101531336}, "17": {"Test_loss": 0.06575656061371167, "Test_acc": 0.9013909498850504, "Train_loss": 0.06316453609931266, "Train_acc": 0.9138197388689396}, "18": {"Test_loss": 0.04824485505620638, "Test_acc": 0.9783989588419596, "Train_loss": 0.04658335062154269, "Train_acc": 0.9806839247881356}, "19": {"Test_loss": 0.06354045495390892, "Test_acc": 0.908263623714447, "Train_loss": 0.06097143825332997, "Train_acc": 0.9206667108050848}, "20": {"Test_loss": 0.046593026568492256, "Test_acc": 0.9789902170499166, "Train_loss": 0.04494743289078696, "Train_acc": 0.980308748402838}, "21": {"Test_loss": 0.061484420051177345, "Test_acc": 0.9117514491081238, "Train_loss": 0.0589135276564097, "Train_acc": 0.9239826096316516}, "22": {"Test_loss": 0.04451849187413851, "Test_acc": 0.9788490732510885, "Train_loss": 0.04295515092247623, "Train_acc": 0.9808990995762712}, "23": {"Test_loss": 0.05949777364730835, "Test_acc": 0.9164218107859293, "Train_loss": 0.05697004939034834, "Train_acc": 0.9281812764830508}, "24": {"Test_loss": 0.04283644879857699, "Test_acc": 0.9790715972582499, "Train_loss": 0.04132136317380404, "Train_acc": 0.9810480667372882}, "25": {"Test_loss": 0.057477867851654686, "Test_acc": 0.9228493968645731, "Train_loss": 0.054953272659647265, "Train_acc": 0.9350006620762712}, "26": {"Test_loss": 0.04139091074466705, "Test_acc": 0.978480339050293, "Train_loss": 0.03992161419937166, "Train_acc": 0.9810039284875838}, "27": {"Test_loss": 0.055627973129351936, "Test_acc": 0.93015056848526, "Train_loss": 0.053133148005453205, "Train_acc": 0.9417207362288136}, "28": {"Test_loss": 0.04000726963082949, "Test_acc": 0.9791313807169596, "Train_loss": 0.03857582693887969, "Train_acc": 0.9814287605932204}, "29": {"Test_loss": 0.05396681403120359, "Test_acc": 0.9328678051630656, "Train_loss": 0.05152402600368201, "Train_acc": 0.9430283368644068}, "30": {"Test_loss": 0.039097494135300316, "Test_acc": 0.9788058598836263, "Train_loss": 0.037684682219968006, "Train_acc": 0.9812522070892786}, "31": {"Test_loss": 0.052161707232395806, "Test_acc": 0.9404181639353434, "Train_loss": 0.04974935042782355, "Train_acc": 0.9495939268904218}, "32": {"Test_loss": 0.03830194349090258, "Test_acc": 0.9781929850578308, "Train_loss": 0.03691274293903577, "Train_acc": 0.980568061440678}, "33": {"Test_loss": 0.05064025024573008, "Test_acc": 0.9423115054766337, "Train_loss": 0.048311429319240276, "Train_acc": 0.951977401466693}, "34": {"Test_loss": 0.03724021837115288, "Test_acc": 0.9779272278149923, "Train_loss": 0.035894734911241774, "Train_acc": 0.9804908193774142}, "35": {"Test_loss": 0.04925676311055819, "Test_acc": 0.9441667000452677, "Train_loss": 0.04698110662274441, "Train_acc": 0.953632592144659}, "36": {"Test_loss": 0.03615457812945048, "Test_acc": 0.9778458476066589, "Train_loss": 0.03487180489099632, "Train_acc": 0.980717028601695}, "37": {"Test_loss": 0.0478622242808342, "Test_acc": 0.9460218747456869, "Train_loss": 0.04567213807949575, "Train_acc": 0.955486405703981}, "38": {"Test_loss": 0.03544584413369497, "Test_acc": 0.9769506653149923, "Train_loss": 0.034177147278214914, "Train_acc": 0.9800715042372882}, "39": {"Test_loss": 0.04660031944513321, "Test_acc": 0.9503069321314493, "Train_loss": 0.04446814698561773, "Train_acc": 0.95846574892432}}