{"0": {"Test_loss": 0.06028573463360468, "Test_acc": 0.9555822412172953, "Train_loss": 0.0593960660241418, "Train_acc": 0.9553484729791092}, "1": {"Test_loss": 0.09700271487236023, "Test_acc": 0.312798152367274, "Train_loss": 0.09625165505429446, "Train_acc": 0.333416092951419}, "2": {"Test_loss": 0.05695010100801786, "Test_acc": 0.9503523111343384, "Train_loss": 0.05600982544533277, "Train_acc": 0.949417372881356}, "3": {"Test_loss": 0.09351436545451482, "Test_acc": 0.4039166172345479, "Train_loss": 0.09253104233135612, "Train_acc": 0.4235577772734529}, "4": {"Test_loss": 0.0552831602593263, "Test_acc": 0.9504171212514242, "Train_loss": 0.05426307499282441, "Train_acc": 0.9504215222294048}, "5": {"Test_loss": 0.09038660675287247, "Test_acc": 0.46379733085632324, "Train_loss": 0.08914357265931065, "Train_acc": 0.4877019332627119}, "6": {"Test_loss": 0.053365336110194526, "Test_acc": 0.9532056649525961, "Train_loss": 0.05223965749018273, "Train_acc": 0.9529870677802522}, "7": {"Test_loss": 0.08734665314356486, "Test_acc": 0.5113809903462728, "Train_loss": 0.08591381801387012, "Train_acc": 0.5375838633310996}, "8": {"Test_loss": 0.0520323800543944, "Test_acc": 0.9479440251986185, "Train_loss": 0.05092659778892994, "Train_acc": 0.9480656339960584}, "9": {"Test_loss": 0.0845314512650172, "Test_acc": 0.547642707824707, "Train_loss": 0.08293892367411468, "Train_acc": 0.5765029131355932}, "10": {"Test_loss": 0.05138896902402242, "Test_acc": 0.9432571132977804, "Train_loss": 0.05033454264245801, "Train_acc": 0.943668344263303}, "11": {"Test_loss": 0.08181571215391159, "Test_acc": 0.582479198773702, "Train_loss": 0.08012678802518522, "Train_acc": 0.6135571154497438}, "12": {"Test_loss": 0.050447992980480194, "Test_acc": 0.9427637855211893, "Train_loss": 0.0493400780073667, "Train_acc": 0.945930438021482}, "13": {"Test_loss": 0.07914371540149052, "Test_acc": 0.6187358895937601, "Train_loss": 0.07739800606238639, "Train_acc": 0.6458498855768624}, "14": {"Test_loss": 0.04981719081600507, "Test_acc": 0.9461435874303182, "Train_loss": 0.04870555862405543, "Train_acc": 0.9493235789113126}, "15": {"Test_loss": 0.07675398389498393, "Test_acc": 0.6397723158200582, "Train_loss": 0.07495060278955153, "Train_acc": 0.6691108315677966}, "16": {"Test_loss": 0.04909276341398557, "Test_acc": 0.9495017727216085, "Train_loss": 0.047918113990355345, "Train_acc": 0.9524243029497438}, "17": {"Test_loss": 0.07473054776589076, "Test_acc": 0.6624514659245809, "Train_loss": 0.07289964629937026, "Train_acc": 0.690677966101695}, "18": {"Test_loss": 0.04854175075888634, "Test_acc": 0.9519100586573283, "Train_loss": 0.047382112087334616, "Train_acc": 0.9531415519067796}, "19": {"Test_loss": 0.07262549549341202, "Test_acc": 0.6823852856953939, "Train_loss": 0.07072003817154189, "Train_acc": 0.7103250794491526}, "20": {"Test_loss": 0.04827012121677399, "Test_acc": 0.9506792624791464, "Train_loss": 0.047115265912676264, "Train_acc": 0.9527387891785574}, "21": {"Test_loss": 0.07025148719549179, "Test_acc": 0.7135546207427979, "Train_loss": 0.06830522373823797, "Train_acc": 0.7445709745762712}, "22": {"Test_loss": 0.047777307530244194, "Test_acc": 0.9494585593541464, "Train_loss": 0.046626979737716207, "Train_acc": 0.9517677436440678}, "23": {"Test_loss": 0.06829241414864858, "Test_acc": 0.7342374523480734, "Train_loss": 0.06630561873316765, "Train_acc": 0.7628166933180922}, "24": {"Test_loss": 0.04688440511624018, "Test_acc": 0.9539445638656616, "Train_loss": 0.04571945182347702, "Train_acc": 0.9574064268904218}, "25": {"Test_loss": 0.06641601274410884, "Test_acc": 0.7507597804069519, "Train_loss": 0.06445495449637963, "Train_acc": 0.7789713543350414}, "26": {"Test_loss": 0.04647809391220411, "Test_acc": 0.9540857076644897, "Train_loss": 0.04532550395292751, "Train_acc": 0.9577319475553804}, "27": {"Test_loss": 0.06465859338641167, "Test_acc": 0.7688233057657877, "Train_loss": 0.06270999597164534, "Train_acc": 0.7962515450130074}, "28": {"Test_loss": 0.04622711862126986, "Test_acc": 0.9508636395136515, "Train_loss": 0.04503906249873719, "Train_acc": 0.9551443326271186}, "29": {"Test_loss": 0.06288559238115947, "Test_acc": 0.7895543773969015, "Train_loss": 0.06099128394813861, "Train_acc": 0.814960717144659}, "30": {"Test_loss": 0.045967926581700645, "Test_acc": 0.9500664075215658, "Train_loss": 0.044829016298813334, "Train_acc": 0.9544326006355932}, "31": {"Test_loss": 0.06138708318273226, "Test_acc": 0.8032932281494141, "Train_loss": 0.05953028959111642, "Train_acc": 0.827804996805676}, "32": {"Test_loss": 0.04565254474679629, "Test_acc": 0.9518402020136515, "Train_loss": 0.04453617170200509, "Train_acc": 0.9554422669491526}, "33": {"Test_loss": 0.059906757126251854, "Test_acc": 0.8209700187047323, "Train_loss": 0.058097041922353085, "Train_acc": 0.8451569120762712}, "34": {"Test_loss": 0.045369620124499, "Test_acc": 0.9520029624303182, "Train_loss": 0.04423261970534163, "Train_acc": 0.9558008919327946}, "35": {"Test_loss": 0.058636702597141266, "Test_acc": 0.831064760684967, "Train_loss": 0.056831234971345485, "Train_acc": 0.8539018363265668}, "36": {"Test_loss": 0.04472817356387774, "Test_acc": 0.9541670878728231, "Train_loss": 0.043590408544671735, "Train_acc": 0.9579636742502956}, "37": {"Test_loss": 0.05748858427007993, "Test_acc": 0.841343879699707, "Train_loss": 0.055746714347752475, "Train_acc": 0.8618081302966102}, "38": {"Test_loss": 0.0446724034845829, "Test_acc": 0.9528218110402426, "Train_loss": 0.043545291964280405, "Train_acc": 0.9564850370762712}, "39": {"Test_loss": 0.056471885492404304, "Test_acc": 0.8459379076957703, "Train_loss": 0.054739031814417596, "Train_acc": 0.86666887392432}}