{"0": {"Test_loss": 0.06607111046711604, "Test_acc": 0.938761035601298, "Train_loss": 0.06489619720032659, "Train_acc": 0.9391993294327946}, "1": {"Test_loss": 0.0974016860127449, "Test_acc": 0.24789131681124368, "Train_loss": 0.09662695235367548, "Train_acc": 0.2772720251548088}, "2": {"Test_loss": 0.06183901304999987, "Test_acc": 0.9331573247909546, "Train_loss": 0.06061422572297565, "Train_acc": 0.9343385858050848}, "3": {"Test_loss": 0.09453239540259044, "Test_acc": 0.3437514404455821, "Train_loss": 0.09341509570762263, "Train_acc": 0.3720647952819275}, "4": {"Test_loss": 0.059845379243294396, "Test_acc": 0.9358428716659546, "Train_loss": 0.05839025690141371, "Train_acc": 0.9374282754073708}, "5": {"Test_loss": 0.09116244812806447, "Test_acc": 0.41019585728645325, "Train_loss": 0.08984926399790634, "Train_acc": 0.4393593310299566}, "6": {"Test_loss": 0.05838381374875704, "Test_acc": 0.9412838220596313, "Train_loss": 0.05680530774012461, "Train_acc": 0.9446007680084746}, "7": {"Test_loss": 0.08846818407376607, "Test_acc": 0.47337355216344196, "Train_loss": 0.08700456413424622, "Train_acc": 0.5027752033734726}, "8": {"Test_loss": 0.05655453105767568, "Test_acc": 0.940225879351298, "Train_loss": 0.05493743247273615, "Train_acc": 0.9450311175847458}, "9": {"Test_loss": 0.08562628676493962, "Test_acc": 0.5258882641792297, "Train_loss": 0.08404796532655166, "Train_acc": 0.5568778691655498}, "10": {"Test_loss": 0.055432608971993126, "Test_acc": 0.9419996738433838, "Train_loss": 0.053837718094809583, "Train_acc": 0.9465318241361844}, "11": {"Test_loss": 0.08298798153797786, "Test_acc": 0.5626000960667928, "Train_loss": 0.08133991915038076, "Train_acc": 0.5925582627118644}, "12": {"Test_loss": 0.05369374404350916, "Test_acc": 0.9422056476275126, "Train_loss": 0.052130149929957875, "Train_acc": 0.9467525158898306}, "13": {"Test_loss": 0.08056267350912094, "Test_acc": 0.602778156598409, "Train_loss": 0.07882109246516632, "Train_acc": 0.6279076186277098}, "14": {"Test_loss": 0.05272054051359495, "Test_acc": 0.9439146320025126, "Train_loss": 0.05117828714645515, "Train_acc": 0.9474587309158454}, "15": {"Test_loss": 0.07792146503925323, "Test_acc": 0.6336752772331238, "Train_loss": 0.07609690075456085, "Train_acc": 0.6565865556062278}, "16": {"Test_loss": 0.051878114541371666, "Test_acc": 0.9460139473279318, "Train_loss": 0.050354742871250135, "Train_acc": 0.9493015095338984}, "17": {"Test_loss": 0.07550537586212158, "Test_acc": 0.6797976891199747, "Train_loss": 0.0736707572083352, "Train_acc": 0.7006256620762712}, "18": {"Test_loss": 0.05125881855686506, "Test_acc": 0.9423417647679647, "Train_loss": 0.049709359783742385, "Train_acc": 0.9467359639830508}, "19": {"Test_loss": 0.07349903881549835, "Test_acc": 0.7009255687395731, "Train_loss": 0.07163353920993158, "Train_acc": 0.7199693241361844}, "20": {"Test_loss": 0.05053288365403811, "Test_acc": 0.9434429208437601, "Train_loss": 0.04902149509575408, "Train_acc": 0.9471828654661016}, "21": {"Test_loss": 0.07134334743022919, "Test_acc": 0.723881999651591, "Train_loss": 0.06949208695757186, "Train_acc": 0.7434564798565234}, "22": {"Test_loss": 0.04992965857187907, "Test_acc": 0.943990965684255, "Train_loss": 0.04842919720557787, "Train_acc": 0.9483083951271186}, "23": {"Test_loss": 0.06918059786160786, "Test_acc": 0.7517082691192627, "Train_loss": 0.06731128503205412, "Train_acc": 0.773117496805676}, "24": {"Test_loss": 0.04946529989441236, "Test_acc": 0.945357879002889, "Train_loss": 0.0479805978109776, "Train_acc": 0.9497649629237288}, "25": {"Test_loss": 0.06747571378946304, "Test_acc": 0.76706463098526, "Train_loss": 0.06561193880388293, "Train_acc": 0.7866073008310996}, "26": {"Test_loss": 0.04891264314452807, "Test_acc": 0.9476797183354696, "Train_loss": 0.04748276475880105, "Train_acc": 0.9510780810299566}, "27": {"Test_loss": 0.06566868970791499, "Test_acc": 0.7855883638064066, "Train_loss": 0.06378779222525782, "Train_acc": 0.8053881975553804}, "28": {"Test_loss": 0.04848875974615415, "Test_acc": 0.948536733786265, "Train_loss": 0.04712790837984974, "Train_acc": 0.9510063559322034}, "29": {"Test_loss": 0.06403554355104764, "Test_acc": 0.8005047043164571, "Train_loss": 0.062196925629751154, "Train_acc": 0.8195897335723296}, "30": {"Test_loss": 0.04803914080063502, "Test_acc": 0.9498006502787272, "Train_loss": 0.04668814120656353, "Train_acc": 0.9521925762548284}, "31": {"Test_loss": 0.06267017746965091, "Test_acc": 0.8128017584482828, "Train_loss": 0.060816677287220955, "Train_acc": 0.829857433246354}, "32": {"Test_loss": 0.04764511436223984, "Test_acc": 0.949025015036265, "Train_loss": 0.0463455848837808, "Train_acc": 0.9513263596316516}, "33": {"Test_loss": 0.0613167497018973, "Test_acc": 0.8214698235193888, "Train_loss": 0.0594650692922079, "Train_acc": 0.8392920201107607}, "34": {"Test_loss": 0.04732938607533773, "Test_acc": 0.9485583504041036, "Train_loss": 0.046060757269546136, "Train_acc": 0.9515856726694916}, "35": {"Test_loss": 0.06007058173418045, "Test_acc": 0.8305231928825378, "Train_loss": 0.05828755569912619, "Train_acc": 0.8504921435299566}, "36": {"Test_loss": 0.04694944992661476, "Test_acc": 0.9490466316541036, "Train_loss": 0.045728807605929296, "Train_acc": 0.9519167108050848}, "37": {"Test_loss": 0.05888238797585169, "Test_acc": 0.8404933412869772, "Train_loss": 0.05707971495970831, "Train_acc": 0.8587184411994482}, "38": {"Test_loss": 0.04657246793309847, "Test_acc": 0.9488572279612223, "Train_loss": 0.045345711411308436, "Train_acc": 0.9518836069915254}, "39": {"Test_loss": 0.057689182460308075, "Test_acc": 0.8457715312639872, "Train_loss": 0.055947711122995715, "Train_acc": 0.8634909078226252}}