{"0": {"0": {"Train_loss": 0.013810899915794532, "Test_loss": 0.02882694701353709, "Train_acc": 0.9961705992619196, "Test_acc": 0.9906643231709799}, "1": {"Train_loss": 0.02211388952002443, "Test_loss": 0.03621627949178219, "Train_acc": 0.9934003959442007, "Test_acc": 0.989481786886851}}, "1": {"0": {"Train_loss": 0.040058719273656604, "Test_loss": 0.031761048982540764, "Train_acc": 0.9902904172738393, "Test_acc": 0.9895250002543131}, "1": {"Train_loss": 0.03774605052352979, "Test_loss": 0.03458629113932451, "Train_acc": 0.9915703360376686, "Test_acc": 0.989096482594808}}, "2": {"0": {"Train_loss": 0.04795023476084073, "Test_loss": 0.03522610353926817, "Train_acc": 0.9887175142765046, "Test_acc": 0.9894104798634847}, "1": {"Train_loss": 0.04601068036823437, "Test_loss": 0.03527930068473021, "Train_acc": 0.9893594476683386, "Test_acc": 0.9887111981709799}}, "3": {"0": {"Train_loss": 0.055339775420725344, "Test_loss": 0.03771046921610832, "Train_acc": 0.9868724485238393, "Test_acc": 0.9885916511217753}, "1": {"Train_loss": 0.05291448938178605, "Test_loss": 0.037147038926680885, "Train_acc": 0.9885628911955603, "Test_acc": 0.9883856773376465}}, "4": {"0": {"Train_loss": 0.06198045965284109, "Test_loss": 0.039164608965317406, "Train_acc": 0.9857760816812515, "Test_acc": 0.9886730313301086}, "1": {"Train_loss": 0.06077137351806822, "Test_loss": 0.040205081924796104, "Train_acc": 0.9868228343026392, "Test_acc": 0.988119920094808}}, "5": {"0": {"Train_loss": 0.06848458908498287, "Test_loss": 0.0410977378487587, "Train_acc": 0.9850938300291697, "Test_acc": 0.9880817532539368}, "1": {"Train_loss": 0.06690679387799625, "Test_loss": 0.04048060936232408, "Train_acc": 0.9862503666302254, "Test_acc": 0.9878541827201843}}, "6": {"0": {"Train_loss": 0.07498192333926758, "Test_loss": 0.04434462015827497, "Train_acc": 0.9831407050291697, "Test_acc": 0.9866766929626465}, "1": {"Train_loss": 0.07439580900144988, "Test_loss": 0.044998797898491226, "Train_acc": 0.9837694692200628, "Test_acc": 0.9866334795951843}}, "7": {"0": {"Train_loss": 0.08126743473112583, "Test_loss": 0.046832588811715446, "Train_acc": 0.9827708860238393, "Test_acc": 0.9851038257280985}, "1": {"Train_loss": 0.07984993150778885, "Test_loss": 0.04687688127160072, "Train_acc": 0.9842972416302254, "Test_acc": 0.9860854148864746}}, "8": {"0": {"Train_loss": 0.08775912361840407, "Test_loss": 0.049477955947319664, "Train_acc": 0.9814674605925878, "Test_acc": 0.9859824379285177}, "1": {"Train_loss": 0.08566556491985403, "Test_loss": 0.04700777058800062, "Train_acc": 0.9831859808543633, "Test_acc": 0.9857980807622274}}, "9": {"0": {"Train_loss": 0.09196993273993333, "Test_loss": 0.05162130668759346, "Train_acc": 0.9815782050291697, "Test_acc": 0.9846969246864319}, "1": {"Train_loss": 0.08984342397286973, "Test_loss": 0.0506364069879055, "Train_acc": 0.9832980252545456, "Test_acc": 0.9853695631027222}}, "10": {"0": {"Train_loss": 0.095769980798165, "Test_loss": 0.05282996719082197, "Train_acc": 0.9805351962645849, "Test_acc": 0.984457810719808}, "1": {"Train_loss": 0.09577298793813278, "Test_loss": 0.05313436190287272, "Train_acc": 0.98177226144692, "Test_acc": 0.9833134611447653}}, "11": {"0": {"Train_loss": 0.10142511700590452, "Test_loss": 0.05440004914999008, "Train_acc": 0.9798425416151683, "Test_acc": 0.98361736536026}, "1": {"Train_loss": 0.10034297175448516, "Test_loss": 0.05459379653135935, "Train_acc": 0.9812775511166145, "Test_acc": 0.9836987455685934}}, "12": {"0": {"Train_loss": 0.10597728776435057, "Test_loss": 0.056871652603149414, "Train_acc": 0.9785092482964198, "Test_acc": 0.9826789697011312}, "1": {"Train_loss": 0.1040453528021944, "Test_loss": 0.055538371205329895, "Train_acc": 0.9813222463788658, "Test_acc": 0.9836771488189697}}, "13": {"0": {"Train_loss": 0.11082122574249903, "Test_loss": 0.05864649638533592, "Train_acc": 0.9780743261178334, "Test_acc": 0.9829663236935934}, "1": {"Train_loss": 0.10964854382749262, "Test_loss": 0.05886677900950114, "Train_acc": 0.9801662903407524, "Test_acc": 0.9829231103261312}}, "14": {"0": {"Train_loss": 0.11391923911869525, "Test_loss": 0.058440311501423516, "Train_acc": 0.9774806698163351, "Test_acc": 0.9826192061106364}, "1": {"Train_loss": 0.11362698108985506, "Test_loss": 0.06005369871854782, "Train_acc": 0.9794260623126194, "Test_acc": 0.9827221830685934}}, "15": {"0": {"Train_loss": 0.11800991085668405, "Test_loss": 0.0611808697382609, "Train_acc": 0.9775014758110047, "Test_acc": 0.98264080286026}, "1": {"Train_loss": 0.1167420225924459, "Test_loss": 0.06100547065337499, "Train_acc": 0.9794823907572647, "Test_acc": 0.9825162092844645}}, "16": {"0": {"Train_loss": 0.12112741706271966, "Test_loss": 0.0628986122707526, "Train_acc": 0.9769024511178335, "Test_acc": 0.9813768863677979}, "1": {"Train_loss": 0.1195941674041337, "Test_loss": 0.06180065994461378, "Train_acc": 0.9798521985267771, "Test_acc": 0.98215252161026}}, "17": {"0": {"Train_loss": 0.12445162758231162, "Test_loss": 0.06476963311433792, "Train_acc": 0.9770105103651683, "Test_acc": 0.9815180500348409}, "1": {"Train_loss": 0.12349155570926337, "Test_loss": 0.06315355002880096, "Train_acc": 0.9785388903371219, "Test_acc": 0.9819465478261312}}, "18": {"0": {"Train_loss": 0.12785564213991166, "Test_loss": 0.06608919550975163, "Train_acc": 0.9763269166151682, "Test_acc": 0.9804385105768839}, "1": {"Train_loss": 0.1271332579440084, "Test_loss": 0.06640012313922246, "Train_acc": 0.9784158252436539, "Test_acc": 0.9801129897435507}}, "19": {"0": {"Train_loss": 0.1329575601965189, "Test_loss": 0.06762513145804405, "Train_acc": 0.9758842756350835, "Test_acc": 0.9802375634511312}, "1": {"Train_loss": 0.13209124757298107, "Test_loss": 0.06899511193235715, "Train_acc": 0.9770572093026392, "Test_acc": 0.9804003238677979}}}