{"0": {"0": {"Train_loss": 0.0045359902937586105, "Test_loss": 0.3046716550985972, "Train_acc": 0.9988502730925878, "Test_acc": 0.9217655261357626}, "1": {"Train_loss": 0.012617522140097773, "Test_loss": 0.3006662925084432, "Train_acc": 0.9963857993997377, "Test_acc": 0.9173537095387777}}, "1": {"0": {"Train_loss": 0.3415133312344551, "Test_loss": 0.1425437331199646, "Train_acc": 0.9293532530466716, "Test_acc": 0.9641538262367249}, "1": {"Train_loss": 0.2747817643243691, "Test_loss": 0.09863483657439549, "Train_acc": 0.9450106528298609, "Test_acc": 0.974720279375712}}, "2": {"0": {"Train_loss": 0.28859698176383974, "Test_loss": 0.1172151118516922, "Train_acc": 0.9757319182157517, "Test_acc": 0.9789304534594218}, "1": {"Train_loss": 0.27437849471281317, "Test_loss": 0.11017754177252452, "Train_acc": 0.978068058860713, "Test_acc": 0.97971111536026}}, "3": {"0": {"Train_loss": 0.31549849261840185, "Test_loss": 0.1207878589630127, "Train_acc": 0.9759493798017502, "Test_acc": 0.9798738757769266}, "1": {"Train_loss": 0.3145183787263673, "Test_loss": 0.12339847286542256, "Train_acc": 0.9785052157681564, "Test_acc": 0.9800316095352173}}, "4": {"0": {"Train_loss": 0.34152821203072864, "Test_loss": 0.12986444930235544, "Train_acc": 0.9736630151669184, "Test_acc": 0.9798738757769266}, "1": {"Train_loss": 0.34338652727932767, "Test_loss": 0.1307332639892896, "Train_acc": 0.9747789717953781, "Test_acc": 0.978626529375712}}, "5": {"0": {"Train_loss": 0.3653220633665721, "Test_loss": 0.14206280807654062, "Train_acc": 0.9720105777184168, "Test_acc": 0.9771235187848409}, "1": {"Train_loss": 0.3672762621065666, "Test_loss": 0.1371835395693779, "Train_acc": 0.9732415748053583, "Test_acc": 0.9777911305427551}}, "6": {"0": {"Train_loss": 0.3868656565745672, "Test_loss": 0.1492463027437528, "Train_acc": 0.9699272443850835, "Test_acc": 0.9758329590161642}, "1": {"Train_loss": 0.3925908675481533, "Test_loss": 0.14867816120386124, "Train_acc": 0.9716809114505505, "Test_acc": 0.9760770996411642}}, "7": {"0": {"Train_loss": 0.4113700931270917, "Test_loss": 0.15705768764019012, "Train_acc": 0.9686251610517502, "Test_acc": 0.975550651550293}, "1": {"Train_loss": 0.41326852040044193, "Test_loss": 0.15545313556989035, "Train_acc": 0.9707723105775898, "Test_acc": 0.9758596022923788}}, "8": {"0": {"Train_loss": 0.43296484152475995, "Test_loss": 0.16303825875123343, "Train_acc": 0.9658609181642532, "Test_acc": 0.9739612142244974}, "1": {"Train_loss": 0.43313368435563715, "Test_loss": 0.1646408885717392, "Train_acc": 0.9692453217917475, "Test_acc": 0.974085807800293}}, "9": {"0": {"Train_loss": 0.4574805503090223, "Test_loss": 0.1731273184219996, "Train_acc": 0.9625275174776713, "Test_acc": 0.9728002746899923}, "1": {"Train_loss": 0.4469808905289091, "Test_loss": 0.17210103571414948, "Train_acc": 0.9684150907500036, "Test_acc": 0.9720030426979065}}, "10": {"0": {"Train_loss": 0.47973341941833497, "Test_loss": 0.17898841202259064, "Train_acc": 0.9608126610517502, "Test_acc": 0.9712324539820353}, "1": {"Train_loss": 0.46041153833783904, "Test_loss": 0.18204009036223093, "Train_acc": 0.967617921788117, "Test_acc": 0.9690301418304443}}, "11": {"0": {"Train_loss": 0.500970987478892, "Test_loss": 0.18815389275550842, "Train_acc": 0.956398664911588, "Test_acc": 0.9696430166562399}, "1": {"Train_loss": 0.4731021061025817, "Test_loss": 0.19149757424990335, "Train_acc": 0.967583634730043, "Test_acc": 0.9685634771982828}}, "12": {"0": {"Train_loss": 0.5144935275117556, "Test_loss": 0.19657152394453684, "Train_acc": 0.955772457520167, "Test_acc": 0.9685800274213155}, "1": {"Train_loss": 0.4937110502144386, "Test_loss": 0.1948244422674179, "Train_acc": 0.965922560157447, "Test_acc": 0.9684388836224874}}, "13": {"0": {"Train_loss": 0.528742308417956, "Test_loss": 0.20340401430924734, "Train_acc": 0.9548036128282547, "Test_acc": 0.9680917461713155}, "1": {"Train_loss": 0.5165573065650875, "Test_loss": 0.20317999025185904, "Train_acc": 0.9639026985086244, "Test_acc": 0.9661551912625631}}, "14": {"0": {"Train_loss": 0.5449445197979609, "Test_loss": 0.21311619381109873, "Train_acc": 0.9519195655981699, "Test_acc": 0.9654609362284342}, "1": {"Train_loss": 0.5362730632568228, "Test_loss": 0.20948856075604758, "Train_acc": 0.9627240885948313, "Test_acc": 0.9662200013796488}}, "15": {"0": {"Train_loss": 0.559328888853391, "Test_loss": 0.21854716539382935, "Train_acc": 0.950833601752917, "Test_acc": 0.9659708340962728}, "1": {"Train_loss": 0.5497765633566626, "Test_loss": 0.2185843288898468, "Train_acc": 0.9613330230630678, "Test_acc": 0.9636871417363485}}, "16": {"0": {"Train_loss": 0.5664972136418025, "Test_loss": 0.22690133253733316, "Train_acc": 0.9520407130320867, "Test_acc": 0.9627487460772196}, "1": {"Train_loss": 0.5780281619778995, "Test_loss": 0.2236917863289515, "Train_acc": 0.9593915302177956, "Test_acc": 0.9647069176038107}}, "17": {"0": {"Train_loss": 0.5818365941445033, "Test_loss": 0.23228538036346436, "Train_acc": 0.9502268572648366, "Test_acc": 0.9620163242022196}, "1": {"Train_loss": 0.5913887003372456, "Test_loss": 0.23337886234124502, "Train_acc": 0.9585704834296785, "Test_acc": 0.962243894735972}}, "18": {"0": {"Train_loss": 0.5951682875553767, "Test_loss": 0.24119462569554648, "Train_acc": 0.9495003084341685, "Test_acc": 0.9616310397783915}, "1": {"Train_loss": 0.607752675640172, "Test_loss": 0.2396832158168157, "Train_acc": 0.9569883911774076, "Test_acc": 0.9609367847442627}}, "19": {"0": {"Train_loss": 0.6085848947366078, "Test_loss": 0.2499614655971527, "Train_acc": 0.9472750206788381, "Test_acc": 0.9591413736343384}, "1": {"Train_loss": 0.6178339318982486, "Test_loss": 0.2477614233891169, "Train_acc": 0.956012441166516, "Test_acc": 0.9592443505922953}}}