{"0": {"0": {"Train_loss": 0.0039287454797886315, "Test_loss": 13.933391253153482, "Train_acc": 0.9990130335092544, "Test_acc": 0.5134032567342123}, "1": {"Train_loss": 0.00991716051217297, "Test_loss": 14.269957542419434, "Train_acc": 0.9968909179342205, "Test_acc": 0.4830707510312398}}, "1": {"0": {"Train_loss": 0.9506540129582087, "Test_loss": 0.4979461232821147, "Train_acc": 0.6542777458826701, "Test_acc": 0.8239220380783081}, "1": {"Train_loss": 0.9610708520330232, "Test_loss": 0.3938724994659424, "Train_acc": 0.6602713558180578, "Test_acc": 0.8649239738782247}}, "2": {"0": {"Train_loss": 0.7869125346342722, "Test_loss": 0.36067502697308856, "Train_acc": 0.9668243924776713, "Test_acc": 0.9499353170394897}, "1": {"Train_loss": 0.8493156772235344, "Test_loss": 0.31696054339408875, "Train_acc": 0.9359877047867611, "Test_acc": 0.9568144679069519}}, "3": {"0": {"Train_loss": 0.7259453078111012, "Test_loss": 0.3396296501159668, "Train_acc": 0.9718243261178334, "Test_acc": 0.9572631518046061}, "1": {"Train_loss": 0.8173823171648485, "Test_loss": 0.32514187693595886, "Train_acc": 0.9347307250417513, "Test_acc": 0.9596779147783915}}, "4": {"0": {"Train_loss": 0.7056242058674494, "Test_loss": 0.3409439225991567, "Train_acc": 0.9720978299776714, "Test_acc": 0.9529399077097574}, "1": {"Train_loss": 0.8312076833741419, "Test_loss": 0.33193854490915936, "Train_acc": 0.9249865299668806, "Test_acc": 0.9565472801526388}}, "5": {"0": {"Train_loss": 0.7091477533181508, "Test_loss": 0.34992849826812744, "Train_acc": 0.9686473091443379, "Test_acc": 0.9513288736343384}, "1": {"Train_loss": 0.8441943248798107, "Test_loss": 0.3381932775179545, "Train_acc": 0.9242236480630678, "Test_acc": 0.9560921390851339}}, "6": {"0": {"Train_loss": 0.7257293661435446, "Test_loss": 0.35692302385965985, "Train_acc": 0.9641044477621714, "Test_acc": 0.9485237797101339}, "1": {"Train_loss": 0.8622325175795061, "Test_loss": 0.35009830196698505, "Train_acc": 0.9247067241833128, "Test_acc": 0.9524033864339193}}, "7": {"0": {"Train_loss": 0.7393479327360789, "Test_loss": 0.3803432484467824, "Train_acc": 0.9638856440782547, "Test_acc": 0.940832257270813}, "1": {"Train_loss": 0.8953985273838043, "Test_loss": 0.375610609849294, "Train_acc": 0.9086672211515492, "Test_acc": 0.9467449386914571}}, "8": {"0": {"Train_loss": 0.7460498919089635, "Test_loss": 0.3825070361296336, "Train_acc": 0.9641655256350835, "Test_acc": 0.9420796235402426}, "1": {"Train_loss": 0.923614811280678, "Test_loss": 0.3742690682411194, "Train_acc": 0.8988342470136182, "Test_acc": 0.9458281397819519}}, "9": {"0": {"Train_loss": 0.754837171236674, "Test_loss": 0.40334372719128925, "Train_acc": 0.9647605240345001, "Test_acc": 0.9318271478017172}, "1": {"Train_loss": 0.9588260095694969, "Test_loss": 0.39552146196365356, "Train_acc": 0.8878471532772327, "Test_acc": 0.940001904964447}}, "10": {"0": {"Train_loss": 0.7762224763631821, "Test_loss": 0.41331685582796734, "Train_acc": 0.963069157799085, "Test_acc": 0.9297112623850504}, "1": {"Train_loss": 0.9850926717807507, "Test_loss": 0.4065278967221578, "Train_acc": 0.8789221685508202, "Test_acc": 0.9346372882525126}}, "11": {"0": {"Train_loss": 0.7822274009386698, "Test_loss": 0.4253779947757721, "Train_acc": 0.9651407450437546, "Test_acc": 0.9230280121167501}, "1": {"Train_loss": 1.0042203356479775, "Test_loss": 0.4134093125661214, "Train_acc": 0.8661705276061749, "Test_acc": 0.9303673505783081}}, "12": {"0": {"Train_loss": 0.7921527246634166, "Test_loss": 0.4277596672375997, "Train_acc": 0.9627829005320867, "Test_acc": 0.9269659519195557}, "1": {"Train_loss": 1.0272569995501946, "Test_loss": 0.4187263349692027, "Train_acc": 0.8653421330040899, "Test_acc": 0.931300699710846}}, "13": {"0": {"Train_loss": 0.8000391016403834, "Test_loss": 0.4458586573600769, "Train_acc": 0.9635483781496684, "Test_acc": 0.9138003587722778}, "1": {"Train_loss": 1.0498127259057144, "Test_loss": 0.43957770864168805, "Train_acc": 0.8544640232776773, "Test_acc": 0.923976480960846}}, "14": {"0": {"Train_loss": 0.8144390354553859, "Test_loss": 0.45870867371559143, "Train_acc": 0.9628674685955048, "Test_acc": 0.9115814765294393}, "1": {"Train_loss": 1.068882103624015, "Test_loss": 0.45365233222643536, "Train_acc": 0.8454398502563608, "Test_acc": 0.9207760095596313}}, "15": {"0": {"Train_loss": 0.8247570057710012, "Test_loss": 0.4650039076805115, "Train_acc": 0.9606069445610046, "Test_acc": 0.9114035964012146}, "1": {"Train_loss": 1.0867105331914177, "Test_loss": 0.4571475585301717, "Train_acc": 0.8441387877382082, "Test_acc": 0.9172017574310303}}, "16": {"0": {"Train_loss": 0.8346465249856313, "Test_loss": 0.47524284323056537, "Train_acc": 0.9610197186470032, "Test_acc": 0.9067915678024292}, "1": {"Train_loss": 1.1061889303141628, "Test_loss": 0.47129817803700763, "Train_acc": 0.8350350209351244, "Test_acc": 0.9118954737981161}}, "17": {"0": {"Train_loss": 0.8527992049853007, "Test_loss": 0.4846344292163849, "Train_acc": 0.9597384423017502, "Test_acc": 0.9050559401512146}, "1": {"Train_loss": 1.1194998848027196, "Test_loss": 0.4846446216106415, "Train_acc": 0.8351140032554495, "Test_acc": 0.911152978738149}}, "18": {"0": {"Train_loss": 0.8601031810045242, "Test_loss": 0.4973393678665161, "Train_acc": 0.9597827394803365, "Test_acc": 0.8992894689242045}, "1": {"Train_loss": 1.1354858587528098, "Test_loss": 0.4890205462773641, "Train_acc": 0.8270321067037254, "Test_acc": 0.9054196278254191}}, "19": {"0": {"Train_loss": 0.8761093586683273, "Test_loss": 0.5087020496527354, "Train_acc": 0.958772282799085, "Test_acc": 0.8998375336329142}, "1": {"Train_loss": 1.1547662286922848, "Test_loss": 0.5042158663272858, "Train_acc": 0.8172003575440111, "Test_acc": 0.9015465180079142}}}