{"0": {"0": {"Train_loss": 0.006405850168084726, "Test_loss": 0.07101271053155263, "Train_acc": 0.9985677073399226, "Test_acc": 0.9795318047205607}, "1": {"Train_loss": 0.015137403039261699, "Test_loss": 0.06948220357298851, "Train_acc": 0.9953082131928411, "Test_acc": 0.977878987789154}}, "1": {"0": {"Train_loss": 0.087680088977019, "Test_loss": 0.05056033035119375, "Train_acc": 0.9838242987791698, "Test_acc": 0.9855971336364746}, "1": {"Train_loss": 0.10093362899176006, "Test_loss": 0.04825986052552859, "Train_acc": 0.9805924265549101, "Test_acc": 0.9847185214360555}}, "2": {"0": {"Train_loss": 0.09887064111729463, "Test_loss": 0.053327793876330055, "Train_acc": 0.9860821386178334, "Test_acc": 0.9861451983451843}, "1": {"Train_loss": 0.11358595472471468, "Test_loss": 0.05110820010304451, "Train_acc": 0.9843419368924766, "Test_acc": 0.9861070315043131}}, "3": {"0": {"Train_loss": 0.10649547378222148, "Test_loss": 0.05817138900359472, "Train_acc": 0.9847565631071726, "Test_acc": 0.9849244952201843}, "1": {"Train_loss": 0.1345465040669359, "Test_loss": 0.05461461345354716, "Train_acc": 0.9813785748235111, "Test_acc": 0.9853097995122274}}, "4": {"0": {"Train_loss": 0.1190119281411171, "Test_loss": 0.06393340354164441, "Train_acc": 0.9829453925291697, "Test_acc": 0.9840293129285177}, "1": {"Train_loss": 0.1498698751474249, "Test_loss": 0.06321365758776665, "Train_acc": 0.9790893166229643, "Test_acc": 0.9842684070269266}}, "5": {"0": {"Train_loss": 0.13405185490846633, "Test_loss": 0.06793267652392387, "Train_acc": 0.9818829198678335, "Test_acc": 0.9834330081939697}, "1": {"Train_loss": 0.1629111743692694, "Test_loss": 0.06748958180348079, "Train_acc": 0.9779884640512795, "Test_acc": 0.9827603499094645}}, "6": {"0": {"Train_loss": 0.1466724122563998, "Test_loss": 0.07193476582566898, "Train_acc": 0.9807539999485015, "Test_acc": 0.981312076250712}, "1": {"Train_loss": 0.17319866603818432, "Test_loss": 0.07161374886830647, "Train_acc": 0.9769788394714224, "Test_acc": 0.9814748366673788}}, "7": {"0": {"Train_loss": 0.15782329700887204, "Test_loss": 0.07547226672371228, "Train_acc": 0.9795287658770879, "Test_acc": 0.9798638025919596}, "1": {"Train_loss": 0.1868177205324173, "Test_loss": 0.07523235430320104, "Train_acc": 0.9754867502327623, "Test_acc": 0.9806992014249166}}, "8": {"0": {"Train_loss": 0.16439520741502445, "Test_loss": 0.0807206816971302, "Train_acc": 0.9792774101098378, "Test_acc": 0.9804168939590454}, "1": {"Train_loss": 0.1994764468279378, "Test_loss": 0.07748865087827046, "Train_acc": 0.9743975308434717, "Test_acc": 0.9802757501602173}}, "9": {"0": {"Train_loss": 0.1703550177315871, "Test_loss": 0.08178634320696195, "Train_acc": 0.9784129341443379, "Test_acc": 0.9788490732510885}, "1": {"Train_loss": 0.21270810992553316, "Test_loss": 0.08047113070885341, "Train_acc": 0.972746864475053, "Test_acc": 0.9790500005086263}}, "10": {"0": {"Train_loss": 0.1832101585964362, "Test_loss": 0.08674279848734538, "Train_acc": 0.9775209407011668, "Test_acc": 0.9781548182169596}, "1": {"Train_loss": 0.2215100603884664, "Test_loss": 0.08748995512723923, "Train_acc": 0.9722864412028214, "Test_acc": 0.9774173498153687}}, "11": {"0": {"Train_loss": 0.19641841252644857, "Test_loss": 0.09094569087028503, "Train_acc": 0.976195365190506, "Test_acc": 0.9771350423494974}, "1": {"Train_loss": 0.23059085859306927, "Test_loss": 0.09026371563474338, "Train_acc": 0.9716019291302254, "Test_acc": 0.9773193995157877}}, "12": {"0": {"Train_loss": 0.20516363481680552, "Test_loss": 0.09504531820615132, "Train_acc": 0.9752644429604213, "Test_acc": 0.9777263005574545}, "1": {"Train_loss": 0.24112068373581458, "Test_loss": 0.09407772868871689, "Train_acc": 0.9707716980884815, "Test_acc": 0.9774007797241211}}, "13": {"0": {"Train_loss": 0.2110399437447389, "Test_loss": 0.09852865835030873, "Train_acc": 0.9742449253797532, "Test_acc": 0.9763428370157877}, "1": {"Train_loss": 0.250850065001126, "Test_loss": 0.09657720476388931, "Train_acc": 0.9698514640331268, "Test_acc": 0.9770968755086263}}, "14": {"0": {"Train_loss": 0.22022424663106602, "Test_loss": 0.10135439783334732, "Train_acc": 0.9734962274630864, "Test_acc": 0.9757299621899923}, "1": {"Train_loss": 0.25745096288878344, "Test_loss": 0.09988591074943542, "Train_acc": 0.968527135150186, "Test_acc": 0.9758113423983256}}, "15": {"0": {"Train_loss": 0.22335258002082506, "Test_loss": 0.10279493033885956, "Train_acc": 0.9743204325437546, "Test_acc": 0.974466065565745}, "1": {"Train_loss": 0.26914538237555274, "Test_loss": 0.1035233810544014, "Train_acc": 0.9680440580022747, "Test_acc": 0.9753230611483256}}, "16": {"0": {"Train_loss": 0.22948392182588578, "Test_loss": 0.10544337580601375, "Train_acc": 0.9737019429604212, "Test_acc": 0.9748347798983256}, "1": {"Train_loss": 0.27632896345237207, "Test_loss": 0.10555741935968399, "Train_acc": 0.9667870782572647, "Test_acc": 0.9748945633570353}}, "17": {"0": {"Train_loss": 0.23218915338317553, "Test_loss": 0.11128899455070496, "Train_acc": 0.9740053157011668, "Test_acc": 0.9735759099324545}, "1": {"Train_loss": 0.2889524718810772, "Test_loss": 0.10980316499869029, "Train_acc": 0.9656758174814027, "Test_acc": 0.973348339398702}}, "18": {"0": {"Train_loss": 0.24375071500738463, "Test_loss": 0.1142036442955335, "Train_acc": 0.972485770781835, "Test_acc": 0.9732287923494974}, "1": {"Train_loss": 0.29592065513134, "Test_loss": 0.11150343467791875, "Train_acc": 0.9648792610086244, "Test_acc": 0.9735543131828308}}, "19": {"0": {"Train_loss": 0.24871176679929097, "Test_loss": 0.11429398010174434, "Train_acc": 0.9717280119657516, "Test_acc": 0.9732071757316589}, "1": {"Train_loss": 0.3030564594885399, "Test_loss": 0.11536146452029546, "Train_acc": 0.9642510773806736, "Test_acc": 0.9722090164820353}}}