{"0": {"0": {"Train_loss": 0.000789492686453741, "Test_loss": 0.08075543989737828, "Train_acc": 0.9960729430119196, "Test_acc": 0.5135062336921692}, "1": {"Train_loss": 0.002683595541447144, "Test_loss": 0.08378620445728302, "Train_acc": 0.984790726982314, "Test_acc": 0.4779985348383586}}, "1": {"0": {"Train_loss": 0.002213102000920723, "Test_loss": 0.03654950112104416, "Train_acc": 0.8169905096292496, "Test_acc": 0.8754076162974039}, "1": {"Train_loss": 0.0027706445885244116, "Test_loss": 0.04599124193191528, "Train_acc": 0.7980260571529125, "Test_acc": 0.788818359375}}, "2": {"0": {"Train_loss": 0.0003262338175166709, "Test_loss": 0.04020455852150917, "Train_acc": 0.8108475615580877, "Test_acc": 0.8443146149317423}, "1": {"Train_loss": 0.0008732467189286675, "Test_loss": 0.050574308882157006, "Train_acc": 0.8931548780408399, "Test_acc": 0.7137670914332072}}, "3": {"0": {"Train_loss": 0.00016858994349604471, "Test_loss": 0.04697186624010404, "Train_acc": 0.7047294477621714, "Test_acc": 0.7789792815844218}, "1": {"Train_loss": 0.0005599107575233512, "Test_loss": 0.05476752296090126, "Train_acc": 0.871424372853904, "Test_acc": 0.6489286621411642}}, "4": {"0": {"Train_loss": 0.00010649792347976472, "Test_loss": 0.052565209567546844, "Train_acc": 0.5926583300034205, "Test_acc": 0.7239612142244974}, "1": {"Train_loss": 0.00040341771041155504, "Test_loss": 0.05954926460981369, "Train_acc": 0.860876884953729, "Test_acc": 0.574035108089447}}, "5": {"0": {"Train_loss": 7.317802992474753e-05, "Test_loss": 0.05809455985824267, "Train_acc": 0.4518074795603752, "Test_acc": 0.6462459961573283}, "1": {"Train_loss": 0.0003388413626515981, "Test_loss": 0.06314606716235478, "Train_acc": 0.8553297653280455, "Test_acc": 0.503551204999288}}, "6": {"0": {"Train_loss": 8.083571804794095e-05, "Test_loss": 0.06272617106636365, "Train_acc": 0.3001479943593343, "Test_acc": 0.5779528816541036}, "1": {"Train_loss": 0.00033100745450014826, "Test_loss": 0.06657309581836064, "Train_acc": 0.8420711694092586, "Test_acc": 0.4695169925689697}}, "7": {"0": {"Train_loss": 5.7521311343104266e-05, "Test_loss": 0.06652570764223735, "Train_acc": 0.18072950219114622, "Test_acc": 0.4995052417119344}, "1": {"Train_loss": 0.0002942375345998604, "Test_loss": 0.06772789855798085, "Train_acc": 0.8330482213661589, "Test_acc": 0.458794246117274}}, "8": {"0": {"Train_loss": 4.810170794371516e-05, "Test_loss": 0.06883000830809276, "Train_acc": 0.12184043427308401, "Test_acc": 0.46686457594235736}, "1": {"Train_loss": 0.00022775540730498475, "Test_loss": 0.06939691056807835, "Train_acc": 0.8322871759020048, "Test_acc": 0.4517105718453725}}, "9": {"0": {"Train_loss": 4.8164015303579315e-05, "Test_loss": 0.0706476370493571, "Train_acc": 0.10143833222488562, "Test_acc": 0.452941358089447}, "1": {"Train_loss": 0.00020974153699955485, "Test_loss": 0.07053014636039734, "Train_acc": 0.8285811368761391, "Test_acc": 0.4448263744513194}}, "10": {"0": {"Train_loss": 5.298089599818923e-05, "Test_loss": 0.07214775929848354, "Train_acc": 0.06353998867173989, "Test_acc": 0.4401560227076213}, "1": {"Train_loss": 0.00016182825041549472, "Test_loss": 0.07212371875842412, "Train_acc": 0.8255277717935627, "Test_acc": 0.42659000555674237}}, "11": {"0": {"Train_loss": 3.126218431740805e-05, "Test_loss": 0.07365913192431132, "Train_acc": 0.04817943243930737, "Test_acc": 0.43348428606987}, "1": {"Train_loss": 0.00015695120400151014, "Test_loss": 0.07291145622730255, "Train_acc": 0.8289417614196909, "Test_acc": 0.419657568136851}}, "12": {"0": {"Train_loss": 4.154002072027651e-05, "Test_loss": 0.07495208829641342, "Train_acc": 0.028764296066947283, "Test_acc": 0.41963596145311993}, "1": {"Train_loss": 0.00016757963046608171, "Test_loss": 0.07420625289281209, "Train_acc": 0.8199175883983744, "Test_acc": 0.4135454098383586}}, "13": {"0": {"Train_loss": 3.07203724635959e-05, "Test_loss": 0.07588487615187962, "Train_acc": 0.017348918054873746, "Test_acc": 0.4108317792415619}, "1": {"Train_loss": 0.0001426009066876602, "Test_loss": 0.07523061831792195, "Train_acc": 0.8143141403280455, "Test_acc": 0.40586398045221966}}, "14": {"0": {"Train_loss": 2.586372032358971e-05, "Test_loss": 0.07734377433856328, "Train_acc": 0.006022135416666667, "Test_acc": 0.3968538244565328}, "1": {"Train_loss": 0.0001368592821908633, "Test_loss": 0.07673125962416331, "Train_acc": 0.8015300497926515, "Test_acc": 0.4030538499355316}}, "15": {"0": {"Train_loss": 2.72694491892859e-05, "Test_loss": 0.07832359025875728, "Train_acc": 0.0032552083333333335, "Test_acc": 0.38245240847269696}, "1": {"Train_loss": 0.00011110548414229737, "Test_loss": 0.07760564237833023, "Train_acc": 0.7875446944401182, "Test_acc": 0.3954818844795227}}, "16": {"0": {"Train_loss": 2.5176337112498003e-05, "Test_loss": 0.07933272421360016, "Train_acc": 0.0008463541666666667, "Test_acc": 0.37596503893534344}, "1": {"Train_loss": 0.00011166938942363325, "Test_loss": 0.07870003581047058, "Train_acc": 0.7726856387894729, "Test_acc": 0.3862059811751048}}, "17": {"0": {"Train_loss": 1.810272854830449e-05, "Test_loss": 0.08043675621350606, "Train_acc": 3.255208333333333e-05, "Test_acc": 0.3643240729967753}, "1": {"Train_loss": 0.00010413707335327014, "Test_loss": 0.0799215907851855, "Train_acc": 0.7461972226356638, "Test_acc": 0.3741365075111389}}, "18": {"0": {"Train_loss": 1.7913779947775767e-05, "Test_loss": 0.08131044854720433, "Train_acc": 6.510416666666667e-05, "Test_acc": 0.3451161781946818}, "1": {"Train_loss": 0.00010402355687331473, "Test_loss": 0.08115141342083614, "Train_acc": 0.7009159480703289, "Test_acc": 0.35005228718121845}}, "19": {"0": {"Train_loss": 1.6313105622126992e-05, "Test_loss": 0.08238987376292546, "Train_acc": 0.0, "Test_acc": 0.3291584551334381}, "1": {"Train_loss": 7.429205740256042e-05, "Test_loss": 0.08203473438819249, "Train_acc": 0.6654045838734199, "Test_acc": 0.3323373297850291}}}