{"0": {"0": {"Train_loss": 0.0010212882635338852, "Test_loss": 0.08070327589909236, "Train_acc": 0.994640651345253, "Test_acc": 0.5133218765258789}, "1": {"Train_loss": 0.0014017575735563476, "Test_loss": 0.08482653896013896, "Train_acc": 0.9925585317200628, "Test_acc": 0.4824794928232829}}, "1": {"0": {"Train_loss": 0.0015896182701302072, "Test_loss": 0.031401668364802994, "Train_acc": 0.8068362722794215, "Test_acc": 0.8983654777208964}, "1": {"Train_loss": 0.0015447818963178273, "Test_loss": 0.027268609032034874, "Train_acc": 0.7857489215916601, "Test_acc": 0.9047383467356364}}, "2": {"0": {"Train_loss": 0.00023896313626513196, "Test_loss": 0.030724588160713513, "Train_acc": 0.9579910327990849, "Test_acc": 0.900101105372111}, "1": {"Train_loss": 0.00025780199663633286, "Test_loss": 0.029141463960210483, "Train_acc": 0.906792465982766, "Test_acc": 0.9280202786127726}}, "3": {"0": {"Train_loss": 0.00010767954287681884, "Test_loss": 0.0336068794131279, "Train_acc": 0.9488009423017502, "Test_acc": 0.896433969338735}, "1": {"Train_loss": 8.862472118223728e-05, "Test_loss": 0.03211271452407042, "Train_acc": 0.8896643560508202, "Test_acc": 0.9091098308563232}}, "4": {"0": {"Train_loss": 7.037288772456425e-05, "Test_loss": 0.03576154882709185, "Train_acc": 0.936673445502917, "Test_acc": 0.8791244626045227}, "1": {"Train_loss": 7.96958484615657e-05, "Test_loss": 0.03537557149926821, "Train_acc": 0.8594141849156084, "Test_acc": 0.895472526550293}}, "5": {"0": {"Train_loss": 5.058459652597473e-05, "Test_loss": 0.038087243835131325, "Train_acc": 0.9267920424540838, "Test_acc": 0.8712802728017172}, "1": {"Train_loss": 5.309971223549179e-05, "Test_loss": 0.03830102582772573, "Train_acc": 0.827863562723686, "Test_acc": 0.870152473449707}}, "6": {"0": {"Train_loss": 5.374626968356703e-05, "Test_loss": 0.04082728549838066, "Train_acc": 0.9088833620150883, "Test_acc": 0.8425905108451843}, "1": {"Train_loss": 5.4281776666075214e-05, "Test_loss": 0.041338127106428146, "Train_acc": 0.7989695575730554, "Test_acc": 0.8477757970492045}}, "7": {"0": {"Train_loss": 4.013120836437641e-05, "Test_loss": 0.0431070476770401, "Train_acc": 0.9030303637186686, "Test_acc": 0.8336134751637777}, "1": {"Train_loss": 5.2365271930566766e-05, "Test_loss": 0.04332721730073293, "Train_acc": 0.7725846150825764, "Test_acc": 0.8461049795150757}}, "8": {"0": {"Train_loss": 2.8059692764751767e-05, "Test_loss": 0.045174957563479744, "Train_acc": 0.8857908477385839, "Test_acc": 0.8143890301386515}, "1": {"Train_loss": 3.0729172161453134e-05, "Test_loss": 0.045262765139341354, "Train_acc": 0.758104550427404, "Test_acc": 0.821105420589447}}, "9": {"0": {"Train_loss": 3.664701419741808e-05, "Test_loss": 0.047227070977290474, "Train_acc": 0.8776071866353353, "Test_acc": 0.8051995436350504}, "1": {"Train_loss": 2.4107027268749743e-05, "Test_loss": 0.04753632843494415, "Train_acc": 0.7366642582005468, "Test_acc": 0.8012450536092123}}, "10": {"0": {"Train_loss": 2.7763777234213193e-05, "Test_loss": 0.04939872771501541, "Train_acc": 0.8541831096013387, "Test_acc": 0.7894312342007955}, "1": {"Train_loss": 3.446361357607108e-05, "Test_loss": 0.04984495540459951, "Train_acc": 0.7217598937708756, "Test_acc": 0.7829107244809469}}, "11": {"0": {"Train_loss": 2.0342011400013386e-05, "Test_loss": 0.05124168967207273, "Train_acc": 0.8433966249227524, "Test_acc": 0.7780840992927551}, "1": {"Train_loss": 1.9597535826725453e-05, "Test_loss": 0.051281340420246124, "Train_acc": 0.7061587726247722, "Test_acc": 0.7800357739130656}}, "12": {"0": {"Train_loss": 2.008273130134815e-05, "Test_loss": 0.053260304033756256, "Train_acc": 0.827528323729833, "Test_acc": 0.7680808107058207}, "1": {"Train_loss": 1.9704884113613435e-05, "Test_loss": 0.05327813699841499, "Train_acc": 0.7038793101392943, "Test_acc": 0.7651295065879822}}, "13": {"0": {"Train_loss": 2.6010560107655088e-05, "Test_loss": 0.05496774365504583, "Train_acc": 0.814580312371254, "Test_acc": 0.7558651367823283}, "1": {"Train_loss": 1.966315096132317e-05, "Test_loss": 0.05495202417174975, "Train_acc": 0.6919823905517315, "Test_acc": 0.7511018713315328}}, "14": {"0": {"Train_loss": 2.4618225658438557e-05, "Test_loss": 0.05646366129318873, "Train_acc": 0.7947107891241709, "Test_acc": 0.7421795725822449}, "1": {"Train_loss": 1.4851634832352985e-05, "Test_loss": 0.056473574290672936, "Train_acc": 0.6826533109977327, "Test_acc": 0.7361473639806112}}, "15": {"0": {"Train_loss": 1.3851456287738984e-05, "Test_loss": 0.058531379948059716, "Train_acc": 0.7587602019309998, "Test_acc": 0.7234534819920858}, "1": {"Train_loss": 1.2225353045856725e-05, "Test_loss": 0.05852756773432096, "Train_acc": 0.6701612698620764, "Test_acc": 0.7019885579744974}}, "16": {"0": {"Train_loss": 2.902828106622716e-05, "Test_loss": 0.059899489084879555, "Train_acc": 0.7389376610517502, "Test_acc": 0.7087416648864746}, "1": {"Train_loss": 3.564023842860981e-05, "Test_loss": 0.060056380927562714, "Train_acc": 0.6590296821347599, "Test_acc": 0.6838386058807373}}, "17": {"0": {"Train_loss": 1.9244166863548648e-05, "Test_loss": 0.06144201631347338, "Train_acc": 0.7045183628797531, "Test_acc": 0.6909438967704773}, "1": {"Train_loss": 9.55353504713426e-06, "Test_loss": 0.06159318114320437, "Train_acc": 0.6482183090571699, "Test_acc": 0.6541989247004191}}, "18": {"0": {"Train_loss": 1.3790880946847514e-05, "Test_loss": 0.06250622496008873, "Train_acc": 0.6679667363564173, "Test_acc": 0.6661272446314493}, "1": {"Train_loss": 1.8049250260885636e-05, "Test_loss": 0.06263346721728642, "Train_acc": 0.6438859228430123, "Test_acc": 0.6351523598035177}}, "19": {"0": {"Train_loss": 1.4955479309719522e-05, "Test_loss": 0.06382117296258609, "Train_acc": 0.6347793837388357, "Test_acc": 0.6457685232162476}, "1": {"Train_loss": 1.1547099818236692e-05, "Test_loss": 0.06400773053367932, "Train_acc": 0.633041486657899, "Test_acc": 0.6231592297554016}}}