{"0": {"0": {"Train_loss": 0.0014872832437201092, "Test_loss": 0.06389878317713737, "Train_acc": 0.9918217082818349, "Test_acc": 0.5978420575459799}, "1": {"Train_loss": 0.002108627547919429, "Test_loss": 0.06749163071314494, "Train_acc": 0.9884165597373041, "Test_acc": 0.5880325039227804}}, "1": {"0": {"Train_loss": 0.0015384310022151719, "Test_loss": 0.0278024822473526, "Train_acc": 0.8642766048510869, "Test_acc": 0.9041369954744974}, "1": {"Train_loss": 0.0015219684353034045, "Test_loss": 0.024042651057243347, "Train_acc": 0.8484821946456514, "Test_acc": 0.9327518542607626}}, "2": {"0": {"Train_loss": 0.00023451737579307518, "Test_loss": 0.027900227655967075, "Train_acc": 0.964489703377088, "Test_acc": 0.9241255521774292}, "1": {"Train_loss": 0.00020027696129922145, "Test_loss": 0.025686075290044148, "Train_acc": 0.9125851043339434, "Test_acc": 0.9405067364374796}}, "3": {"0": {"Train_loss": 0.00010776858616736717, "Test_loss": 0.029744543756047886, "Train_acc": 0.9638544350862503, "Test_acc": 0.8987010916074117}, "1": {"Train_loss": 0.00011408929941384925, "Test_loss": 0.02878760111828645, "Train_acc": 0.8623236674686958, "Test_acc": 0.9299834966659546}}, "4": {"0": {"Train_loss": 9.374160072184168e-05, "Test_loss": 0.03175865299999714, "Train_acc": 0.9557919214169185, "Test_acc": 0.8868325352668762}, "1": {"Train_loss": 8.115190877137577e-05, "Test_loss": 0.031424216305216156, "Train_acc": 0.8399276301778597, "Test_acc": 0.9115397135416666}}, "5": {"0": {"Train_loss": 4.818581613411273e-05, "Test_loss": 0.0341941254834334, "Train_acc": 0.9469599038362503, "Test_acc": 0.8749690254529318}, "1": {"Train_loss": 3.5816153003593326e-05, "Test_loss": 0.033450864255428314, "Train_acc": 0.8223984858085369, "Test_acc": 0.8913718263308207}}, "6": {"0": {"Train_loss": 4.5809043543461786e-05, "Test_loss": 0.035782242814699806, "Train_acc": 0.9413491994142532, "Test_acc": 0.8663276036580404}, "1": {"Train_loss": 4.947316107251842e-05, "Test_loss": 0.03593021258711815, "Train_acc": 0.7994256954768608, "Test_acc": 0.8818683425585429}}, "7": {"0": {"Train_loss": 4.831738357703823e-05, "Test_loss": 0.03833923985560735, "Train_acc": 0.9348518709341685, "Test_acc": 0.8414677580197653}, "1": {"Train_loss": 3.2221116992426186e-05, "Test_loss": 0.0377274751663208, "Train_acc": 0.7665703368598017, "Test_acc": 0.8670052886009216}}, "8": {"0": {"Train_loss": 3.4746782209064504e-05, "Test_loss": 0.03984034309784571, "Train_acc": 0.9282672892014185, "Test_acc": 0.8351582686106364}, "1": {"Train_loss": 8.307850325293438e-05, "Test_loss": 0.04007590810457865, "Train_acc": 0.7427936422413793, "Test_acc": 0.843241552511851}}, "9": {"0": {"Train_loss": 3.1888290232018333e-05, "Test_loss": 0.04173838843901952, "Train_acc": 0.9220354110002518, "Test_acc": 0.825540284315745}, "1": {"Train_loss": 2.314450345912864e-05, "Test_loss": 0.04168356458346049, "Train_acc": 0.7345997012894729, "Test_acc": 0.8343278964360555}}, "10": {"0": {"Train_loss": 3.3599071199811686e-05, "Test_loss": 0.04332383722066879, "Train_acc": 0.918077145020167, "Test_acc": 0.813889225323995}, "1": {"Train_loss": 3.4642883574947364e-05, "Test_loss": 0.043295239408810936, "Train_acc": 0.7085833415902895, "Test_acc": 0.8227200508117676}}, "11": {"0": {"Train_loss": 2.7022744992185228e-05, "Test_loss": 0.045092313239971794, "Train_acc": 0.9132151385148366, "Test_acc": 0.8104064464569092}, "1": {"Train_loss": 2.9734638905336335e-05, "Test_loss": 0.04488006606698036, "Train_acc": 0.6963900862068966, "Test_acc": 0.8152777353922526}}, "12": {"0": {"Train_loss": 2.2180020035496758e-05, "Test_loss": 0.04664605110883713, "Train_acc": 0.903663283586502, "Test_acc": 0.8011953433354696}, "1": {"Train_loss": 1.6743409544468358e-05, "Test_loss": 0.0464395247399807, "Train_acc": 0.6864469041084421, "Test_acc": 0.8046514987945557}}, "13": {"0": {"Train_loss": 2.0741605961423678e-05, "Test_loss": 0.04808845743536949, "Train_acc": 0.9019991000493367, "Test_acc": 0.7938725749651591}, "1": {"Train_loss": 2.0841881419544044e-05, "Test_loss": 0.04790924862027168, "Train_acc": 0.6680073224265, "Test_acc": 0.799845019976298}}, "14": {"0": {"Train_loss": 1.8112844092380934e-05, "Test_loss": 0.04949801291028658, "Train_acc": 0.8949561049540837, "Test_acc": 0.7883185545603434}, "1": {"Train_loss": 1.5269350742214714e-05, "Test_loss": 0.04937125618259112, "Train_acc": 0.6678818084042648, "Test_acc": 0.792012353738149}}, "15": {"0": {"Train_loss": 1.1660520681289199e-05, "Test_loss": 0.05083183074990908, "Train_acc": 0.889376946290334, "Test_acc": 0.7843640446662903}, "1": {"Train_loss": 1.9580386316224106e-05, "Test_loss": 0.05079916243751844, "Train_acc": 0.6579031152971859, "Test_acc": 0.785405437151591}}, "16": {"0": {"Train_loss": 1.4115732210484565e-05, "Test_loss": 0.05219273020823797, "Train_acc": 0.8841464638710022, "Test_acc": 0.7745400865872701}, "1": {"Train_loss": 1.441693635915099e-05, "Test_loss": 0.052154346058766045, "Train_acc": 0.6491269099301306, "Test_acc": 0.7809028824170431}}, "17": {"0": {"Train_loss": 2.462509493549684e-05, "Test_loss": 0.053837452083826065, "Train_acc": 0.8771024614572525, "Test_acc": 0.7681657870610555}, "1": {"Train_loss": 9.877362297880484e-06, "Test_loss": 0.05371100455522537, "Train_acc": 0.6384520715680616, "Test_acc": 0.772055466969808}}, "18": {"0": {"Train_loss": 1.4519866666281207e-05, "Test_loss": 0.05512106542785963, "Train_acc": 0.8683483004570007, "Test_acc": 0.7589611808458964}, "1": {"Train_loss": 1.9952370762596197e-05, "Test_loss": 0.05509371434648832, "Train_acc": 0.6298999560290369, "Test_acc": 0.765247623125712}}, "19": {"0": {"Train_loss": 1.466124695828815e-05, "Test_loss": 0.056233265747626625, "Train_acc": 0.8658847451210022, "Test_acc": 0.7516319155693054}, "1": {"Train_loss": 1.1684481266676248e-05, "Test_loss": 0.056246874233086906, "Train_acc": 0.617070556714617, "Test_acc": 0.7570131023724874}}}