{"0": {"0": {"Train_loss": 0.001833803664582471, "Test_loss": 0.0017691048948715131, "Train_acc": 0.9909518629312515, "Test_acc": 0.9902574221293131}, "1": {"Train_loss": 0.0018845227986558116, "Test_loss": 0.0020787875400856137, "Train_acc": 0.9902466196438362, "Test_acc": 0.9882445136706034}}, "1": {"0": {"Train_loss": 0.0004855234966574547, "Test_loss": 0.002623985482690235, "Train_acc": 0.9822409927845002, "Test_acc": 0.9869805971781412}, "1": {"Train_loss": 0.0005320932200290905, "Test_loss": 0.0026218771624068418, "Train_acc": 0.9841398894786835, "Test_acc": 0.9862431486447653}}, "2": {"0": {"Train_loss": 0.0002045045286649838, "Test_loss": 0.0032287551245341697, "Train_acc": 0.9792475432157517, "Test_acc": 0.9842302401860555}, "1": {"Train_loss": 0.00026922429493299267, "Test_loss": 0.0033127241767942905, "Train_acc": 0.9803126217990086, "Test_acc": 0.9840458830197653}}, "3": {"0": {"Train_loss": 0.00016378986729250755, "Test_loss": 0.0037307620514184237, "Train_acc": 0.9766108244657516, "Test_acc": 0.9813768863677979}, "1": {"Train_loss": 0.00016008214365213243, "Test_loss": 0.003761399149273833, "Train_acc": 0.9785168489505505, "Test_acc": 0.9821309248606364}}, "4": {"0": {"Train_loss": 0.00011805782960436773, "Test_loss": 0.004146687996884187, "Train_acc": 0.9744284927845002, "Test_acc": 0.9796628753344218}, "1": {"Train_loss": 0.00016299429086663215, "Test_loss": 0.00414434044311444, "Train_acc": 0.9738483295358461, "Test_acc": 0.9792559742927551}}, "5": {"0": {"Train_loss": 8.772499562231436e-05, "Test_loss": 0.004635445851211746, "Train_acc": 0.972485770781835, "Test_acc": 0.9784256021181742}, "1": {"Train_loss": 8.630170919661459e-05, "Test_loss": 0.004598827023680012, "Train_acc": 0.9724327726610775, "Test_acc": 0.9781764149665833}}, "6": {"0": {"Train_loss": 0.0001037342084600823, "Test_loss": 0.005068114182601373, "Train_acc": 0.9703960607449214, "Test_acc": 0.9764674305915833}, "1": {"Train_loss": 0.00010483640590823127, "Test_loss": 0.005024193786084652, "Train_acc": 0.9697388071438362, "Test_acc": 0.977259635925293}}, "7": {"0": {"Train_loss": 7.021598448773148e-05, "Test_loss": 0.005371222893397014, "Train_acc": 0.9676902115345001, "Test_acc": 0.9749809900919596}, "1": {"Train_loss": 8.336167242117066e-05, "Test_loss": 0.0054704719223082066, "Train_acc": 0.968481214909718, "Test_acc": 0.9737768371899923}}, "8": {"0": {"Train_loss": 9.323716415868452e-05, "Test_loss": 0.005911883277197679, "Train_acc": 0.9651538332303365, "Test_acc": 0.9737170735994974}, "1": {"Train_loss": 7.706236459037834e-05, "Test_loss": 0.005905383421729009, "Train_acc": 0.9664613532608953, "Test_acc": 0.9723069667816162}}, "9": {"0": {"Train_loss": 7.251574212811344e-05, "Test_loss": 0.006287639960646629, "Train_acc": 0.9633869598309199, "Test_acc": 0.971878449122111}, "1": {"Train_loss": 6.0298767180186055e-05, "Test_loss": 0.006303916374842326, "Train_acc": 0.9634881954768608, "Test_acc": 0.9720030426979065}}, "10": {"0": {"Train_loss": 5.09850124217337e-05, "Test_loss": 0.0066065954354902106, "Train_acc": 0.9622919350862503, "Test_acc": 0.9701910813649496}, "1": {"Train_loss": 7.901888853541158e-05, "Test_loss": 0.006681487740327914, "Train_acc": 0.9626230648879347, "Test_acc": 0.9702940583229065}}, "11": {"0": {"Train_loss": 5.2602515340064807e-05, "Test_loss": 0.0070343112262586755, "Train_acc": 0.9615079998970032, "Test_acc": 0.968948761622111}, "1": {"Train_loss": 4.5982603798369506e-05, "Test_loss": 0.006983742738763492, "Train_acc": 0.9608940286882992, "Test_acc": 0.9697841803232828}}, "12": {"0": {"Train_loss": 4.775238491371662e-05, "Test_loss": 0.00728898619612058, "Train_acc": 0.9592229783535003, "Test_acc": 0.9674407045046488}, "1": {"Train_loss": 4.757378130683531e-05, "Test_loss": 0.0074029224924743176, "Train_acc": 0.9600191023843042, "Test_acc": 0.9676466782887777}}, "13": {"0": {"Train_loss": 6.926810528966598e-05, "Test_loss": 0.007668040382365386, "Train_acc": 0.95754201511542, "Test_acc": 0.9660356442133585}, "1": {"Train_loss": 4.236042263199062e-05, "Test_loss": 0.007651997574915488, "Train_acc": 0.9573367700494569, "Test_acc": 0.9654227693875631}}, "14": {"0": {"Train_loss": 7.341615140224652e-05, "Test_loss": 0.00815507055570682, "Train_acc": 0.9561942915121714, "Test_acc": 0.9649777015050253}, "1": {"Train_loss": 5.6748294872673357e-05, "Test_loss": 0.008147887575129667, "Train_acc": 0.9568089976392943, "Test_acc": 0.9646521806716919}}, "15": {"0": {"Train_loss": 3.750332346802073e-05, "Test_loss": 0.008420193257431189, "Train_acc": 0.9552046418190002, "Test_acc": 0.9625528653462728}, "1": {"Train_loss": 5.036929683385473e-05, "Test_loss": 0.008486760314553976, "Train_acc": 0.9549562838570825, "Test_acc": 0.9630627433458964}}, "16": {"0": {"Train_loss": 4.085246064278181e-05, "Test_loss": 0.00865636874611179, "Train_acc": 0.9537307371695837, "Test_acc": 0.9621891776720682}, "1": {"Train_loss": 4.92894074842956e-05, "Test_loss": 0.008809435336540142, "Train_acc": 0.9533521502182402, "Test_acc": 0.9622655113538107}}, "17": {"0": {"Train_loss": 3.461727143682462e-05, "Test_loss": 0.009068492334336042, "Train_acc": 0.9520574927330017, "Test_acc": 0.9610880215962728}, "1": {"Train_loss": 7.987388198671397e-05, "Test_loss": 0.009168449013183514, "Train_acc": 0.9514437204804914, "Test_acc": 0.9600631992022196}}, "18": {"0": {"Train_loss": 5.206948086803701e-05, "Test_loss": 0.009403654529402653, "Train_acc": 0.9503127684195837, "Test_acc": 0.9596829414367676}, "1": {"Train_loss": 6.771589518205568e-05, "Test_loss": 0.00937123674278458, "Train_acc": 0.9504891993670628, "Test_acc": 0.9594769676526388}}, "19": {"0": {"Train_loss": 7.77298326587091e-05, "Test_loss": 0.009681881871074438, "Train_acc": 0.9494690984487534, "Test_acc": 0.9585983554522196}, "1": {"Train_loss": 4.0945405026863667e-05, "Test_loss": 0.00963153736665845, "Train_acc": 0.9494673291157032, "Test_acc": 0.958825925985972}}}