{"0": {"0": {"Train_loss": 0.0012207468156702817, "Test_loss": 0.004424247813100616, "Train_acc": 0.9939674605925878, "Test_acc": 0.9744977553685507}, "1": {"Train_loss": 0.003112731489417111, "Test_loss": 0.017133854950467747, "Train_acc": 0.9805489562708756, "Test_acc": 0.8785094221433004}}, "1": {"0": {"Train_loss": 0.0006921995984157548, "Test_loss": 0.007951805057624975, "Train_acc": 0.965217595299085, "Test_acc": 0.9767331878344218}, "1": {"Train_loss": 0.0005588627968320687, "Test_loss": 0.006790289344886939, "Train_acc": 0.9757659424995554, "Test_acc": 0.9711676438649496}}, "2": {"0": {"Train_loss": 0.00017978321702685207, "Test_loss": 0.009158551692962646, "Train_acc": 0.9521786401669184, "Test_acc": 0.9690301418304443}, "1": {"Train_loss": 0.00018348780301086413, "Test_loss": 0.008792192364732424, "Train_acc": 0.9748230545685209, "Test_acc": 0.9646802743275961}}, "3": {"0": {"Train_loss": 0.00010881262193530953, "Test_loss": 0.010361529576281706, "Train_acc": 0.9412085880835851, "Test_acc": 0.9628466963768005}, "1": {"Train_loss": 0.00011986137291512869, "Test_loss": 0.010576170248289904, "Train_acc": 0.969817176975053, "Test_acc": 0.9571133454640707}}, "4": {"0": {"Train_loss": 8.066562780489524e-05, "Test_loss": 0.011540976663430532, "Train_acc": 0.9342686176300049, "Test_acc": 0.9566135406494141}, "1": {"Train_loss": 7.40655344496441e-05, "Test_loss": 0.011707987946768602, "Train_acc": 0.9657211252327623, "Test_acc": 0.9540208975474039}}, "5": {"0": {"Train_loss": 7.057403333116478e-05, "Test_loss": 0.012680082581937313, "Train_acc": 0.9314456472794215, "Test_acc": 0.9517638683319092}, "1": {"Train_loss": 5.5684351348739664e-05, "Test_loss": 0.012313776028652986, "Train_acc": 0.9625104079986441, "Test_acc": 0.9528815746307373}}, "6": {"0": {"Train_loss": 6.195465527222646e-05, "Test_loss": 0.013902054789165655, "Train_acc": 0.9203155199686687, "Test_acc": 0.9459160168965658}, "1": {"Train_loss": 7.184591840055434e-05, "Test_loss": 0.013474597906072935, "Train_acc": 0.9579876075530874, "Test_acc": 0.9463942050933838}}, "7": {"0": {"Train_loss": 5.9683101183812445e-05, "Test_loss": 0.014778397046029568, "Train_acc": 0.9163572539885839, "Test_acc": 0.9450323581695557}, "1": {"Train_loss": 4.858258818848267e-05, "Test_loss": 0.014670907209316889, "Train_acc": 0.9561465269532697, "Test_acc": 0.9422985514005026}}, "8": {"0": {"Train_loss": 4.66968258479028e-05, "Test_loss": 0.015909348614513874, "Train_acc": 0.9068507025639216, "Test_acc": 0.9396130045255026}, "1": {"Train_loss": 0.00013117994277653735, "Test_loss": 0.01597085688263178, "Train_acc": 0.9520492502327623, "Test_acc": 0.9369224111239115}}, "9": {"0": {"Train_loss": 6.120788063223396e-05, "Test_loss": 0.01676089285562436, "Train_acc": 0.9069587628046671, "Test_acc": 0.9372695485750834}, "1": {"Train_loss": 5.6729645401556524e-05, "Test_loss": 0.016449456413586933, "Train_acc": 0.9483003523843042, "Test_acc": 0.9350024263064066}}, "10": {"0": {"Train_loss": 7.387974158821938e-05, "Test_loss": 0.017947386018931866, "Train_acc": 0.8981126497189204, "Test_acc": 0.931763768196106}, "1": {"Train_loss": 5.205853361483856e-05, "Test_loss": 0.017446243204176426, "Train_acc": 0.9446298243670628, "Test_acc": 0.9318833152453104}}, "11": {"0": {"Train_loss": 4.967447287829903e-05, "Test_loss": 0.01851883592704932, "Train_acc": 0.8970981657505035, "Test_acc": 0.929810643196106}, "1": {"Train_loss": 3.577479846767503e-05, "Test_loss": 0.01849051285535097, "Train_acc": 0.9415991131601662, "Test_acc": 0.9281182289123535}}, "12": {"0": {"Train_loss": 3.109410684677035e-05, "Test_loss": 0.01947059544424216, "Train_acc": 0.8933848788340887, "Test_acc": 0.926392674446106}, "1": {"Train_loss": 4.983470359453851e-05, "Test_loss": 0.019182857125997543, "Train_acc": 0.9373457082386675, "Test_acc": 0.9264690279960632}}, "13": {"0": {"Train_loss": 7.959466832592928e-05, "Test_loss": 0.020329295347134273, "Train_acc": 0.892279115319252, "Test_acc": 0.9219448566436768}, "1": {"Train_loss": 6.29825745222504e-05, "Test_loss": 0.020411675175031025, "Train_acc": 0.931520007807633, "Test_acc": 0.9224165678024292}}, "14": {"0": {"Train_loss": 3.3730932076044456e-05, "Test_loss": 0.021044531216224033, "Train_acc": 0.8836739550034205, "Test_acc": 0.9201163252194723}, "1": {"Train_loss": 4.503527549692582e-05, "Test_loss": 0.021282418941458065, "Train_acc": 0.9299158741687906, "Test_acc": 0.9166450699170431}}, "15": {"0": {"Train_loss": 4.7375636070986124e-05, "Test_loss": 0.02230601633588473, "Train_acc": 0.8757637987534205, "Test_acc": 0.9132436513900757}, "1": {"Train_loss": 2.213555261074236e-05, "Test_loss": 0.022181620821356773, "Train_acc": 0.9277147815145296, "Test_acc": 0.9113834301630656}}, "16": {"0": {"Train_loss": 3.49453658600396e-05, "Test_loss": 0.023096624140938122, "Train_acc": 0.8742804974317551, "Test_acc": 0.910634438196818}, "1": {"Train_loss": 0.00022259756098782387, "Test_loss": 0.02361270102361838, "Train_acc": 0.9232470855630678, "Test_acc": 0.9075700839360555}}, "17": {"0": {"Train_loss": 4.838184953162757e-05, "Test_loss": 0.023939198503891628, "Train_acc": 0.8699993958075841, "Test_acc": 0.9074671069780985}, "1": {"Train_loss": 2.8537104910732335e-05, "Test_loss": 0.023827914148569107, "Train_acc": 0.9211935483176132, "Test_acc": 0.9053346514701843}}, "18": {"0": {"Train_loss": 2.3642841460969068e-05, "Test_loss": 0.02471206896007061, "Train_acc": 0.8660592506329219, "Test_acc": 0.901478091875712}, "1": {"Train_loss": 3.347923819970235e-05, "Test_loss": 0.024624845013022423, "Train_acc": 0.9158184754437414, "Test_acc": 0.9031539559364319}}, "19": {"0": {"Train_loss": 3.5998505488047765e-05, "Test_loss": 0.025489133472243946, "Train_acc": 0.8619825224081675, "Test_acc": 0.9020960132280985}, "1": {"Train_loss": 5.203308030794342e-05, "Test_loss": 0.025326160093148548, "Train_acc": 0.9103411538847561, "Test_acc": 0.9032900730768839}}}