{"0": {"0": {"Train_loss": 0.001293549764280518, "Test_loss": 0.00483536363268892, "Train_acc": 0.9932630608479182, "Test_acc": 0.9710797866185507}, "1": {"Train_loss": 0.004439921126347677, "Test_loss": 0.012488526292145252, "Train_acc": 0.9754738920721514, "Test_acc": 0.9187040527661642}}, "1": {"0": {"Train_loss": 0.0012166772561613471, "Test_loss": 0.009392496198415756, "Train_acc": 0.9470340689023335, "Test_acc": 0.9630908370018005}, "1": {"Train_loss": 0.0021363906522185124, "Test_loss": 0.014625174614290396, "Train_acc": 0.9609846441910185, "Test_acc": 0.9167163570721945}}, "2": {"0": {"Train_loss": 0.0004278285831484633, "Test_loss": 0.013419426046311855, "Train_acc": 0.9064731657505035, "Test_acc": 0.9439744154612223}, "1": {"Train_loss": 0.0011926402412114087, "Test_loss": 0.01875562220811844, "Train_acc": 0.9490081308216884, "Test_acc": 0.9013700683911642}}, "3": {"0": {"Train_loss": 0.00027945749267625314, "Test_loss": 0.016827393944064777, "Train_acc": 0.8739851802587509, "Test_acc": 0.9249991377194723}, "1": {"Train_loss": 0.0008940284606069326, "Test_loss": 0.022261294225851696, "Train_acc": 0.9422505631529051, "Test_acc": 0.8835240403811137}}, "4": {"0": {"Train_loss": 0.00017184390429368553, "Test_loss": 0.021034504597385723, "Train_acc": 0.8256819158792496, "Test_acc": 0.899124542872111}, "1": {"Train_loss": 0.0007773625708570512, "Test_loss": 0.026192898551623028, "Train_acc": 0.9356270812708756, "Test_acc": 0.8541680971781412}}, "5": {"0": {"Train_loss": 0.00017056112786425123, "Test_loss": 0.02413121114174525, "Train_acc": 0.794616824388504, "Test_acc": 0.876515249411265}, "1": {"Train_loss": 0.0006669617824031618, "Test_loss": 0.028870974356929462, "Train_acc": 0.9285125629655246, "Test_acc": 0.8431349595387777}}, "6": {"0": {"Train_loss": 0.00013142313364369329, "Test_loss": 0.027552582323551178, "Train_acc": 0.7542837868134181, "Test_acc": 0.8572425444920858}, "1": {"Train_loss": 0.0005314626102737183, "Test_loss": 0.03238306877513727, "Train_acc": 0.9225864513167019, "Test_acc": 0.8128723303476969}}, "7": {"0": {"Train_loss": 0.00011683746270136907, "Test_loss": 0.03078942870100339, "Train_acc": 0.7191812306642532, "Test_acc": 0.8381542166074117}, "1": {"Train_loss": 0.0005908958846703172, "Test_loss": 0.035217951983213425, "Train_acc": 0.9158294961370271, "Test_acc": 0.7982901533444723}}, "8": {"0": {"Train_loss": 0.00012816464550269302, "Test_loss": 0.033839245016376175, "Train_acc": 0.6725666473309199, "Test_acc": 0.8084878921508789}, "1": {"Train_loss": 0.0005168258383115433, "Test_loss": 0.03834223126371702, "Train_acc": 0.9069271642586281, "Test_acc": 0.7553249994913737}}, "9": {"0": {"Train_loss": 0.0001035731924882081, "Test_loss": 0.03670607631405195, "Train_acc": 0.6297388444344203, "Test_acc": 0.7820169925689697}, "1": {"Train_loss": 0.00046749555020079276, "Test_loss": 0.04193783303101858, "Train_acc": 0.9006532862268645, "Test_acc": 0.7098521987597147}}, "10": {"0": {"Train_loss": 9.432921009041213e-05, "Test_loss": 0.04001304010550181, "Train_acc": 0.5824993958075841, "Test_acc": 0.752247671286265}, "1": {"Train_loss": 0.0004699303028936466, "Test_loss": 0.046229311575492225, "Train_acc": 0.8918293241796822, "Test_acc": 0.6857132315635681}}, "11": {"0": {"Train_loss": 0.00013841881530728036, "Test_loss": 0.043866885205109916, "Train_acc": 0.5208759526411693, "Test_acc": 0.7120048006375631}, "1": {"Train_loss": 0.0004406106519785806, "Test_loss": 0.049986887723207474, "Train_acc": 0.8844680642259533, "Test_acc": 0.6497007012367249}}, "12": {"0": {"Train_loss": 9.782982888282277e-05, "Test_loss": 0.04662937670946121, "Train_acc": 0.4538636301954587, "Test_acc": 0.6992360353469849}, "1": {"Train_loss": 0.0004272615418624904, "Test_loss": 0.053820050011078514, "Train_acc": 0.877093333622505, "Test_acc": 0.597605844338735}}, "13": {"0": {"Train_loss": 7.538435396175676e-05, "Test_loss": 0.051285892724990845, "Train_acc": 0.4049120083451271, "Test_acc": 0.6494515140851339}, "1": {"Train_loss": 0.0004038631691244142, "Test_loss": 0.057162983963886894, "Train_acc": 0.8673613831914705, "Test_acc": 0.5308891932169596}}, "14": {"0": {"Train_loss": 8.224848340129634e-05, "Test_loss": 0.055534154176712036, "Train_acc": 0.3006023809313774, "Test_acc": 0.5951277017593384}, "1": {"Train_loss": 0.00036562690993064437, "Test_loss": 0.06049652770161629, "Train_acc": 0.8615577241470074, "Test_acc": 0.4927024245262146}}, "15": {"0": {"Train_loss": 8.478237238402168e-05, "Test_loss": 0.0586738313237826, "Train_acc": 0.1907488321264585, "Test_acc": 0.531541665395101}, "1": {"Train_loss": 0.00034462257161945234, "Test_loss": 0.06322156265377998, "Train_acc": 0.8602217620816724, "Test_acc": 0.46990372737248737}}, "16": {"0": {"Train_loss": 7.366178312319486e-05, "Test_loss": 0.06191472460826238, "Train_acc": 0.09608401792744796, "Test_acc": 0.4810117681821187}, "1": {"Train_loss": 0.00033780852541455934, "Test_loss": 0.06654442598422368, "Train_acc": 0.85609203474275, "Test_acc": 0.44435466329256695}}, "17": {"0": {"Train_loss": 7.428389029276636e-05, "Test_loss": 0.06468664606412251, "Train_acc": 0.06464944425970316, "Test_acc": 0.4586365322271983}, "1": {"Train_loss": 0.0003217130631975155, "Test_loss": 0.06800572325785954, "Train_acc": 0.8534329687726909, "Test_acc": 0.4428682128588359}}, "18": {"0": {"Train_loss": 7.634618862842521e-05, "Test_loss": 0.06776506702105205, "Train_acc": 0.048352596101661524, "Test_acc": 0.44495096802711487}, "1": {"Train_loss": 0.0003060341312385421, "Test_loss": 0.0691600888967514, "Train_acc": 0.8511198317182476, "Test_acc": 0.4416208664576213}}, "19": {"0": {"Train_loss": 7.1049711308054e-05, "Test_loss": 0.06991618623336156, "Train_acc": 0.04482791020224492, "Test_acc": 0.4400746424992879}, "1": {"Train_loss": 0.00029188619172882996, "Test_loss": 0.07093518724044164, "Train_acc": 0.8471688864559963, "Test_acc": 0.4402157962322235}}}