{"0": {"0": {"Train_loss": 0.0012207468156702817, "Test_loss": 0.004424247813100616, "Train_acc": 0.9939674605925878, "Test_acc": 0.9744977553685507}, "1": {"Train_loss": 0.003112731489417111, "Test_loss": 0.017133854950467747, "Train_acc": 0.9805489562708756, "Test_acc": 0.8785094221433004}}, "1": {"0": {"Train_loss": 0.0010624810112252212, "Test_loss": 0.007283639007558425, "Train_acc": 0.9682774911324183, "Test_acc": 0.9793157378832499}, "1": {"Train_loss": 0.001042403341953418, "Test_loss": 0.004520285253723462, "Train_acc": 0.977629676975053, "Test_acc": 0.978480339050293}}, "2": {"0": {"Train_loss": 0.0006044070532273811, "Test_loss": 0.004814285086467862, "Train_acc": 0.988109427690506, "Test_acc": 0.9777147769927979}, "1": {"Train_loss": 0.0007627996062089143, "Test_loss": 0.005292824469506741, "Train_acc": 0.9864077187817673, "Test_acc": 0.9745207826296488}}, "3": {"0": {"Train_loss": 0.0006903872214024887, "Test_loss": 0.004935322096571326, "Train_acc": 0.9853307555119196, "Test_acc": 0.9814849297205607}, "1": {"Train_loss": 0.0008601848826872121, "Test_loss": 0.0048296241244922085, "Train_acc": 0.9819516549850332, "Test_acc": 0.9783989588419596}}, "4": {"0": {"Train_loss": 0.0006414451631523359, "Test_loss": 0.005169886319587628, "Train_acc": 0.9867006282011668, "Test_acc": 0.9770471851030985}, "1": {"Train_loss": 0.0007906006659172347, "Test_loss": 0.00504504997904102, "Train_acc": 0.9846786825821318, "Test_acc": 0.977742870648702}}, "5": {"0": {"Train_loss": 0.0006460391353660574, "Test_loss": 0.005098506109789014, "Train_acc": 0.9870573580265045, "Test_acc": 0.980204443136851}, "1": {"Train_loss": 0.0007641250112069899, "Test_loss": 0.004986417014151812, "Train_acc": 0.9838588597445652, "Test_acc": 0.9780302246411642}}, "6": {"0": {"Train_loss": 0.0006670352158835158, "Test_loss": 0.004976233079408606, "Train_acc": 0.9873724758625031, "Test_acc": 0.9793423811594645}, "1": {"Train_loss": 0.0007795506896619717, "Test_loss": 0.00461584166623652, "Train_acc": 0.9837694692200628, "Test_acc": 0.9786380529403687}}, "7": {"0": {"Train_loss": 0.0007051543599421469, "Test_loss": 0.0049379735719412565, "Train_acc": 0.9861992587645848, "Test_acc": 0.9794021646181742}, "1": {"Train_loss": 0.0007796901296262212, "Test_loss": 0.004584766303499539, "Train_acc": 0.9842629545721514, "Test_acc": 0.9788656234741211}}, "8": {"0": {"Train_loss": 0.0006127795781746197, "Test_loss": 0.00485418279034396, "Train_acc": 0.9884336064259212, "Test_acc": 0.9788375496864319}, "1": {"Train_loss": 0.0007540654664024197, "Test_loss": 0.0046904312912374735, "Train_acc": 0.984106214909718, "Test_acc": 0.9790665507316589}}, "9": {"0": {"Train_loss": 0.0006642149057976591, "Test_loss": 0.005071587472533186, "Train_acc": 0.9860482434431712, "Test_acc": 0.9799768726030985}, "1": {"Train_loss": 0.0008497139878554976, "Test_loss": 0.00526317519446214, "Train_acc": 0.9823900368706934, "Test_acc": 0.9768095215161642}}, "10": {"0": {"Train_loss": 0.0006826295886033525, "Test_loss": 0.005075561193128427, "Train_acc": 0.9869922538598378, "Test_acc": 0.9779157241185507}, "1": {"Train_loss": 0.0007544826251526909, "Test_loss": 0.004666666034609079, "Train_acc": 0.9843529575857622, "Test_acc": 0.9795598785082499}}, "11": {"0": {"Train_loss": 0.0007020971936678203, "Test_loss": 0.004942064173519611, "Train_acc": 0.9861042867104213, "Test_acc": 0.9813387195269266}, "1": {"Train_loss": 0.0007364925660457911, "Test_loss": 0.004788910271599889, "Train_acc": 0.9848133808579939, "Test_acc": 0.9790449539820353}}, "12": {"0": {"Train_loss": 0.0006830334144372804, "Test_loss": 0.005030089213202397, "Train_acc": 0.9876758476098378, "Test_acc": 0.9780187010765076}, "1": {"Train_loss": 0.0007540026467879592, "Test_loss": 0.004995686390126745, "Train_acc": 0.9844435730884815, "Test_acc": 0.9781929850578308}}, "13": {"0": {"Train_loss": 0.0006485029468118834, "Test_loss": 0.0052322824485599995, "Train_acc": 0.9877631008625031, "Test_acc": 0.9774108727773031}, "1": {"Train_loss": 0.000754635843773501, "Test_loss": 0.004806675249710679, "Train_acc": 0.9835343597264126, "Test_acc": 0.9789254069328308}}, "14": {"0": {"Train_loss": 0.0006320977001450956, "Test_loss": 0.004989237757399678, "Train_acc": 0.9875795344511668, "Test_acc": 0.9787727197011312}, "1": {"Train_loss": 0.0008235490652090259, "Test_loss": 0.004696844300876061, "Train_acc": 0.9831633269786835, "Test_acc": 0.9785998860994974}}, "15": {"0": {"Train_loss": 0.0006981932402898868, "Test_loss": 0.005077163067956765, "Train_acc": 0.9860807955265045, "Test_acc": 0.9790982405344645}, "1": {"Train_loss": 0.000788956137418201, "Test_loss": 0.0046878590558966, "Train_acc": 0.9825908593062697, "Test_acc": 0.9792725245157877}}, "16": {"0": {"Train_loss": 0.0006844164808474791, "Test_loss": 0.0046786909612516565, "Train_acc": 0.9876536985238393, "Test_acc": 0.9805299639701843}, "1": {"Train_loss": 0.0007601240689962588, "Test_loss": 0.004830183694139123, "Train_acc": 0.9836457916374864, "Test_acc": 0.9798803528149923}}, "17": {"0": {"Train_loss": 0.0006871282365561153, "Test_loss": 0.005161754631747802, "Train_acc": 0.987328177690506, "Test_acc": 0.9782412449518839}, "1": {"Train_loss": 0.0007893343246341201, "Test_loss": 0.004664431015650432, "Train_acc": 0.983691099388846, "Test_acc": 0.9786978363990784}}, "18": {"0": {"Train_loss": 0.0006537988602455395, "Test_loss": 0.00511177636993428, "Train_acc": 0.9861458996931712, "Test_acc": 0.9785934090614319}, "1": {"Train_loss": 0.0007272173012285654, "Test_loss": 0.004553220622862379, "Train_acc": 0.9847129696402056, "Test_acc": 0.9792725245157877}}, "19": {"0": {"Train_loss": 0.0006748250617723291, "Test_loss": 0.005110462273781498, "Train_acc": 0.9873946249485016, "Test_acc": 0.97800213098526}, "1": {"Train_loss": 0.0007406974001586886, "Test_loss": 0.00474364294980963, "Train_acc": 0.9846786825821318, "Test_acc": 0.9797824223836263}}}