{"0": {"0": {"Train_loss": 0.001833803664582471, "Test_loss": 0.0017691048948715131, "Train_acc": 0.9909518629312515, "Test_acc": 0.9902574221293131}, "1": {"Train_loss": 0.0018845227986558116, "Test_loss": 0.0020787875400856137, "Train_acc": 0.9902466196438362, "Test_acc": 0.9882445136706034}}, "1": {"0": {"Train_loss": 0.0009802519212826154, "Test_loss": 0.002310992179748913, "Train_acc": 0.9843464742104212, "Test_acc": 0.9874854485193888}, "1": {"Train_loss": 0.0009129420680531846, "Test_loss": 0.0023157938461129866, "Train_acc": 0.9873389735304076, "Test_acc": 0.9882013003031412}}, "2": {"0": {"Train_loss": 0.0008300268872214171, "Test_loss": 0.0024116859616090855, "Train_acc": 0.9845716545979182, "Test_acc": 0.9874091148376465}, "1": {"Train_loss": 0.000764052816646591, "Test_loss": 0.002364007639698684, "Train_acc": 0.9869795739650726, "Test_acc": 0.9867314298947653}}, "3": {"0": {"Train_loss": 0.0008151803820510394, "Test_loss": 0.002424779968957106, "Train_acc": 0.9849961737791697, "Test_acc": 0.9868394533793131}, "1": {"Train_loss": 0.0007607431526311898, "Test_loss": 0.0023276065088187656, "Train_acc": 0.9863060825857622, "Test_acc": 0.9872247378031412}}, "4": {"0": {"Train_loss": 0.0008282820956083015, "Test_loss": 0.0024049208344270787, "Train_acc": 0.9845508476098378, "Test_acc": 0.9868560234705607}, "1": {"Train_loss": 0.0007305996395157779, "Test_loss": 0.002532663095432023, "Train_acc": 0.9863066950748707, "Test_acc": 0.986796240011851}}, "5": {"0": {"Train_loss": 0.0008287185885516616, "Test_loss": 0.0025660783673326173, "Train_acc": 0.9849414726098379, "Test_acc": 0.986166795094808}, "1": {"Train_loss": 0.0007809766985732934, "Test_loss": 0.002395238649720947, "Train_acc": 0.9863954731102648, "Test_acc": 0.9873226881027222}}, "6": {"0": {"Train_loss": 0.0008165738778188825, "Test_loss": 0.0024167048977687955, "Train_acc": 0.9848763684431712, "Test_acc": 0.9873443047205607}, "1": {"Train_loss": 0.0007848384206038739, "Test_loss": 0.0025851311705385647, "Train_acc": 0.9860930144786835, "Test_acc": 0.9859176278114319}}, "7": {"0": {"Train_loss": 0.00092289575356214, "Test_loss": 0.0024304552547012768, "Train_acc": 0.9836719413598378, "Test_acc": 0.9865953127543131}, "1": {"Train_loss": 0.0008336671423327563, "Test_loss": 0.002455738567126294, "Train_acc": 0.9860477067273239, "Test_acc": 0.9864923159281412}}, "8": {"0": {"Train_loss": 0.0009969990137809266, "Test_loss": 0.002557353271792332, "Train_acc": 0.982196694612503, "Test_acc": 0.9857980807622274}, "1": {"Train_loss": 0.000799480954120899, "Test_loss": 0.002504500560462475, "Train_acc": 0.9857446356066342, "Test_acc": 0.9867148598035177}}, "9": {"0": {"Train_loss": 0.0007403279945719987, "Test_loss": 0.002394160993086795, "Train_acc": 0.9854089478651683, "Test_acc": 0.9880385398864746}, "1": {"Train_loss": 0.0007071085535150407, "Test_loss": 0.0026035176512474814, "Train_acc": 0.9869685532717869, "Test_acc": 0.9863295555114746}}, "10": {"0": {"Train_loss": 0.0008426860416269241, "Test_loss": 0.0023950642983739576, "Train_acc": 0.9839545071125031, "Test_acc": 0.9872031410535177}, "1": {"Train_loss": 0.0008038271480472758, "Test_loss": 0.0024615679091463485, "Train_acc": 0.9857225942200628, "Test_acc": 0.9853695631027222}}, "11": {"0": {"Train_loss": 0.000819982908918367, "Test_loss": 0.002402109132769207, "Train_acc": 0.9844102362791697, "Test_acc": 0.986796240011851}, "1": {"Train_loss": 0.0006918390597626246, "Test_loss": 0.0024365112961580357, "Train_acc": 0.9864860886129839, "Test_acc": 0.9862265785535177}}, "12": {"0": {"Train_loss": 0.0007802063662287158, "Test_loss": 0.0025963536463677883, "Train_acc": 0.9849206666151683, "Test_acc": 0.98508220911026}, "1": {"Train_loss": 0.0007984024017912753, "Test_loss": 0.0023612165823578835, "Train_acc": 0.9862724080167967, "Test_acc": 0.9875934720039368}}, "13": {"0": {"Train_loss": 0.0008011607108831716, "Test_loss": 0.0023962193711971245, "Train_acc": 0.9845716545979182, "Test_acc": 0.9870022137959799}, "1": {"Train_loss": 0.0007502367210189073, "Test_loss": 0.0025404307913656035, "Train_acc": 0.986811201120245, "Test_acc": 0.9857980807622274}}, "14": {"0": {"Train_loss": 0.0008546630609392499, "Test_loss": 0.0023708097093428173, "Train_acc": 0.9840756545464198, "Test_acc": 0.9865305026372274}, "1": {"Train_loss": 0.0007251175451654427, "Test_loss": 0.0023945606856917343, "Train_acc": 0.9865981330131662, "Test_acc": 0.9865088860193888}}, "15": {"0": {"Train_loss": 0.0008016961878941705, "Test_loss": 0.0023843602975830436, "Train_acc": 0.9847032050291697, "Test_acc": 0.9873226881027222}, "1": {"Train_loss": 0.0007606771973298926, "Test_loss": 0.002462020725943148, "Train_acc": 0.9865864998307722, "Test_acc": 0.9872629245122274}}, "16": {"0": {"Train_loss": 0.0009611686740148192, "Test_loss": 0.0024662792372206845, "Train_acc": 0.9828034381071726, "Test_acc": 0.9860422213872274}, "1": {"Train_loss": 0.0007882413774495944, "Test_loss": 0.0024873625564699373, "Train_acc": 0.9860703606030037, "Test_acc": 0.9862863620122274}}, "17": {"0": {"Train_loss": 0.0008627197928338622, "Test_loss": 0.0024349262627462545, "Train_acc": 0.9836642235517502, "Test_acc": 0.9864656726519266}, "1": {"Train_loss": 0.0007891278736020342, "Test_loss": 0.002568611603540679, "Train_acc": 0.9859693368961071, "Test_acc": 0.9863245288530985}}, "18": {"0": {"Train_loss": 0.0008414131346701955, "Test_loss": 0.0026029262226074934, "Train_acc": 0.9835417330265045, "Test_acc": 0.9859341780344645}, "1": {"Train_loss": 0.0007393901694991529, "Test_loss": 0.0023965976433828473, "Train_acc": 0.9863507778480135, "Test_acc": 0.986449122428894}}, "19": {"0": {"Train_loss": 0.0008259685045535055, "Test_loss": 0.002549601641173164, "Train_acc": 0.9849102636178334, "Test_acc": 0.9861286282539368}, "1": {"Train_loss": 0.0007059740259890156, "Test_loss": 0.0024702276568859816, "Train_acc": 0.9870695769786835, "Test_acc": 0.9870835940043131}}}