{"0": {"0": {"Train_loss": 0.001293549764280518, "Test_loss": 0.00483536363268892, "Train_acc": 0.9932630608479182, "Test_acc": 0.9710797866185507}, "1": {"Train_loss": 0.004439921126347677, "Test_loss": 0.012488526292145252, "Train_acc": 0.9754738920721514, "Test_acc": 0.9187040527661642}}, "1": {"0": {"Train_loss": 0.0017009179554103562, "Test_loss": 0.008581197665383419, "Train_acc": 0.9496395776669184, "Test_acc": 0.9678641756375631}, "1": {"Train_loss": 0.003209072205334388, "Test_loss": 0.011062540113925934, "Train_acc": 0.96586684420191, "Test_acc": 0.9391628901163737}}, "2": {"0": {"Train_loss": 0.0010274097100288297, "Test_loss": 0.007596019965906938, "Train_acc": 0.9766641825437545, "Test_acc": 0.971639355023702}, "1": {"Train_loss": 0.002359519287108861, "Test_loss": 0.014564065573116144, "Train_acc": 0.9672242351647081, "Test_acc": 0.9142331878344218}}, "3": {"0": {"Train_loss": 0.0011475674487883224, "Test_loss": 0.009769505976388851, "Train_acc": 0.9677019566297531, "Test_acc": 0.9678857922554016}, "1": {"Train_loss": 0.002555509053716629, "Test_loss": 0.012362514001627764, "Train_acc": 0.9648106868924766, "Test_acc": 0.9319366216659546}}, "4": {"0": {"Train_loss": 0.0011377096447783212, "Test_loss": 0.008805136196315289, "Train_acc": 0.972609602411588, "Test_acc": 0.9695616364479065}, "1": {"Train_loss": 0.0023351720482078864, "Test_loss": 0.014397659649451574, "Train_acc": 0.9656984713570825, "Test_acc": 0.9221522609392802}}, "5": {"0": {"Train_loss": 0.001141411858649614, "Test_loss": 0.008363509550690651, "Train_acc": 0.9719233244657517, "Test_acc": 0.9708471496899923}, "1": {"Train_loss": 0.002492013981501604, "Test_loss": 0.012598494378228983, "Train_acc": 0.9642951601538164, "Test_acc": 0.9350189765294393}}, "6": {"0": {"Train_loss": 0.0011012676763736333, "Test_loss": 0.008982740187396606, "Train_acc": 0.9729649911324183, "Test_acc": 0.9705216288566589}, "1": {"Train_loss": 0.0026828120061164274, "Test_loss": 0.013727699096004168, "Train_acc": 0.9616122153298609, "Test_acc": 0.926621695359548}}, "7": {"0": {"Train_loss": 0.0011442461710733673, "Test_loss": 0.008258949499577284, "Train_acc": 0.9751238316297531, "Test_acc": 0.9712972640991211}, "1": {"Train_loss": 0.002497779620923744, "Test_loss": 0.014189658996959528, "Train_acc": 0.9628251123017278, "Test_acc": 0.9251021146774292}}, "8": {"0": {"Train_loss": 0.0010841867401419829, "Test_loss": 0.00852654113744696, "Train_acc": 0.9763933628797531, "Test_acc": 0.9712706208229065}, "1": {"Train_loss": 0.002461934853586015, "Test_loss": 0.013897314667701721, "Train_acc": 0.9649239562708756, "Test_acc": 0.9214248855908712}}, "9": {"0": {"Train_loss": 0.0011415858491091058, "Test_loss": 0.008482550426075855, "Train_acc": 0.969233246644338, "Test_acc": 0.970315674940745}, "1": {"Train_loss": 0.002521592545612105, "Test_loss": 0.01441238820552826, "Train_acc": 0.9640588256819494, "Test_acc": 0.9299201170603434}}, "10": {"0": {"Train_loss": 0.0010689607472158969, "Test_loss": 0.008473458389441172, "Train_acc": 0.9777813573678334, "Test_acc": 0.9714549978574117}, "1": {"Train_loss": 0.002538652408161554, "Test_loss": 0.013153119012713432, "Train_acc": 0.9634875829877525, "Test_acc": 0.9271150231361389}}, "11": {"0": {"Train_loss": 0.0011122765155353895, "Test_loss": 0.00899702621002992, "Train_acc": 0.9728008886178334, "Test_acc": 0.9707175294558207}, "1": {"Train_loss": 0.0025090786632439442, "Test_loss": 0.013733469260235628, "Train_acc": 0.9642725062781367, "Test_acc": 0.9271049300829569}}, "12": {"0": {"Train_loss": 0.0011136802757391706, "Test_loss": 0.008685057361920675, "Train_acc": 0.9718803693850835, "Test_acc": 0.9701961080233256}, "1": {"Train_loss": 0.002485256788625928, "Test_loss": 0.01452959639330705, "Train_acc": 0.9655411192055406, "Test_acc": 0.9217936197916666}}, "13": {"0": {"Train_loss": 0.001040740108389097, "Test_loss": 0.008744055560479561, "Train_acc": 0.9755678157011668, "Test_acc": 0.9715198079744974}, "1": {"Train_loss": 0.002510651867788542, "Test_loss": 0.014253477565944195, "Train_acc": 0.9632065532536342, "Test_acc": 0.9207687973976135}}, "14": {"0": {"Train_loss": 0.001174832937734512, "Test_loss": 0.008829325437545776, "Train_acc": 0.9731824527184169, "Test_acc": 0.9711345036824545}, "1": {"Train_loss": 0.002400907846408543, "Test_loss": 0.013596554286777973, "Train_acc": 0.9660921579804914, "Test_acc": 0.9305812319119772}}, "15": {"0": {"Train_loss": 0.0010793044154221814, "Test_loss": 0.008511331242819628, "Train_acc": 0.975287934144338, "Test_acc": 0.9724963704744974}, "1": {"Train_loss": 0.0024749721833986454, "Test_loss": 0.013413852701584498, "Train_acc": 0.964857219622053, "Test_acc": 0.9298920234044393}}, "16": {"0": {"Train_loss": 0.0010464989075747628, "Test_loss": 0.00871934633081158, "Train_acc": 0.9754245191812515, "Test_acc": 0.9718186855316162}, "1": {"Train_loss": 0.002412416647059907, "Test_loss": 0.014578707205752531, "Train_acc": 0.9650696752400234, "Test_acc": 0.9203453461329142}}, "17": {"0": {"Train_loss": 0.0010527148833110308, "Test_loss": 0.00801440825064977, "Train_acc": 0.975776215394338, "Test_acc": 0.9731855789820353}, "1": {"Train_loss": 0.0024645860238675155, "Test_loss": 0.014362181226412455, "Train_acc": 0.9643857756565357, "Test_acc": 0.9230258464813232}}, "18": {"0": {"Train_loss": 0.0010959321749396621, "Test_loss": 0.008466445840895176, "Train_acc": 0.9743764758110046, "Test_acc": 0.9706195791562399}, "1": {"Train_loss": 0.002569244030445557, "Test_loss": 0.013727237780888876, "Train_acc": 0.9636786097082598, "Test_acc": 0.9251950184504191}}, "19": {"0": {"Train_loss": 0.0010994164505973459, "Test_loss": 0.008546312960485617, "Train_acc": 0.9734650174776713, "Test_acc": 0.9710264801979065}, "1": {"Train_loss": 0.0024778222572861305, "Test_loss": 0.013916076781849066, "Train_acc": 0.9642951601538164, "Test_acc": 0.923838198184967}}}