{"0": {"0": {"Train_loss": 0.0010212882635338852, "Test_loss": 0.08070327589909236, "Train_acc": 0.994640651345253, "Test_acc": 0.5133218765258789}, "1": {"Train_loss": 0.0014017575735563476, "Test_loss": 0.08482653896013896, "Train_acc": 0.9925585317200628, "Test_acc": 0.4824794928232829}}, "1": {"0": {"Train_loss": 0.001893455123839279, "Test_loss": 0.03128305822610855, "Train_acc": 0.816498871644338, "Test_acc": 0.890315314133962}, "1": {"Train_loss": 0.0020798898707465106, "Test_loss": 0.02737172630925973, "Train_acc": 0.7914889054051761, "Test_acc": 0.9190979798634847}}, "2": {"0": {"Train_loss": 0.0005295261726132594, "Test_loss": 0.050162602216005325, "Train_acc": 0.994250026345253, "Test_acc": 0.5543987154960632}, "1": {"Train_loss": 0.0008598760659565571, "Test_loss": 0.05172096565365791, "Train_acc": 0.9890784179342205, "Test_acc": 0.5476405421892802}}, "3": {"0": {"Train_loss": 0.0009073226392501965, "Test_loss": 0.03398531054457029, "Train_acc": 0.9805586874485016, "Test_acc": 0.8637616038322449}, "1": {"Train_loss": 0.0012757484750934587, "Test_loss": 0.028976822271943092, "Train_acc": 0.9688865347155209, "Test_acc": 0.9263293147087097}}, "4": {"0": {"Train_loss": 0.000615309868589975, "Test_loss": 0.042229339480400085, "Train_acc": 0.9930560022592545, "Test_acc": 0.6273009777069092}, "1": {"Train_loss": 0.0008762706902102921, "Test_loss": 0.03769660244385401, "Train_acc": 0.98912372568558, "Test_acc": 0.7553005218505859}}, "5": {"0": {"Train_loss": 0.0007374527408198143, "Test_loss": 0.03678865234057108, "Train_acc": 0.9896380335092545, "Test_acc": 0.7955829898516337}, "1": {"Train_loss": 0.0011484835072067276, "Test_loss": 0.03246744225422541, "Train_acc": 0.9812665304233288, "Test_acc": 0.8788803219795227}}, "6": {"0": {"Train_loss": 0.0006740716674054662, "Test_loss": 0.04006293540199598, "Train_acc": 0.9920911858479182, "Test_acc": 0.7030580242474874}, "1": {"Train_loss": 0.0009831187861232922, "Test_loss": 0.036763337751229606, "Train_acc": 0.9875746955131662, "Test_acc": 0.7924423019091288}}, "7": {"0": {"Train_loss": 0.0008333850739290938, "Test_loss": 0.03929993137717247, "Train_acc": 0.9886732170979182, "Test_acc": 0.7468283375104269}, "1": {"Train_loss": 0.001132606982317721, "Test_loss": 0.035976981123288475, "Train_acc": 0.9834774187926588, "Test_acc": 0.830418050289154}}, "8": {"0": {"Train_loss": 0.0007314396847505122, "Test_loss": 0.03904371832807859, "Train_acc": 0.992059975862503, "Test_acc": 0.721669594446818}, "1": {"Train_loss": 0.0010254686780611117, "Test_loss": 0.036568450431029, "Train_acc": 0.9860030114650726, "Test_acc": 0.7948887546857198}}, "9": {"0": {"Train_loss": 0.0007696097939818477, "Test_loss": 0.040386815865834556, "Train_acc": 0.9903347154458364, "Test_acc": 0.7342288096745809}, "1": {"Train_loss": 0.0009525064800480573, "Test_loss": 0.03498784825205803, "Train_acc": 0.9872606036991909, "Test_acc": 0.8257210453351339}}, "10": {"0": {"Train_loss": 0.0007336720295522052, "Test_loss": 0.04080318411191305, "Train_acc": 0.9917670071125031, "Test_acc": 0.6786662936210632}, "1": {"Train_loss": 0.0009884179704260595, "Test_loss": 0.034809054185946785, "Train_acc": 0.986553437750915, "Test_acc": 0.8373022476832072}}, "11": {"0": {"Train_loss": 0.0006839696444027747, "Test_loss": 0.04053311546643575, "Train_acc": 0.9913632939259212, "Test_acc": 0.692579428354899}, "1": {"Train_loss": 0.001063755076129696, "Test_loss": 0.03595925122499466, "Train_acc": 0.9846223541374864, "Test_acc": 0.8224391937255859}}, "12": {"0": {"Train_loss": 0.0006931137075298465, "Test_loss": 0.040708242605129875, "Train_acc": 0.9918425142765045, "Test_acc": 0.6875669757525126}, "1": {"Train_loss": 0.001050054426867001, "Test_loss": 0.035899454106887184, "Train_acc": 0.9853968692236933, "Test_acc": 0.8060781558354696}}, "13": {"0": {"Train_loss": 0.00074761547439266, "Test_loss": 0.04117696856458982, "Train_acc": 0.9904961337645849, "Test_acc": 0.696701725323995}, "1": {"Train_loss": 0.0010662502940374844, "Test_loss": 0.03629472230871519, "Train_acc": 0.9848023601647081, "Test_acc": 0.8226350744565328}}, "14": {"0": {"Train_loss": 0.0007251002554160853, "Test_loss": 0.03971591219305992, "Train_acc": 0.9915364573399226, "Test_acc": 0.7269694010416666}, "1": {"Train_loss": 0.0009819975048544463, "Test_loss": 0.03577684362729391, "Train_acc": 0.9846792950712401, "Test_acc": 0.8077223300933838}}, "15": {"0": {"Train_loss": 0.0007027147881065805, "Test_loss": 0.04078143338362376, "Train_acc": 0.9917552610238393, "Test_acc": 0.6872198581695557}, "1": {"Train_loss": 0.0010262313228630428, "Test_loss": 0.036424119025468826, "Train_acc": 0.9860703606030037, "Test_acc": 0.8156313300132751}}, "16": {"0": {"Train_loss": 0.0007150536456416982, "Test_loss": 0.03927917157610258, "Train_acc": 0.9908646096785864, "Test_acc": 0.7177201509475708}, "1": {"Train_loss": 0.00098150813398112, "Test_loss": 0.03518497571349144, "Train_acc": 0.9858236179269594, "Test_acc": 0.8213798006375631}}, "17": {"0": {"Train_loss": 0.000691790096849824, "Test_loss": 0.04151936868826548, "Train_acc": 0.9919935295979182, "Test_acc": 0.6696496407190958}, "1": {"Train_loss": 0.0010178184301335492, "Test_loss": 0.036660097539424896, "Train_acc": 0.9859130084514618, "Test_acc": 0.8183384935061137}}, "18": {"0": {"Train_loss": 0.0007011949967515344, "Test_loss": 0.04047901928424835, "Train_acc": 0.9921119918425878, "Test_acc": 0.7029017408688863}, "1": {"Train_loss": 0.0010126856585225925, "Test_loss": 0.03497425466775894, "Train_acc": 0.9842966291411169, "Test_acc": 0.8400309880574545}}, "19": {"0": {"Train_loss": 0.0006783454644998225, "Test_loss": 0.04101273665825526, "Train_acc": 0.9922123332818349, "Test_acc": 0.6829614241917928}, "1": {"Train_loss": 0.0010042768634117112, "Test_loss": 0.03556823482116064, "Train_acc": 0.9855878959442007, "Test_acc": 0.8172920743624369}}}