{"0": {"0": {"Train_loss": 0.0024214672623202203, "Test_loss": 0.00193305395077914, "Train_acc": 0.9865586737791697, "Test_acc": 0.9897907376289368}, "1": {"Train_loss": 0.005403156745536574, "Test_loss": 0.004877834192787607, "Train_acc": 0.9698520765222353, "Test_acc": 0.9722039699554443}}, "1": {"0": {"Train_loss": 0.0009751504442344109, "Test_loss": 0.0031695497843126454, "Train_acc": 0.9817305624485015, "Test_acc": 0.9847999016443888}, "1": {"Train_loss": 0.003844514449030675, "Test_loss": 0.005128970602527261, "Train_acc": 0.9677189454950136, "Test_acc": 0.9702724615732828}}, "2": {"0": {"Train_loss": 0.0010538021665221701, "Test_loss": 0.0030831319745630026, "Train_acc": 0.9801381945610046, "Test_acc": 0.9835143884023031}, "1": {"Train_loss": 0.003281208421585375, "Test_loss": 0.0053410332184284925, "Train_acc": 0.9645982312745062, "Test_acc": 0.969822347164154}}, "3": {"0": {"Train_loss": 0.0010376617700482407, "Test_loss": 0.0032473852237065635, "Train_acc": 0.9797019302845001, "Test_acc": 0.983275294303894}, "1": {"Train_loss": 0.003393578294921538, "Test_loss": 0.005799655336886644, "Train_acc": 0.9624442838389298, "Test_acc": 0.9679837226867676}}, "4": {"0": {"Train_loss": 0.0010556567858050888, "Test_loss": 0.0036046100625147424, "Train_acc": 0.9795079598824183, "Test_acc": 0.9806826512018839}, "1": {"Train_loss": 0.0029668155214588703, "Test_loss": 0.005525918211787939, "Train_acc": 0.9663609420431072, "Test_acc": 0.9692361156145731}}, "5": {"0": {"Train_loss": 0.0010317053015266235, "Test_loss": 0.003303221892565489, "Train_acc": 0.9793868124485016, "Test_acc": 0.9832918445269266}, "1": {"Train_loss": 0.003042613918860925, "Test_loss": 0.005468336399644613, "Train_acc": 0.9656654092772253, "Test_acc": 0.970408578713735}}, "6": {"0": {"Train_loss": 0.0010771016173142319, "Test_loss": 0.0033216383308172226, "Train_acc": 0.9797982434431712, "Test_acc": 0.9834330081939697}, "1": {"Train_loss": 0.003005220928100933, "Test_loss": 0.005356591505308946, "Train_acc": 0.9648449739505505, "Test_acc": 0.9705929358800253}}, "7": {"0": {"Train_loss": 0.001028558115164439, "Test_loss": 0.003439070346454779, "Train_acc": 0.9796042740345001, "Test_acc": 0.9817787607510885}, "1": {"Train_loss": 0.0033340681151583277, "Test_loss": 0.0055454013248284655, "Train_acc": 0.9628024584260481, "Test_acc": 0.9686131676038107}}, "8": {"0": {"Train_loss": 0.0010389704131133235, "Test_loss": 0.0033748388135184846, "Train_acc": 0.9799844950437546, "Test_acc": 0.9829663236935934}, "1": {"Train_loss": 0.0031322163674209653, "Test_loss": 0.005607212117562692, "Train_acc": 0.9640937252291317, "Test_acc": 0.9692361156145731}}, "9": {"0": {"Train_loss": 0.00100043237907812, "Test_loss": 0.0033025387674570084, "Train_acc": 0.9803855240345001, "Test_acc": 0.9837203621864319}, "1": {"Train_loss": 0.0033031331278897567, "Test_loss": 0.0057028853334486485, "Train_acc": 0.9629830769423781, "Test_acc": 0.968211313088735}}, "10": {"0": {"Train_loss": 0.0010385186537556971, "Test_loss": 0.0033733122205982604, "Train_acc": 0.9799831529458364, "Test_acc": 0.9821690917015076}, "1": {"Train_loss": 0.003316221160589364, "Test_loss": 0.005564133947094281, "Train_acc": 0.9630485886129839, "Test_acc": 0.9701910813649496}}, "11": {"0": {"Train_loss": 0.00107894883355281, "Test_loss": 0.003382697468623519, "Train_acc": 0.9795079598824183, "Test_acc": 0.9827005863189697}, "1": {"Train_loss": 0.003138692080091428, "Test_loss": 0.005535284833361705, "Train_acc": 0.9656874506637968, "Test_acc": 0.9693938295046488}}, "12": {"0": {"Train_loss": 0.0010257313668262213, "Test_loss": 0.0031090526996801295, "Train_acc": 0.980145913362503, "Test_acc": 0.984984278678894}, "1": {"Train_loss": 0.0031053980627771594, "Test_loss": 0.005594172282144427, "Train_acc": 0.964934364475053, "Test_acc": 0.9680319825808207}}, "13": {"0": {"Train_loss": 0.001019029314435708, "Test_loss": 0.0032797156988332667, "Train_acc": 0.9794975568850836, "Test_acc": 0.9832104643185934}, "1": {"Train_loss": 0.0029889887664467096, "Test_loss": 0.005608981320013602, "Train_acc": 0.9655405067164322, "Test_acc": 0.971146027247111}}, "14": {"0": {"Train_loss": 0.0010325762598464886, "Test_loss": 0.003413335575411717, "Train_acc": 0.9797227362791697, "Test_acc": 0.9830477039019266}, "1": {"Train_loss": 0.0030769437776300415, "Test_loss": 0.00543593056499958, "Train_acc": 0.96586684420191, "Test_acc": 0.9693938295046488}}, "15": {"0": {"Train_loss": 0.0010429965312747905, "Test_loss": 0.0034656173860033355, "Train_acc": 0.9794207066297531, "Test_acc": 0.9837966958681742}, "1": {"Train_loss": 0.0030406278855135216, "Test_loss": 0.005475702928379178, "Train_acc": 0.9652055984941023, "Test_acc": 0.9691713054974874}}, "16": {"0": {"Train_loss": 0.0011350395128829406, "Test_loss": 0.0037157473464806876, "Train_acc": 0.9781276841958364, "Test_acc": 0.9819465478261312}, "1": {"Train_loss": 0.0029419617675212695, "Test_loss": 0.005531870371972521, "Train_acc": 0.9667644243815849, "Test_acc": 0.9697625637054443}}, "17": {"0": {"Train_loss": 0.0010041263691770534, "Test_loss": 0.003416312470411261, "Train_acc": 0.9802214205265045, "Test_acc": 0.9828035632769266}, "1": {"Train_loss": 0.0031246044351879894, "Test_loss": 0.00572198024019599, "Train_acc": 0.9643514885984618, "Test_acc": 0.968455453713735}}, "18": {"0": {"Train_loss": 0.0009668153060677771, "Test_loss": 0.003468247906615337, "Train_acc": 0.9807982971270879, "Test_acc": 0.982288638750712}, "1": {"Train_loss": 0.0032125167500484607, "Test_loss": 0.005471247946843505, "Train_acc": 0.9636890179124372, "Test_acc": 0.9697409669558207}}, "19": {"0": {"Train_loss": 0.0010472548553176846, "Test_loss": 0.0033161018509417772, "Train_acc": 0.9794948716958364, "Test_acc": 0.9842684070269266}, "1": {"Train_loss": 0.0030526308069840588, "Test_loss": 0.0055198450572788715, "Train_acc": 0.9660572584333091, "Test_acc": 0.9706743160883585}}}