{"0": {"0": {"Train_loss": 0.000789492686453741, "Test_loss": 0.08075543989737828, "Train_acc": 0.9960729430119196, "Test_acc": 0.5135062336921692}, "1": {"Train_loss": 0.002683595541447144, "Test_loss": 0.08378620445728302, "Train_acc": 0.984790726982314, "Test_acc": 0.4779985348383586}}, "1": {"0": {"Train_loss": 0.002103126852307469, "Test_loss": 0.035586355874935784, "Train_acc": 0.8299720784028372, "Test_acc": 0.8810228506724039}, "1": {"Train_loss": 0.0038171871765998416, "Test_loss": 0.04516277586420377, "Train_acc": 0.8061110151225123, "Test_acc": 0.8046514987945557}}, "2": {"0": {"Train_loss": 0.0008753144133758421, "Test_loss": 0.04702798773845037, "Train_acc": 0.9888581256071727, "Test_acc": 0.6049423019091288}, "1": {"Train_loss": 0.0019085214730223705, "Test_loss": 0.06554663926362991, "Train_acc": 0.9741165011093534, "Test_acc": 0.47506381074587506}}, "3": {"0": {"Train_loss": 0.0011792583488083135, "Test_loss": 0.039733958741029106, "Train_acc": 0.963668183485667, "Test_acc": 0.844009260336558}, "1": {"Train_loss": 0.002078099768400064, "Test_loss": 0.056206723054250084, "Train_acc": 0.9659341933398411, "Test_acc": 0.5560212731361389}}, "4": {"0": {"Train_loss": 0.0010515592788578943, "Test_loss": 0.04437802856167158, "Train_acc": 0.9861133476098378, "Test_acc": 0.7319004734357198}, "1": {"Train_loss": 0.001936775598080893, "Test_loss": 0.062139350920915604, "Train_acc": 0.9724774679233288, "Test_acc": 0.4787842531998952}}, "5": {"0": {"Train_loss": 0.0011813583667390048, "Test_loss": 0.040981185932954155, "Train_acc": 0.9736811369657516, "Test_acc": 0.8137747248013815}, "1": {"Train_loss": 0.0019477691043746368, "Test_loss": 0.05999777093529701, "Train_acc": 0.9713215118852155, "Test_acc": 0.5005617340405782}}, "6": {"0": {"Train_loss": 0.0010658756121605013, "Test_loss": 0.04443845649560293, "Train_acc": 0.9824584533770879, "Test_acc": 0.7451906402905782}, "1": {"Train_loss": 0.0020333895287155336, "Test_loss": 0.061397094279527664, "Train_acc": 0.9701655558471022, "Test_acc": 0.4869042634963989}}, "7": {"0": {"Train_loss": 0.0010783642530441285, "Test_loss": 0.042521655559539795, "Train_acc": 0.9798203925291697, "Test_acc": 0.7743211587270101}, "1": {"Train_loss": 0.0020038216968934082, "Test_loss": 0.060722666482130684, "Train_acc": 0.968235084722782, "Test_acc": 0.48365554213523865}}, "8": {"0": {"Train_loss": 0.0011233963508857415, "Test_loss": 0.04388139024376869, "Train_acc": 0.9808972964684168, "Test_acc": 0.7662472327550253}, "1": {"Train_loss": 0.002088346851764825, "Test_loss": 0.06177038078506788, "Train_acc": 0.9690322536846687, "Test_acc": 0.49031070868174237}}, "9": {"0": {"Train_loss": 0.0013949310348834842, "Test_loss": 0.04525722563266754, "Train_acc": 0.9726069182157516, "Test_acc": 0.746486246585846}, "1": {"Train_loss": 0.001961471571121365, "Test_loss": 0.0627329337100188, "Train_acc": 0.97128783731625, "Test_acc": 0.4845939377943675}}, "10": {"0": {"Train_loss": 0.0013107939671802645, "Test_loss": 0.04410189017653465, "Train_acc": 0.9785716672738393, "Test_acc": 0.7449933091799418}, "1": {"Train_loss": 0.0019163502328065705, "Test_loss": 0.060673182209332786, "Train_acc": 0.9707374110304076, "Test_acc": 0.48378661274909973}}, "11": {"0": {"Train_loss": 0.001048644406061309, "Test_loss": 0.04379798471927643, "Train_acc": 0.9853425006071727, "Test_acc": 0.7766127586364746}, "1": {"Train_loss": 0.0018902251091464583, "Test_loss": 0.06206602479020754, "Train_acc": 0.9715688670503682, "Test_acc": 0.48722978432973224}}, "12": {"0": {"Train_loss": 0.0010424913896713405, "Test_loss": 0.043196609864632286, "Train_acc": 0.9801029582818349, "Test_acc": 0.7684826652208964}, "1": {"Train_loss": 0.0019911070904244893, "Test_loss": 0.060978430012861885, "Train_acc": 0.9701655558471022, "Test_acc": 0.4884771406650543}}, "13": {"0": {"Train_loss": 0.0010760553928169732, "Test_loss": 0.04437293236454328, "Train_acc": 0.9818829198678335, "Test_acc": 0.7502779960632324}, "1": {"Train_loss": 0.0020032186675335057, "Test_loss": 0.060880083590745926, "Train_acc": 0.9699861623089889, "Test_acc": 0.49101001024246216}}, "14": {"0": {"Train_loss": 0.0009926791826728731, "Test_loss": 0.04448951780796051, "Train_acc": 0.9844206392765045, "Test_acc": 0.7471257646878561}, "1": {"Train_loss": 0.0018985098918321832, "Test_loss": 0.06174482529362043, "Train_acc": 0.9720286778334913, "Test_acc": 0.4806559979915619}}, "15": {"0": {"Train_loss": 0.0010501126816961914, "Test_loss": 0.04397514338294665, "Train_acc": 0.9820470223824184, "Test_acc": 0.762038509051005}, "1": {"Train_loss": 0.0019306660356835045, "Test_loss": 0.06107992430528005, "Train_acc": 0.970289845918787, "Test_acc": 0.48772311210632324}}, "16": {"0": {"Train_loss": 0.001041392661863938, "Test_loss": 0.04418061549464861, "Train_acc": 0.9803502867619197, "Test_acc": 0.7746113936106364}, "1": {"Train_loss": 0.0021677281575052647, "Test_loss": 0.061145236094792686, "Train_acc": 0.9669885131819494, "Test_acc": 0.4909934401512146}}, "17": {"0": {"Train_loss": 0.0012083128987190625, "Test_loss": 0.043886897464593254, "Train_acc": 0.9776850432157517, "Test_acc": 0.7631929516792297}, "1": {"Train_loss": 0.0018947484927123476, "Test_loss": 0.06092588106791178, "Train_acc": 0.9720396985267771, "Test_acc": 0.48833094040552777}}, "18": {"0": {"Train_loss": 0.0009693245034820089, "Test_loss": 0.04284249618649483, "Train_acc": 0.9837917466958364, "Test_acc": 0.7745033701260885}, "1": {"Train_loss": 0.0019169552572842303, "Test_loss": 0.06163871785004934, "Train_acc": 0.9707049614396589, "Test_acc": 0.4870238204797109}}, "19": {"0": {"Train_loss": 0.001025594388678049, "Test_loss": 0.043235622346401215, "Train_acc": 0.9816758612791697, "Test_acc": 0.7664834459622701}, "1": {"Train_loss": 0.002178687776904553, "Test_loss": 0.060339584946632385, "Train_acc": 0.9669676967735948, "Test_acc": 0.4896647135416667}}}