{"0": {"0": {"Train_loss": 0.0014872832437201092, "Test_loss": 0.06389878317713737, "Train_acc": 0.9918217082818349, "Test_acc": 0.5978420575459799}, "1": {"Train_loss": 0.002108627547919429, "Test_loss": 0.06749163071314494, "Train_acc": 0.9884165597373041, "Test_acc": 0.5880325039227804}}, "1": {"0": {"Train_loss": 0.0019434714457020163, "Test_loss": 0.024218367412686348, "Train_acc": 0.8595733324686686, "Test_acc": 0.9274686376253763}, "1": {"Train_loss": 0.0019894156821778624, "Test_loss": 0.019807831073800724, "Train_acc": 0.8554283401061749, "Test_acc": 0.9548015793164571}}, "2": {"0": {"Train_loss": 0.0005876488988481773, "Test_loss": 0.02405058468381564, "Train_acc": 0.9915911585092545, "Test_acc": 0.8456419110298157}, "1": {"Train_loss": 0.0007466518572041893, "Test_loss": 0.021894304702679317, "Train_acc": 0.9896398649133485, "Test_acc": 0.8848909338315328}}, "3": {"0": {"Train_loss": 0.0008888012069898347, "Test_loss": 0.018553368747234344, "Train_acc": 0.9829259286324183, "Test_acc": 0.9508038560549418}, "1": {"Train_loss": 0.0011150023934094172, "Test_loss": 0.016357352025806904, "Train_acc": 0.9746099864614421, "Test_acc": 0.9689819018046061}}, "4": {"0": {"Train_loss": 0.000598155052769774, "Test_loss": 0.019131722549597423, "Train_acc": 0.9917435159285863, "Test_acc": 0.9151888489723206}, "1": {"Train_loss": 0.0009112386253726637, "Test_loss": 0.01957518234848976, "Train_acc": 0.9868007929160677, "Test_acc": 0.9256883462270101}}, "5": {"0": {"Train_loss": 0.0007385486193622152, "Test_loss": 0.018474822863936424, "Train_acc": 0.9876758476098378, "Test_acc": 0.9411095380783081}, "1": {"Train_loss": 0.000995738371596511, "Test_loss": 0.015752857240537804, "Train_acc": 0.9814912317128017, "Test_acc": 0.9670719901720682}}, "6": {"0": {"Train_loss": 0.000667132472153753, "Test_loss": 0.01966514190038045, "Train_acc": 0.9903776705265045, "Test_acc": 0.921162744363149}, "1": {"Train_loss": 0.0008656577676823683, "Test_loss": 0.01690498615304629, "Train_acc": 0.9865754791374864, "Test_acc": 0.9455753564834595}}, "7": {"0": {"Train_loss": 0.0007217754357649634, "Test_loss": 0.01959970345099767, "Train_acc": 0.9892917066812515, "Test_acc": 0.9294952154159546}, "1": {"Train_loss": 0.0009588857386100652, "Test_loss": 0.016988973133265972, "Train_acc": 0.9835790549886638, "Test_acc": 0.9573675791422526}}, "8": {"0": {"Train_loss": 0.0006265257480360258, "Test_loss": 0.01935500279068947, "Train_acc": 0.9907578925291697, "Test_acc": 0.9200018048286438}, "1": {"Train_loss": 0.0008737146744006796, "Test_loss": 0.016821183264255524, "Train_acc": 0.9859583162028214, "Test_acc": 0.9493455092112223}}, "9": {"0": {"Train_loss": 0.0006905010794677461, "Test_loss": 0.019428612664341927, "Train_acc": 0.9902239710092544, "Test_acc": 0.9292777180671692}, "1": {"Train_loss": 0.0009265668812641425, "Test_loss": 0.01600993735094865, "Train_acc": 0.98424091318558, "Test_acc": 0.9640292326609293}}, "10": {"0": {"Train_loss": 0.0007219750725198538, "Test_loss": 0.019251512363553047, "Train_acc": 0.990009194612503, "Test_acc": 0.9345724781354269}, "1": {"Train_loss": 0.0009980882138640073, "Test_loss": 0.017269592111309368, "Train_acc": 0.9838594722336736, "Test_acc": 0.946935772895813}}, "11": {"0": {"Train_loss": 0.0007003795374960949, "Test_loss": 0.019716158509254456, "Train_acc": 0.9902045071125031, "Test_acc": 0.9243200023969015}, "1": {"Train_loss": 0.0009582709221988274, "Test_loss": 0.017176463268697262, "Train_acc": 0.9857446356066342, "Test_acc": 0.9509234031041464}}, "12": {"0": {"Train_loss": 0.0006788484892846706, "Test_loss": 0.017995553091168404, "Train_acc": 0.9908646096785864, "Test_acc": 0.9321109056472778}, "1": {"Train_loss": 0.0009661518761904204, "Test_loss": 0.01684369829793771, "Train_acc": 0.9846113334442007, "Test_acc": 0.9553712407747904}}, "13": {"0": {"Train_loss": 0.000652240010094829, "Test_loss": 0.018822404866417248, "Train_acc": 0.9907578925291697, "Test_acc": 0.9335426092147827}, "1": {"Train_loss": 0.0009373369383834431, "Test_loss": 0.0164870439718167, "Train_acc": 0.984600312750915, "Test_acc": 0.9570204416910807}}, "14": {"0": {"Train_loss": 0.000681160264260446, "Test_loss": 0.019536804407835007, "Train_acc": 0.9903125663598379, "Test_acc": 0.9291480779647827}, "1": {"Train_loss": 0.0009265945449567817, "Test_loss": 0.01597247241685788, "Train_acc": 0.9853631946547278, "Test_acc": 0.9549909830093384}}, "15": {"0": {"Train_loss": 0.0006970482955997189, "Test_loss": 0.01848000039656957, "Train_acc": 0.9898021360238393, "Test_acc": 0.9377081394195557}, "1": {"Train_loss": 0.0008974084339570254, "Test_loss": 0.017265659136076767, "Train_acc": 0.9858683131892105, "Test_acc": 0.9546784162521362}}, "16": {"0": {"Train_loss": 0.0007319774338005421, "Test_loss": 0.0197280440479517, "Train_acc": 0.9903229693571727, "Test_acc": 0.9362432956695557}, "1": {"Train_loss": 0.0009337013952658865, "Test_loss": 0.01704805437475443, "Train_acc": 0.9856215705131662, "Test_acc": 0.9502010742823283}}, "17": {"0": {"Train_loss": 0.0006774933824393278, "Test_loss": 0.01908631684879462, "Train_acc": 0.9902890751759211, "Test_acc": 0.9386133948961893}, "1": {"Train_loss": 0.0009410555448367035, "Test_loss": 0.01665283429125945, "Train_acc": 0.9859466830204273, "Test_acc": 0.9548080563545227}}, "18": {"0": {"Train_loss": 0.0007188121041205401, "Test_loss": 0.018753838414947193, "Train_acc": 0.9897266288598379, "Test_acc": 0.932506283124288}, "1": {"Train_loss": 0.0009224182215583479, "Test_loss": 0.016007857397198677, "Train_acc": 0.984173564047649, "Test_acc": 0.9577960769335429}}, "19": {"0": {"Train_loss": 0.0006488496471623269, "Test_loss": 0.019785034159819286, "Train_acc": 0.9907773564259211, "Test_acc": 0.9264791011810303}, "1": {"Train_loss": 0.0009578838251964671, "Test_loss": 0.01716418657451868, "Train_acc": 0.9842856084478313, "Test_acc": 0.958571712176005}}}