{"0": {"0": {"Train_loss": 0.22527478363392126, "Test_loss": 10.129437255859376, "Train_acc": 0.9175385793630224, "Test_acc": 0.5912161231040954}, "1": {"Train_loss": 0.055308320259643814, "Test_loss": 15.091974449157714, "Train_acc": 0.9807510032492169, "Test_acc": 0.2894410252571106}}, "1": {"0": {"Train_loss": 1.0427098652742204, "Test_loss": 1.0914031744003296, "Train_acc": 0.551631674714332, "Test_acc": 0.6099056243896485}, "1": {"Train_loss": 1.1225933159812023, "Test_loss": 1.3802832126617433, "Train_acc": 0.8694141668788458, "Test_acc": 0.40872684121131897}}, "2": {"0": {"Train_loss": 1.145318875347611, "Test_loss": 1.0306296586990356, "Train_acc": 0.8991540383248433, "Test_acc": 0.5898558497428894}, "1": {"Train_loss": 0.8803694147174641, "Test_loss": 1.744545865058899, "Train_acc": 0.9796219892421011, "Test_acc": 0.2997329592704773}}, "3": {"0": {"Train_loss": 1.2111593371760236, "Test_loss": 1.0387818813323975, "Train_acc": 0.8344845884907854, "Test_acc": 0.6206970691680909}, "1": {"Train_loss": 1.0334458492570004, "Test_loss": 1.5157193660736084, "Train_acc": 0.9833784012471215, "Test_acc": 0.3259419918060303}}, "4": {"0": {"Train_loss": 1.1763347256792722, "Test_loss": 1.022201418876648, "Train_acc": 0.8996164411523916, "Test_acc": 0.606441855430603}, "1": {"Train_loss": 0.9937135294332342, "Test_loss": 1.6497649669647216, "Train_acc": 0.9871069354526067, "Test_acc": 0.3046875}}, "5": {"0": {"Train_loss": 1.2168744767669344, "Test_loss": 1.0238235235214233, "Train_acc": 0.8938828946030053, "Test_acc": 0.6161608099937439}, "1": {"Train_loss": 1.0187119760755765, "Test_loss": 1.6032124280929565, "Train_acc": 0.9860510987750555, "Test_acc": 0.30585246086120604}}, "6": {"0": {"Train_loss": 1.2153013535659678, "Test_loss": 1.0077555656433106, "Train_acc": 0.8700660506304163, "Test_acc": 0.6185762882232666}, "1": {"Train_loss": 1.0338091880588207, "Test_loss": 1.7159093141555786, "Train_acc": 0.9833574931500322, "Test_acc": 0.30333327651023867}}, "7": {"0": {"Train_loss": 1.2035801897953897, "Test_loss": 1.0264964938163756, "Train_acc": 0.883785653288347, "Test_acc": 0.6059337019920349}, "1": {"Train_loss": 1.0331158668307934, "Test_loss": 1.5449763298034669, "Train_acc": 0.9852984224335622, "Test_acc": 0.3169325590133667}}, "8": {"0": {"Train_loss": 1.2048554220338807, "Test_loss": 1.0247313737869264, "Train_acc": 0.8904353280137055, "Test_acc": 0.6084537506103516}, "1": {"Train_loss": 1.0206793930570959, "Test_loss": 1.5949772119522094, "Train_acc": 0.9844621157242079, "Test_acc": 0.3054747998714447}}, "9": {"0": {"Train_loss": 1.243104756313519, "Test_loss": 1.0200733184814452, "Train_acc": 0.8429404853904334, "Test_acc": 0.6154132723808289}, "1": {"Train_loss": 1.0264625539213925, "Test_loss": 1.7276860475540161, "Train_acc": 0.9753916708089537, "Test_acc": 0.3052604734897614}}, "10": {"0": {"Train_loss": 1.2432562878532132, "Test_loss": 1.0151132583618163, "Train_acc": 0.8555728836651266, "Test_acc": 0.6097492098808288}, "1": {"Train_loss": 1.0593499086670957, "Test_loss": 1.59388906955719, "Train_acc": 0.9840195694212186, "Test_acc": 0.3045699656009674}}, "11": {"0": {"Train_loss": 1.2303118244574889, "Test_loss": 1.0145857810974122, "Train_acc": 0.8736896523593987, "Test_acc": 0.6138499021530152}, "1": {"Train_loss": 1.0355795662281877, "Test_loss": 1.6441157817840577, "Train_acc": 0.9805976809081385, "Test_acc": 0.30147780776023864}}, "12": {"0": {"Train_loss": 1.2345521902515941, "Test_loss": 1.0034384965896606, "Train_acc": 0.8630295939689135, "Test_acc": 0.612853467464447}, "1": {"Train_loss": 1.0475753485146215, "Test_loss": 1.557004451751709, "Train_acc": 0.9874170665013589, "Test_acc": 0.31206961870193484}}, "13": {"0": {"Train_loss": 1.193123686052587, "Test_loss": 1.0099348545074462, "Train_acc": 0.8910911218093259, "Test_acc": 0.6122364163398742}, "1": {"Train_loss": 1.0275761434587383, "Test_loss": 1.5522927045822144, "Train_acc": 0.9850544990119288, "Test_acc": 0.31057798862457275}}, "14": {"0": {"Train_loss": 1.20974651479373, "Test_loss": 1.0276654481887817, "Train_acc": 0.8827703508147358, "Test_acc": 0.6119806051254273}, "1": {"Train_loss": 1.0278329384528984, "Test_loss": 1.572305727005005, "Train_acc": 0.9828731326733605, "Test_acc": 0.30954957008361816}}, "15": {"0": {"Train_loss": 1.1936555726684792, "Test_loss": 0.997428035736084, "Train_acc": 0.8939101674260884, "Test_acc": 0.6142085552215576}, "1": {"Train_loss": 1.030399884207774, "Test_loss": 1.566640591621399, "Train_acc": 0.9833574931500322, "Test_acc": 0.3141065776348114}}, "16": {"0": {"Train_loss": 1.2437002624038362, "Test_loss": 1.0187777519226073, "Train_acc": 0.8563700018137911, "Test_acc": 0.6095927834510804}, "1": {"Train_loss": 1.0028268775697482, "Test_loss": 1.5751419544219971, "Train_acc": 0.9811900652061074, "Test_acc": 0.3035674750804901}}, "17": {"0": {"Train_loss": 1.200847616160873, "Test_loss": 1.0198737621307372, "Train_acc": 0.854687748164156, "Test_acc": 0.6084736227989197}, "1": {"Train_loss": 1.0511050002049591, "Test_loss": 1.5807200908660888, "Train_acc": 0.9860267063318673, "Test_acc": 0.30687482953071593}}, "18": {"0": {"Train_loss": 1.2001108931799005, "Test_loss": 1.0087885022163392, "Train_acc": 0.8868774297463633, "Test_acc": 0.6114154100418091}, "1": {"Train_loss": 1.0048598647117615, "Test_loss": 1.6047668933868409, "Train_acc": 0.9764928080267825, "Test_acc": 0.3214368402957916}}, "19": {"0": {"Train_loss": 1.1894493546799152, "Test_loss": 1.026804542541504, "Train_acc": 0.8908915323932676, "Test_acc": 0.6020671963691712}, "1": {"Train_loss": 1.0269038192296431, "Test_loss": 1.611655592918396, "Train_acc": 0.984151984675456, "Test_acc": 0.30322265625}}}