{"0": {"0": {"Train_loss": 0.2695477136077672, "Test_loss": 0.8971629738807678, "Train_acc": 0.9029016085784801, "Test_acc": 0.7697196483612061}, "1": {"Train_loss": 0.15681552849078584, "Test_loss": 1.8428464651107788, "Train_acc": 0.9479259585930129, "Test_acc": 0.5480676174163819}}, "1": {"0": {"Train_loss": 0.9910624945250741, "Test_loss": 0.7496261954307556, "Train_acc": 0.7789565812062172, "Test_acc": 0.7671926856040955}, "1": {"Train_loss": 0.7232623969094228, "Test_loss": 0.9035074710845947, "Train_acc": 0.9257429191621683, "Test_acc": 0.6830078125}}, "2": {"0": {"Train_loss": 0.8639536495626408, "Test_loss": 0.6689439535140991, "Train_acc": 0.8837459835692913, "Test_acc": 0.7722569823265075}, "1": {"Train_loss": 0.6208122392832223, "Test_loss": 1.0206815958023072, "Train_acc": 0.9403573820146464, "Test_acc": 0.6235161423683167}}, "3": {"0": {"Train_loss": 0.9733031766258017, "Test_loss": 0.6845264434814453, "Train_acc": 0.8815071108567454, "Test_acc": 0.7826465725898742}, "1": {"Train_loss": 0.6899617071879112, "Test_loss": 0.9651800036430359, "Train_acc": 0.9565573425616248, "Test_acc": 0.6412619233131409}}, "4": {"0": {"Train_loss": 0.9578351278374665, "Test_loss": 0.6894420266151429, "Train_acc": 0.8685176829351996, "Test_acc": 0.7842937588691712}, "1": {"Train_loss": 0.6185807616023694, "Test_loss": 0.9635846257209778, "Train_acc": 0.9593833634408854, "Test_acc": 0.6338469624519348}}, "5": {"0": {"Train_loss": 0.9661699489955484, "Test_loss": 0.663052773475647, "Train_acc": 0.8567877759898666, "Test_acc": 0.7892992973327637}, "1": {"Train_loss": 0.6789955274533417, "Test_loss": 0.9499244928359986, "Train_acc": 0.9597597011065079, "Test_acc": 0.64400235414505}}, "6": {"0": {"Train_loss": 0.9338388382083308, "Test_loss": 0.671638035774231, "Train_acc": 0.8827083663348734, "Test_acc": 0.7807729482650757}, "1": {"Train_loss": 0.6636874322163857, "Test_loss": 0.9717447519302368, "Train_acc": 0.9576166645955231, "Test_acc": 0.6326941013336181}}, "7": {"0": {"Train_loss": 0.9646262435147362, "Test_loss": 0.6853696703910828, "Train_acc": 0.8821170364853239, "Test_acc": 0.7890789151191712}, "1": {"Train_loss": 0.7062263700921657, "Test_loss": 0.9319554090499877, "Train_acc": 0.9476402209976972, "Test_acc": 0.6516238570213317}}, "8": {"0": {"Train_loss": 0.9205999252569936, "Test_loss": 0.6832961201667785, "Train_acc": 0.8849906281833231, "Test_acc": 0.7842816591262818}, "1": {"Train_loss": 0.6700332700195959, "Test_loss": 0.9455745100975037, "Train_acc": 0.9581707180556605, "Test_acc": 0.6424986124038696}}, "9": {"0": {"Train_loss": 0.9269579444488469, "Test_loss": 0.6871355056762696, "Train_acc": 0.8827319206112493, "Test_acc": 0.7830052137374878}, "1": {"Train_loss": 0.6521590271238553, "Test_loss": 0.9630778193473816, "Train_acc": 0.9568221730700994, "Test_acc": 0.6294195890426636}}, "10": {"0": {"Train_loss": 0.9671355185717562, "Test_loss": 0.6881579518318176, "Train_acc": 0.8883489370346069, "Test_acc": 0.7832523822784424}, "1": {"Train_loss": 0.6369636685161267, "Test_loss": 0.9480024456977845, "Train_acc": 0.9585679638183723, "Test_acc": 0.6378845691680908}}, "11": {"0": {"Train_loss": 0.9311302978627003, "Test_loss": 0.6758305072784424, "Train_acc": 0.8730958426085702, "Test_acc": 0.7859668850898742}, "1": {"Train_loss": 0.6886713888685582, "Test_loss": 0.9345207810401917, "Train_acc": 0.9579511880874634, "Test_acc": 0.6424916982650757}}, "12": {"0": {"Train_loss": 0.9692680474615445, "Test_loss": 0.6827605247497559, "Train_acc": 0.8850550916943237, "Test_acc": 0.7867031931877136}, "1": {"Train_loss": 0.6763069134647564, "Test_loss": 0.9459059238433838, "Train_acc": 0.951529048256955, "Test_acc": 0.6522694230079651}}, "13": {"0": {"Train_loss": 0.9565497580235892, "Test_loss": 0.6734817028045654, "Train_acc": 0.8805314781021898, "Test_acc": 0.7874904870986938}, "1": {"Train_loss": 0.7280458777637805, "Test_loss": 0.9562860012054444, "Train_acc": 0.9585470567315312, "Test_acc": 0.6481877446174622}}, "14": {"0": {"Train_loss": 0.943901397450997, "Test_loss": 0.6831552267074585, "Train_acc": 0.8705433298201457, "Test_acc": 0.7807591199874878}, "1": {"Train_loss": 0.6066067299600375, "Test_loss": 0.9543523550033569, "Train_acc": 0.9595785009658943, "Test_acc": 0.6417104482650757}}, "15": {"0": {"Train_loss": 0.9373305013580043, "Test_loss": 0.6871867299079895, "Train_acc": 0.8826637376834007, "Test_acc": 0.7855174899101257}, "1": {"Train_loss": 0.6756014076329894, "Test_loss": 0.9430995464324952, "Train_acc": 0.9606657007993278, "Test_acc": 0.6478688478469848}}, "16": {"0": {"Train_loss": 0.9280284295116898, "Test_loss": 0.699672520160675, "Train_acc": 0.8673920483484755, "Test_acc": 0.7784793257713318}, "1": {"Train_loss": 0.6532548332618455, "Test_loss": 0.9607825994491577, "Train_acc": 0.9611256688328113, "Test_acc": 0.6440541982650757}}, "17": {"0": {"Train_loss": 0.9753664340416011, "Test_loss": 0.6800244927406311, "Train_acc": 0.8859885752636151, "Test_acc": 0.7897288084030152}, "1": {"Train_loss": 0.6959405581829912, "Test_loss": 0.9716194868087769, "Train_acc": 0.9562576665716657, "Test_acc": 0.63511563539505}}, "18": {"0": {"Train_loss": 0.9558253544960579, "Test_loss": 0.6795880317687988, "Train_acc": 0.8833195314790211, "Test_acc": 0.7867343068122864}, "1": {"Train_loss": 0.6406399890527887, "Test_loss": 0.9621245741844178, "Train_acc": 0.9599165088039333, "Test_acc": 0.6333967089653015}}, "19": {"0": {"Train_loss": 0.9286055007990259, "Test_loss": 0.6625444889068604, "Train_acc": 0.8840571446140317, "Test_acc": 0.7926654100418091}, "1": {"Train_loss": 0.6372555666050669, "Test_loss": 1.0345285177230834, "Train_acc": 0.9576863575789888, "Test_acc": 0.6249619722366333}}}