{"0": {"0": {"Train_loss": 0.41585693523591877, "Test_loss": 3.250679063796997, "Train_acc": 0.8536333064643704, "Test_acc": 0.4197498977184296}, "1": {"Train_loss": 0.15318406335249238, "Test_loss": 3.0482826232910156, "Train_acc": 0.9486872876177028, "Test_acc": 0.4912498235702515}}, "1": {"0": {"Train_loss": 1.3198250325358645, "Test_loss": 1.0412246942520142, "Train_acc": 0.5959119139885416, "Test_acc": 0.622006356716156}, "1": {"Train_loss": 1.1478120380518388, "Test_loss": 1.0803396940231322, "Train_acc": 0.883514789902434, "Test_acc": 0.5936428427696228}}, "2": {"0": {"Train_loss": 1.1590408780136887, "Test_loss": 1.1217100620269775, "Train_acc": 0.8428711891174316, "Test_acc": 0.5201681733131409}, "1": {"Train_loss": 0.981677133818062, "Test_loss": 1.2183590173721313, "Train_acc": 0.9572267526266526, "Test_acc": 0.5062223434448242}}, "3": {"0": {"Train_loss": 1.3033873706447834, "Test_loss": 1.034185266494751, "Train_acc": 0.7990615890950573, "Test_acc": 0.6111483693122863}, "1": {"Train_loss": 1.1378254999919815, "Test_loss": 1.0650845289230346, "Train_acc": 0.9604933492991389, "Test_acc": 0.5593603134155274}}, "4": {"0": {"Train_loss": 1.2606422451077675, "Test_loss": 1.0535359859466553, "Train_acc": 0.8255151394678621, "Test_acc": 0.5740493655204773}, "1": {"Train_loss": 1.1124915967182236, "Test_loss": 1.1189016819000244, "Train_acc": 0.9640010023603633, "Test_acc": 0.5271760940551757}}, "5": {"0": {"Train_loss": 1.2625065664855801, "Test_loss": 1.0415103912353516, "Train_acc": 0.8214190809094176, "Test_acc": 0.5815628409385681}, "1": {"Train_loss": 1.1240184319262603, "Test_loss": 1.1130377292633056, "Train_acc": 0.9572457330567496, "Test_acc": 0.5387902736663819}}, "6": {"0": {"Train_loss": 1.2695344175611223, "Test_loss": 1.1042781829833985, "Train_acc": 0.8119286779238253, "Test_acc": 0.5685495018959046}, "1": {"Train_loss": 1.1188692097761193, "Test_loss": 1.1488909244537353, "Train_acc": 0.9626856324624042, "Test_acc": 0.5295198440551758}}, "7": {"0": {"Train_loss": 1.2860910600545454, "Test_loss": 1.041882371902466, "Train_acc": 0.8194317908919587, "Test_acc": 0.6010845899581909}, "1": {"Train_loss": 1.127846579162442, "Test_loss": 1.109714388847351, "Train_acc": 0.9545087011492982, "Test_acc": 0.537729012966156}}, "8": {"0": {"Train_loss": 1.276963510075394, "Test_loss": 1.0994394779205323, "Train_acc": 0.8158975644987456, "Test_acc": 0.5631593942642212}, "1": {"Train_loss": 1.1366334216935294, "Test_loss": 1.1047663927078246, "Train_acc": 0.9619093172404231, "Test_acc": 0.537065303325653}}, "9": {"0": {"Train_loss": 1.2972466094153268, "Test_loss": 1.107132124900818, "Train_acc": 0.8203960158387009, "Test_acc": 0.5770118951797485}, "1": {"Train_loss": 1.141484068364513, "Test_loss": 1.1101257801055908, "Train_acc": 0.9582574099910502, "Test_acc": 0.5256213665008544}}, "10": {"0": {"Train_loss": 1.2874802460475845, "Test_loss": 1.058957862854004, "Train_acc": 0.8200126034872872, "Test_acc": 0.587563955783844}, "1": {"Train_loss": 1.1510059590242347, "Test_loss": 1.1047267675399781, "Train_acc": 0.9612715621383823, "Test_acc": 0.540197217464447}}, "11": {"0": {"Train_loss": 1.2974715317998613, "Test_loss": 1.0635644674301148, "Train_acc": 0.8216202776042782, "Test_acc": 0.5786340236663818}, "1": {"Train_loss": 1.0899837004895112, "Test_loss": 1.13437180519104, "Train_acc": 0.9588572036246864, "Test_acc": 0.5237010836601257}}, "12": {"0": {"Train_loss": 1.2956437042781286, "Test_loss": 1.0873134136199951, "Train_acc": 0.8081780702483897, "Test_acc": 0.5673637986183167}, "1": {"Train_loss": 1.1110171201277752, "Test_loss": 1.0896376132965089, "Train_acc": 0.9627425749691165, "Test_acc": 0.5324365615844726}}, "13": {"0": {"Train_loss": 1.2729812191457164, "Test_loss": 1.0568228006362914, "Train_acc": 0.8105601619700996, "Test_acc": 0.5842496871948242}, "1": {"Train_loss": 1.1105007127839692, "Test_loss": 1.1214833498001098, "Train_acc": 0.9615107203016475, "Test_acc": 0.5373064160346985}}, "14": {"0": {"Train_loss": 1.2819525295374345, "Test_loss": 1.0884490013122559, "Train_acc": 0.808756985226456, "Test_acc": 0.5690559267997741}, "1": {"Train_loss": 1.0845606667654855, "Test_loss": 1.096498441696167, "Train_acc": 0.9528915365131534, "Test_acc": 0.540561044216156}}, "15": {"0": {"Train_loss": 1.2372690475716883, "Test_loss": 1.1033993244171143, "Train_acc": 0.8180917458874839, "Test_acc": 0.5683343172073364}, "1": {"Train_loss": 1.1288655971994206, "Test_loss": 1.091935133934021, "Train_acc": 0.9613323010960404, "Test_acc": 0.5368181347846985}}, "16": {"0": {"Train_loss": 1.2734798655218007, "Test_loss": 1.1025707960128783, "Train_acc": 0.8199290876485863, "Test_acc": 0.5625985145568848}, "1": {"Train_loss": 1.1062733810775134, "Test_loss": 1.1153034925460816, "Train_acc": 0.9529579689308089, "Test_acc": 0.5271899223327636}}, "17": {"0": {"Train_loss": 1.2542515275429706, "Test_loss": 1.0976425647735595, "Train_acc": 0.8176020408163265, "Test_acc": 0.5751901268959045}, "1": {"Train_loss": 1.105265343675808, "Test_loss": 1.100529670715332, "Train_acc": 0.9597113400089498, "Test_acc": 0.5369097352027893}}, "18": {"0": {"Train_loss": 1.2549109860342376, "Test_loss": 1.0815754175186156, "Train_acc": 0.8211761269034171, "Test_acc": 0.5654754877090454}, "1": {"Train_loss": 1.1113145728500522, "Test_loss": 1.1194961547851563, "Train_acc": 0.9576993742767645, "Test_acc": 0.5289339065551758}}, "19": {"0": {"Train_loss": 1.2712132930755615, "Test_loss": 1.0804762840270996, "Train_acc": 0.8089164240019662, "Test_acc": 0.5843162298202514}, "1": {"Train_loss": 1.114162957181736, "Test_loss": 1.0932554244995116, "Train_acc": 0.9604534896052613, "Test_acc": 0.5412645220756531}}}