{"0": {"0": {"Train_loss": 0.3713834915234118, "Test_loss": 7.8233723640441895, "Train_acc": 0.8636361914021629, "Test_acc": 0.4220608055591583}, "1": {"Train_loss": 0.09784455787466496, "Test_loss": 12.08718662261963, "Train_acc": 0.9645362611936064, "Test_acc": 0.46365458965301515}}, "1": {"0": {"Train_loss": 1.3122525932837505, "Test_loss": 1.1150290489196777, "Train_acc": 0.5640393434738626, "Test_acc": 0.5895620107650756}, "1": {"Train_loss": 1.1504325672071807, "Test_loss": 1.114124870300293, "Train_acc": 0.8692203443877551, "Test_acc": 0.5701681733131408}}, "2": {"0": {"Train_loss": 1.2172553016214955, "Test_loss": 1.1528676748275757, "Train_acc": 0.8491291610562072, "Test_acc": 0.4955225050449371}, "1": {"Train_loss": 0.9751718543013748, "Test_loss": 1.3174712657928467, "Train_acc": 0.9586749879681334, "Test_acc": 0.4730157613754272}}, "3": {"0": {"Train_loss": 1.329320947734677, "Test_loss": 1.0613702535629272, "Train_acc": 0.7927447764240966, "Test_acc": 0.5951690435409546}, "1": {"Train_loss": 1.1634939106143252, "Test_loss": 1.1450400829315186, "Train_acc": 0.950908041730219, "Test_acc": 0.49871578216552737}}, "4": {"0": {"Train_loss": 1.2734678460627187, "Test_loss": 1.0948415517807006, "Train_acc": 0.8345234302841887, "Test_acc": 0.5508616209030152}, "1": {"Train_loss": 1.118253480414955, "Test_loss": 1.2060472249984742, "Train_acc": 0.9547896166237033, "Test_acc": 0.4794403314590454}}, "5": {"0": {"Train_loss": 1.3448281227325907, "Test_loss": 1.1043442010879516, "Train_acc": 0.7978582059850499, "Test_acc": 0.5787368655204773}, "1": {"Train_loss": 1.1148657239213282, "Test_loss": 1.1706340551376342, "Train_acc": 0.9691846607899179, "Test_acc": 0.48335349559783936}}, "6": {"0": {"Train_loss": 1.3231368697419459, "Test_loss": 1.1346850395202637, "Train_acc": 0.8093188167834768, "Test_acc": 0.5415402054786682}, "1": {"Train_loss": 1.1361148503361915, "Test_loss": 1.2147017955780028, "Train_acc": 0.9527795497252016, "Test_acc": 0.4828980565071106}}, "7": {"0": {"Train_loss": 1.3123756561960493, "Test_loss": 1.0854926109313965, "Train_acc": 0.8166662874270458, "Test_acc": 0.5670198440551758}, "1": {"Train_loss": 1.1342324626689055, "Test_loss": 1.1805952548980714, "Train_acc": 0.9583769890726829, "Test_acc": 0.48391956090927124}}, "8": {"0": {"Train_loss": 1.2943866484019222, "Test_loss": 1.0919564247131348, "Train_acc": 0.8177083335360702, "Test_acc": 0.5602953910827637}, "1": {"Train_loss": 1.1213628856503233, "Test_loss": 1.1692057371139526, "Train_acc": 0.9680856721741813, "Test_acc": 0.48358078598976134}}, "9": {"0": {"Train_loss": 1.302217303490152, "Test_loss": 1.092037558555603, "Train_acc": 0.8125094905191538, "Test_acc": 0.5664148926734924}, "1": {"Train_loss": 1.1203021759889564, "Test_loss": 1.1870794773101807, "Train_acc": 0.961829597852668, "Test_acc": 0.48344423770904543}}, "10": {"0": {"Train_loss": 1.3024213241071116, "Test_loss": 1.0753241777420044, "Train_acc": 0.8240763940373246, "Test_acc": 0.56498202085495}, "1": {"Train_loss": 1.1373632854344893, "Test_loss": 1.2147342205047607, "Train_acc": 0.9623667549113838, "Test_acc": 0.47875760197639466}}, "11": {"0": {"Train_loss": 1.3170217239126867, "Test_loss": 1.1073505640029908, "Train_acc": 0.8181316055813614, "Test_acc": 0.5630686521530152}, "1": {"Train_loss": 1.1339417063460058, "Test_loss": 1.1879963874816895, "Train_acc": 0.9584035624046715, "Test_acc": 0.48709036111831666}}, "12": {"0": {"Train_loss": 1.3323805672781808, "Test_loss": 1.1124845504760743, "Train_acc": 0.8203694425067123, "Test_acc": 0.550841748714447}, "1": {"Train_loss": 1.0996996979324185, "Test_loss": 1.1993727922439574, "Train_acc": 0.9710371871383823, "Test_acc": 0.4786469876766205}}, "13": {"0": {"Train_loss": 1.310662488548123, "Test_loss": 1.0739161014556884, "Train_acc": 0.8236322433364635, "Test_acc": 0.577468192577362}, "1": {"Train_loss": 1.1701899864235703, "Test_loss": 1.2254159450531006, "Train_acc": 0.9587793824624042, "Test_acc": 0.4814980268478394}}, "14": {"0": {"Train_loss": 1.3477477333983596, "Test_loss": 1.1247244358062745, "Train_acc": 0.8218271683673469, "Test_acc": 0.5455631256103516}, "1": {"Train_loss": 1.126004930661649, "Test_loss": 1.186474657058716, "Train_acc": 0.9590982600134246, "Test_acc": 0.4769410252571106}}, "15": {"0": {"Train_loss": 1.3209517160240485, "Test_loss": 1.082753348350525, "Train_acc": 0.824226342293681, "Test_acc": 0.5775520205497742}, "1": {"Train_loss": 1.1536721672330583, "Test_loss": 1.1897831439971924, "Train_acc": 0.968406447342464, "Test_acc": 0.48177112340927125}}, "16": {"0": {"Train_loss": 1.3393257454949983, "Test_loss": 1.1013771772384644, "Train_acc": 0.8171673806346192, "Test_acc": 0.5630945801734925}, "1": {"Train_loss": 1.117281278785394, "Test_loss": 1.1906172275543212, "Train_acc": 0.9555697282966302, "Test_acc": 0.48112727999687194}}, "17": {"0": {"Train_loss": 1.3370459006757152, "Test_loss": 1.0859665155410767, "Train_acc": 0.8243838834519289, "Test_acc": 0.5739923238754272}, "1": {"Train_loss": 1.131533221322663, "Test_loss": 1.1850579261779786, "Train_acc": 0.9659351463220558, "Test_acc": 0.47880945801734925}}, "18": {"0": {"Train_loss": 1.311330303853872, "Test_loss": 1.1010002136230468, "Train_acc": 0.8305488490328496, "Test_acc": 0.5480053901672364}, "1": {"Train_loss": 1.1304588025929976, "Test_loss": 1.1833141326904297, "Train_acc": 0.9596771743832803, "Test_acc": 0.48203211426734927}}, "19": {"0": {"Train_loss": 1.3132340068719826, "Test_loss": 1.1009953975677491, "Train_acc": 0.8243686982563564, "Test_acc": 0.5659456253051758}, "1": {"Train_loss": 1.1365078736324699, "Test_loss": 1.2066059112548828, "Train_acc": 0.9627008170497661, "Test_acc": 0.48097777366638184}}}