{"0": {"0": {"Train_loss": 0.26021259588046664, "Test_loss": 0.5960753321647644, "Train_acc": 0.9068524872299528, "Test_acc": 0.8233251571655273}, "1": {"Train_loss": 0.32222461245827755, "Test_loss": 0.8374887943267822, "Train_acc": 0.8880429025423728, "Test_acc": 0.7563995122909546}}, "1": {"0": {"Train_loss": 0.5613630457516134, "Test_loss": 0.547421908378601, "Train_acc": 0.8656130989972692, "Test_acc": 0.8153579592704773}, "1": {"Train_loss": 0.5080953048447431, "Test_loss": 0.6494553208351135, "Train_acc": 0.8661072708792605, "Test_acc": 0.786722207069397}}, "2": {"0": {"Train_loss": 0.5730184884402003, "Test_loss": 0.519084244966507, "Train_acc": 0.8816595921551225, "Test_acc": 0.8269971966743469}, "1": {"Train_loss": 0.5645060539245605, "Test_loss": 0.6403602480888366, "Train_acc": 0.8752299840167418, "Test_acc": 0.7833171963691712}}, "3": {"0": {"Train_loss": 0.5950661162390326, "Test_loss": 0.5219727277755737, "Train_acc": 0.8866270132308459, "Test_acc": 0.8252782821655273}, "1": {"Train_loss": 0.6007020422967814, "Test_loss": 0.6328277468681336, "Train_acc": 0.8667623774480011, "Test_acc": 0.7836490631103515}}, "4": {"0": {"Train_loss": 0.6260659916557535, "Test_loss": 0.51756831407547, "Train_acc": 0.881296364495354, "Test_acc": 0.8267301559448242}, "1": {"Train_loss": 0.5986392993037983, "Test_loss": 0.6351669430732727, "Train_acc": 0.8754216382059, "Test_acc": 0.7837657332420349}}, "5": {"0": {"Train_loss": 0.5923312863294226, "Test_loss": 0.5119107842445374, "Train_acc": 0.8852522016441735, "Test_acc": 0.8258702635765076}, "1": {"Train_loss": 0.563689793570567, "Test_loss": 0.6348171710968018, "Train_acc": 0.8895168930797254, "Test_acc": 0.7824754595756531}}, "6": {"0": {"Train_loss": 0.6113829430002365, "Test_loss": 0.5214226841926575, "Train_acc": 0.8878518229853498, "Test_acc": 0.8247900009155273}, "1": {"Train_loss": 0.5781942414025129, "Test_loss": 0.6329002857208252, "Train_acc": 0.8919282454555317, "Test_acc": 0.7839472174644471}}, "7": {"0": {"Train_loss": 0.6245058283318569, "Test_loss": 0.5249055027961731, "Train_acc": 0.889159691594813, "Test_acc": 0.8255384087562561}, "1": {"Train_loss": 0.5861589959112264, "Test_loss": 0.6280372738838196, "Train_acc": 0.8871612963029893, "Test_acc": 0.785927128791809}}, "8": {"0": {"Train_loss": 0.5931146592989455, "Test_loss": 0.5199298977851867, "Train_acc": 0.8915498056550966, "Test_acc": 0.8246534466743469}, "1": {"Train_loss": 0.5977966128769567, "Test_loss": 0.6312435507774353, "Train_acc": 0.8850949204574197, "Test_acc": 0.7831469535827636}}, "9": {"0": {"Train_loss": 0.6009411587767357, "Test_loss": 0.5247657895088196, "Train_acc": 0.8902642513713698, "Test_acc": 0.825337040424347}, "1": {"Train_loss": 0.5836193197864598, "Test_loss": 0.6182295083999634, "Train_acc": 0.8887607323921333, "Test_acc": 0.7895533680915833}}, "10": {"0": {"Train_loss": 0.6023662795115562, "Test_loss": 0.5212704300880432, "Train_acc": 0.8905506190592355, "Test_acc": 0.8233191013336182}, "1": {"Train_loss": 0.5988882173926143, "Test_loss": 0.6315987586975098, "Train_acc": 0.8792651649248802, "Test_acc": 0.7856082320213318}}, "11": {"0": {"Train_loss": 0.5985003189883963, "Test_loss": 0.509465092420578, "Train_acc": 0.8906126031040276, "Test_acc": 0.8302388668060303}, "1": {"Train_loss": 0.563803223230071, "Test_loss": 0.624680757522583, "Train_acc": 0.8875585420657013, "Test_acc": 0.7873271584510804}}, "12": {"0": {"Train_loss": 0.5968852700108159, "Test_loss": 0.5232912182807923, "Train_acc": 0.8898985442453927, "Test_acc": 0.8267301559448242}, "1": {"Train_loss": 0.5555704044083417, "Test_loss": 0.6253846049308777, "Train_acc": 0.8928307597920045, "Test_acc": 0.7841433882713318}}, "13": {"0": {"Train_loss": 0.6130584078113528, "Test_loss": 0.5130612015724182, "Train_acc": 0.8812765292007557, "Test_acc": 0.8258063077926636}, "1": {"Train_loss": 0.5826425602880575, "Test_loss": 0.6231824636459351, "Train_acc": 0.8889279941381034, "Test_acc": 0.7870402336120605}}, "14": {"0": {"Train_loss": 0.5993888541294711, "Test_loss": 0.5299583196640014, "Train_acc": 0.878616163765427, "Test_acc": 0.8258840918540955}, "1": {"Train_loss": 0.5789068694842063, "Test_loss": 0.6586477279663085, "Train_acc": 0.8770315293538369, "Test_acc": 0.778101670742035}}, "15": {"0": {"Train_loss": 0.6227564394038959, "Test_loss": 0.5378398060798645, "Train_acc": 0.8862055200729927, "Test_acc": 0.8245497465133667}, "1": {"Train_loss": 0.6003764645527985, "Test_loss": 0.6468650341033936, "Train_acc": 0.8741811160313882, "Test_acc": 0.7784473538398743}}, "16": {"0": {"Train_loss": 0.602993551832046, "Test_loss": 0.5242943048477173, "Train_acc": 0.8877724831121682, "Test_acc": 0.8271596670150757}, "1": {"Train_loss": 0.6042405195155386, "Test_loss": 0.6396284222602844, "Train_acc": 0.8849520521648859, "Test_acc": 0.7828608989715576}}, "17": {"0": {"Train_loss": 0.6156202071774615, "Test_loss": 0.5226049780845642, "Train_acc": 0.8932419767344955, "Test_acc": 0.8231168746948242}, "1": {"Train_loss": 0.5895896452968403, "Test_loss": 0.6144300818443298, "Train_acc": 0.8876630795204034, "Test_acc": 0.7884273052215576}}, "18": {"0": {"Train_loss": 0.6027008599608484, "Test_loss": 0.5190235018730164, "Train_acc": 0.8865737071002486, "Test_acc": 0.8253430962562561}, "1": {"Train_loss": 0.5647152743097079, "Test_loss": 0.6185550928115845, "Train_acc": 0.8880498722448187, "Test_acc": 0.787008261680603}}, "19": {"0": {"Train_loss": 0.6182091014228598, "Test_loss": 0.516400671005249, "Train_acc": 0.8794368357553969, "Test_acc": 0.8305767774581909}, "1": {"Train_loss": 0.6043613613662073, "Test_loss": 0.6440695524215698, "Train_acc": 0.8665045166419725, "Test_acc": 0.7814746975898743}}}