{"0": {"0": {"Train_loss": 0.24543668775662889, "Test_loss": 2.2840639114379884, "Train_acc": 0.9090368138612622, "Test_acc": 0.6211335062980652}, "1": {"Train_loss": 0.07561089445726346, "Test_loss": 4.418050479888916, "Train_acc": 0.9739072262230566, "Test_acc": 0.3137289106845856}}, "1": {"0": {"Train_loss": 1.1478166188636836, "Test_loss": 1.036490297317505, "Train_acc": 0.6900549926897035, "Test_acc": 0.6726337790489196}, "1": {"Train_loss": 1.1266328177209628, "Test_loss": 1.3090508222579955, "Train_acc": 0.9139056923025746, "Test_acc": 0.47880340814590455}}, "2": {"0": {"Train_loss": 1.1352470808655677, "Test_loss": 0.9462952971458435, "Train_acc": 0.9015057226167108, "Test_acc": 0.6264147162437439}, "1": {"Train_loss": 0.8325114421925303, "Test_loss": 1.50652117729187, "Train_acc": 0.9797369817555961, "Test_acc": 0.3571556985378265}}, "3": {"0": {"Train_loss": 1.1562140074959637, "Test_loss": 0.9424584865570068, "Train_acc": 0.8636990241760755, "Test_acc": 0.6738566398620606}, "1": {"Train_loss": 1.0318745657549067, "Test_loss": 1.312534761428833, "Train_acc": 0.9834899084042694, "Test_acc": 0.42415393590927125}}, "4": {"0": {"Train_loss": 1.1502766034898966, "Test_loss": 0.9264278054237366, "Train_acc": 0.8764491929625072, "Test_acc": 0.660647988319397}, "1": {"Train_loss": 0.9391045934062893, "Test_loss": 1.4218891859054565, "Train_acc": 0.9761617698911893, "Test_acc": 0.3699279248714447}}, "5": {"0": {"Train_loss": 1.1534143268626973, "Test_loss": 0.934771454334259, "Train_acc": 0.8884741450748305, "Test_acc": 0.6716433882713317}, "1": {"Train_loss": 1.0035016637737468, "Test_loss": 1.4223302125930786, "Train_acc": 0.9756321088742401, "Test_acc": 0.37928218245506284}}, "6": {"0": {"Train_loss": 1.1781512951328807, "Test_loss": 0.9347205042839051, "Train_acc": 0.8866666833849719, "Test_acc": 0.6663310647010803}, "1": {"Train_loss": 0.9415619262194229, "Test_loss": 1.3980926752090455, "Train_acc": 0.9793815511768147, "Test_acc": 0.38234928250312805}}, "7": {"0": {"Train_loss": 1.1478676421798928, "Test_loss": 0.9586403727531433, "Train_acc": 0.8848654197080292, "Test_acc": 0.658142626285553}, "1": {"Train_loss": 0.9813849198616157, "Test_loss": 1.391118335723877, "Train_acc": 0.9810402262008796, "Test_acc": 0.3845685839653015}}, "8": {"0": {"Train_loss": 1.1526343326498991, "Test_loss": 0.9439385414123536, "Train_acc": 0.8918498097545039, "Test_acc": 0.6573086619377136}, "1": {"Train_loss": 0.9465851116988618, "Test_loss": 1.367947769165039, "Train_acc": 0.9799146965398626, "Test_acc": 0.3921002149581909}}, "9": {"0": {"Train_loss": 1.1757283611019163, "Test_loss": 0.9746175169944763, "Train_acc": 0.8795979949679688, "Test_acc": 0.6609876275062561}, "1": {"Train_loss": 0.9537574133630526, "Test_loss": 1.4479143142700195, "Train_acc": 0.982099548234778, "Test_acc": 0.3766264498233795}}, "10": {"0": {"Train_loss": 1.1520152709779947, "Test_loss": 0.9528862833976746, "Train_acc": 0.8751995894160584, "Test_acc": 0.6422972559928894}, "1": {"Train_loss": 0.9943394943819208, "Test_loss": 1.4152491569519043, "Train_acc": 0.9808206962326825, "Test_acc": 0.38842211961746215}}, "11": {"0": {"Train_loss": 1.1526765344786818, "Test_loss": 0.9398364901542664, "Train_acc": 0.9013272075757494, "Test_acc": 0.6602962493896485}, "1": {"Train_loss": 0.9959145440893659, "Test_loss": 1.4719154834747314, "Train_acc": 0.9801934654429808, "Test_acc": 0.37522037625312804}}, "12": {"0": {"Train_loss": 1.1663692319480172, "Test_loss": 0.9242424130439758, "Train_acc": 0.900853647802868, "Test_acc": 0.6642603993415832}, "1": {"Train_loss": 0.9807129168914537, "Test_loss": 1.4300827503204345, "Train_acc": 0.9802840655132875, "Test_acc": 0.3755850732326508}}, "13": {"0": {"Train_loss": 1.1773673461301484, "Test_loss": 0.9588313937187195, "Train_acc": 0.8993313134151654, "Test_acc": 0.6525900483131408}, "1": {"Train_loss": 0.9730700294850236, "Test_loss": 1.3826172351837158, "Train_acc": 0.9759875394530215, "Test_acc": 0.4036677241325378}}, "14": {"0": {"Train_loss": 1.1654586748485147, "Test_loss": 0.9283079504966736, "Train_acc": 0.8697883608567454, "Test_acc": 0.6721964836120605}, "1": {"Train_loss": 0.9924663729586843, "Test_loss": 1.4276829957962036, "Train_acc": 0.979426850706844, "Test_acc": 0.3737425684928894}}, "15": {"0": {"Train_loss": 1.2107229937602133, "Test_loss": 0.9762809634208679, "Train_acc": 0.8876894242572089, "Test_acc": 0.6538906931877136}, "1": {"Train_loss": 0.9331032835831077, "Test_loss": 1.4346556425094605, "Train_acc": 0.9750118477869842, "Test_acc": 0.3915998339653015}}, "16": {"0": {"Train_loss": 1.1418960703550465, "Test_loss": 0.9498866558074951, "Train_acc": 0.8920382417901589, "Test_acc": 0.6610982418060303}, "1": {"Train_loss": 0.9736434797109184, "Test_loss": 1.4581262111663817, "Train_acc": 0.977266391455117, "Test_acc": 0.37384713888168336}}, "17": {"0": {"Train_loss": 1.156975039600456, "Test_loss": 0.92842698097229, "Train_acc": 0.8963213562965393, "Test_acc": 0.6651211619377136}, "1": {"Train_loss": 0.9701186741812754, "Test_loss": 1.4151413202285767, "Train_acc": 0.9804443575568118, "Test_acc": 0.3870091259479523}}, "18": {"0": {"Train_loss": 1.1599347808935347, "Test_loss": 0.9399758100509643, "Train_acc": 0.904065673803761, "Test_acc": 0.6580968260765075}, "1": {"Train_loss": 0.9370994931560451, "Test_loss": 1.4404881954193116, "Train_acc": 0.9819636486344419, "Test_acc": 0.37846204042434695}}, "19": {"0": {"Train_loss": 1.1438178119868259, "Test_loss": 0.9363106846809387, "Train_acc": 0.8896146560237356, "Test_acc": 0.658270537853241}, "1": {"Train_loss": 0.9693408790281264, "Test_loss": 1.4048577547073364, "Train_acc": 0.9817859338501752, "Test_acc": 0.37795475125312805}}}