{"0": {"0": {"Train_loss": 0.5008638051091409, "Test_loss": 1.358594822883606, "Train_acc": 0.8280566693568716, "Test_acc": 0.57275390625}, "1": {"Train_loss": 0.17071497181848605, "Test_loss": 1.6693170070648193, "Train_acc": 0.9417118411891314, "Test_acc": 0.6299208402633667}}, "1": {"0": {"Train_loss": 1.1207891617502486, "Test_loss": 0.8767331838607788, "Train_acc": 0.7318790238730761, "Test_acc": 0.684604012966156}, "1": {"Train_loss": 1.0121894576111619, "Test_loss": 0.82942795753479, "Train_acc": 0.9000755438999254, "Test_acc": 0.7264544725418091}}, "2": {"0": {"Train_loss": 0.9768401451256811, "Test_loss": 0.912372350692749, "Train_acc": 0.8186061254569462, "Test_acc": 0.6519583106040955}, "1": {"Train_loss": 0.8931817327226911, "Test_loss": 0.8905126452445984, "Train_acc": 0.9389501335669537, "Test_acc": 0.68251953125}}, "3": {"0": {"Train_loss": 1.0937424898147583, "Test_loss": 0.8795672416687011, "Train_acc": 0.793955751827785, "Test_acc": 0.6850741505622864}, "1": {"Train_loss": 1.0199966765179926, "Test_loss": 0.8281040787696838, "Train_acc": 0.9338405004569462, "Test_acc": 0.7068739652633667}}, "4": {"0": {"Train_loss": 1.026540182074722, "Test_loss": 0.8918055891990662, "Train_acc": 0.8174520925599702, "Test_acc": 0.6765771865844726}, "1": {"Train_loss": 0.9679228973631956, "Test_loss": 0.825105094909668, "Train_acc": 0.9441053210472574, "Test_acc": 0.6989188671112061}}, "5": {"0": {"Train_loss": 1.0517378376454722, "Test_loss": 0.8594049692153931, "Train_acc": 0.8097401906032952, "Test_acc": 0.6880150675773621}, "1": {"Train_loss": 1.0092317839058078, "Test_loss": 0.8357998967170716, "Train_acc": 0.9234333245121703, "Test_acc": 0.6946608781814575}}, "6": {"0": {"Train_loss": 1.0565360827105386, "Test_loss": 0.8638932347297669, "Train_acc": 0.8077604928795172, "Test_acc": 0.6844804286956787}, "1": {"Train_loss": 0.9448877901447063, "Test_loss": 0.8230286240577698, "Train_acc": 0.9363118014773544, "Test_acc": 0.7017750978469849}}, "7": {"0": {"Train_loss": 1.0532497587252636, "Test_loss": 0.8673199892044068, "Train_acc": 0.8032981053907045, "Test_acc": 0.6828271865844726}, "1": {"Train_loss": 0.9755771500723702, "Test_loss": 0.8481112360954285, "Train_acc": 0.9427330086425859, "Test_acc": 0.6929946780204773}}, "8": {"0": {"Train_loss": 1.069224019439853, "Test_loss": 0.876346230506897, "Train_acc": 0.8120957089930164, "Test_acc": 0.6892189264297486}, "1": {"Train_loss": 0.9594812545241141, "Test_loss": 0.8387141108512879, "Train_acc": 0.9392253555813614, "Test_acc": 0.6942037105560303}}, "9": {"0": {"Train_loss": 1.0893405092005828, "Test_loss": 0.8584184885025025, "Train_acc": 0.8042015913797884, "Test_acc": 0.689409053325653}, "1": {"Train_loss": 0.977878500004204, "Test_loss": 0.8385583877563476, "Train_acc": 0.9336468966639772, "Test_acc": 0.6901885747909546}}, "10": {"0": {"Train_loss": 1.0479184565495472, "Test_loss": 0.9163094520568847, "Train_acc": 0.7991356144146043, "Test_acc": 0.6594320416450501}, "1": {"Train_loss": 0.9674844145774841, "Test_loss": 0.8273321747779846, "Train_acc": 0.9405767887222524, "Test_acc": 0.6970763564109802}}, "11": {"0": {"Train_loss": 1.0811513650174043, "Test_loss": 0.8783816456794739, "Train_acc": 0.8013601649780663, "Test_acc": 0.6757181644439697}, "1": {"Train_loss": 0.9988860372377901, "Test_loss": 0.8399093508720398, "Train_acc": 0.9409772838865008, "Test_acc": 0.7047566413879395}}, "12": {"0": {"Train_loss": 1.03730046749115, "Test_loss": 0.8770449161529541, "Train_acc": 0.8145233538686013, "Test_acc": 0.6910674810409546}, "1": {"Train_loss": 0.9921017453378561, "Test_loss": 0.8340826511383057, "Train_acc": 0.9340227161134992, "Test_acc": 0.6973174810409546}}, "13": {"0": {"Train_loss": 1.074048010670409, "Test_loss": 0.8919368267059327, "Train_acc": 0.8059952776042782, "Test_acc": 0.6742075204849243}, "1": {"Train_loss": 0.9819236890393861, "Test_loss": 0.8119860172271729, "Train_acc": 0.941237320705336, "Test_acc": 0.7059803605079651}}, "14": {"0": {"Train_loss": 1.047761751680958, "Test_loss": 0.8797953367233277, "Train_acc": 0.8081780702483897, "Test_acc": 0.6798784852027893}, "1": {"Train_loss": 0.9777631923860434, "Test_loss": 0.8398550987243653, "Train_acc": 0.9279659408695844, "Test_acc": 0.6969337701797486}}, "15": {"0": {"Train_loss": 1.0263346944536482, "Test_loss": 0.8638920903205871, "Train_acc": 0.8089031370318666, "Test_acc": 0.6881058096885682}, "1": {"Train_loss": 0.9886081048420498, "Test_loss": 0.8127305269241333, "Train_acc": 0.9444488737047935, "Test_acc": 0.7019176959991456}}, "16": {"0": {"Train_loss": 1.0410465877883288, "Test_loss": 0.8719256758689881, "Train_acc": 0.8124506497869686, "Test_acc": 0.6858018159866333}, "1": {"Train_loss": 0.9548675722005416, "Test_loss": 0.8231723666191101, "Train_acc": 0.9418788722583226, "Test_acc": 0.7027922749519349}}, "17": {"0": {"Train_loss": 1.0180975107514127, "Test_loss": 0.8862942934036255, "Train_acc": 0.8080338160602414, "Test_acc": 0.6710315227508545}, "1": {"Train_loss": 0.9551805671380491, "Test_loss": 0.8176264047622681, "Train_acc": 0.938122570514679, "Test_acc": 0.7101787209510804}}, "18": {"0": {"Train_loss": 1.03896387560027, "Test_loss": 0.8836730122566223, "Train_acc": 0.8101995264997288, "Test_acc": 0.6744875192642212}, "1": {"Train_loss": 0.9650577860219138, "Test_loss": 0.7989376664161683, "Train_acc": 0.9389710128307343, "Test_acc": 0.7140529990196228}}, "19": {"0": {"Train_loss": 1.076781993617817, "Test_loss": 0.9043706893920899, "Train_acc": 0.8013373880970235, "Test_acc": 0.6651600480079651}, "1": {"Train_loss": 0.9918618488068484, "Test_loss": 0.8051039099693298, "Train_acc": 0.9417972546450946, "Test_acc": 0.7109478712081909}}}