{"0": {"0": {"Train_loss": 0.6256774493626186, "Test_loss": 0.7468154788017273, "Train_acc": 0.779209563318564, "Test_acc": 0.74873046875}, "1": {"Train_loss": 0.4414414158281015, "Test_loss": 0.6855762124061584, "Train_acc": 0.8433267279547088, "Test_acc": 0.7895853519439697}}, "1": {"0": {"Train_loss": 0.744058042156453, "Test_loss": 0.7051501750946045, "Train_acc": 0.7742384903284968, "Test_acc": 0.7590612888336181}, "1": {"Train_loss": 0.6645988286757956, "Test_loss": 0.5824766993522644, "Train_acc": 0.8786120475554953, "Test_acc": 0.8041335344314575}}, "2": {"0": {"Train_loss": 0.7781688005340343, "Test_loss": 0.6787602782249451, "Train_acc": 0.7856212799646416, "Test_acc": 0.7642033696174622}, "1": {"Train_loss": 0.705849899929397, "Test_loss": 0.5812879204750061, "Train_acc": 0.8887895564643704, "Test_acc": 0.8058801174163819}}, "3": {"0": {"Train_loss": 0.7961649791318544, "Test_loss": 0.705017876625061, "Train_acc": 0.7829089225554953, "Test_acc": 0.7557159185409545}, "1": {"Train_loss": 0.7307539564006182, "Test_loss": 0.5758676528930664, "Train_acc": 0.8905300960248831, "Test_acc": 0.8104172468185424}}, "4": {"0": {"Train_loss": 0.7977352823529925, "Test_loss": 0.7127209305763245, "Train_acc": 0.7820813595032206, "Test_acc": 0.7541145205497741}, "1": {"Train_loss": 0.7134305354283781, "Test_loss": 0.5831854462623596, "Train_acc": 0.8774694034031459, "Test_acc": 0.8096498250961304}}, "5": {"0": {"Train_loss": 0.7970295116609457, "Test_loss": 0.6945811629295349, "Train_acc": 0.7842242924534545, "Test_acc": 0.7580847263336181}, "1": {"Train_loss": 0.7577313348955038, "Test_loss": 0.6164386391639709, "Train_acc": 0.8837027002354058, "Test_acc": 0.8008019924163818}}, "6": {"0": {"Train_loss": 0.8304860677037921, "Test_loss": 0.7059451341629028, "Train_acc": 0.7712053571428571, "Test_acc": 0.7523247361183166}, "1": {"Train_loss": 0.7448713925420022, "Test_loss": 0.5966088175773621, "Train_acc": 0.8721395925599702, "Test_acc": 0.8050988674163818}}, "7": {"0": {"Train_loss": 0.8067973347342744, "Test_loss": 0.7245590925216675, "Train_acc": 0.7797808860029493, "Test_acc": 0.747494637966156}, "1": {"Train_loss": 0.7374479065136034, "Test_loss": 0.5931548476219177, "Train_acc": 0.8614951560691911, "Test_acc": 0.8009912490844726}}, "8": {"0": {"Train_loss": 0.7873328832947478, "Test_loss": 0.7069785714149475, "Train_acc": 0.7842793367346939, "Test_acc": 0.7565688967704773}, "1": {"Train_loss": 0.7249365819960224, "Test_loss": 0.5998817086219788, "Train_acc": 0.8882334183673469, "Test_acc": 0.8035622954368591}}, "9": {"0": {"Train_loss": 0.8046909236178106, "Test_loss": 0.6835099458694458, "Train_acc": 0.7871796038686013, "Test_acc": 0.7617973923683167}, "1": {"Train_loss": 0.7149786632888171, "Test_loss": 0.5910180330276489, "Train_acc": 0.8862043704305377, "Test_acc": 0.8076949715614319}}, "10": {"0": {"Train_loss": 0.8247431145638836, "Test_loss": 0.7208463788032532, "Train_acc": 0.7621723912200149, "Test_acc": 0.7469277143478393}, "1": {"Train_loss": 0.7350165010715017, "Test_loss": 0.5798982143402099, "Train_acc": 0.873487229858126, "Test_acc": 0.8058083891868592}}, "11": {"0": {"Train_loss": 0.8027404060169142, "Test_loss": 0.6929072141647339, "Train_acc": 0.787090394569903, "Test_acc": 0.7597457528114319}, "1": {"Train_loss": 0.7122802472844416, "Test_loss": 0.5916045427322387, "Train_acc": 0.8743242834295545, "Test_acc": 0.8004822254180908}}, "12": {"0": {"Train_loss": 0.7941191378904848, "Test_loss": 0.7175110459327698, "Train_acc": 0.773944287883992, "Test_acc": 0.7490173816680908}, "1": {"Train_loss": 0.7189917868497421, "Test_loss": 0.5744856119155883, "Train_acc": 0.8771334430392907, "Test_acc": 0.8093888282775878}}, "13": {"0": {"Train_loss": 0.795705759403657, "Test_loss": 0.6958435893058776, "Train_acc": 0.7857921068765679, "Test_acc": 0.7628837108612061}, "1": {"Train_loss": 0.7245051495882929, "Test_loss": 0.6065719127655029, "Train_acc": 0.8807378983011052, "Test_acc": 0.802670419216156}}, "14": {"0": {"Train_loss": 0.8074643952505929, "Test_loss": 0.7101668238639831, "Train_acc": 0.7691782074315208, "Test_acc": 0.7517387986183166}, "1": {"Train_loss": 0.7253596983393844, "Test_loss": 0.5930817008018494, "Train_acc": 0.8832908163265306, "Test_acc": 0.8005167961120605}}, "15": {"0": {"Train_loss": 0.8020166037034016, "Test_loss": 0.6938825488090515, "Train_acc": 0.781318331251339, "Test_acc": 0.7590828895568847}, "1": {"Train_loss": 0.6954999243726536, "Test_loss": 0.5911204934120178, "Train_acc": 0.8856691115972947, "Test_acc": 0.8055085062980651}}, "16": {"0": {"Train_loss": 0.8121773576249882, "Test_loss": 0.7101046204566955, "Train_acc": 0.7786287507232355, "Test_acc": 0.7521164655685425}, "1": {"Train_loss": 0.7578235803818216, "Test_loss": 0.6213172078132629, "Train_acc": 0.876953125, "Test_acc": 0.8025079488754272}}, "17": {"0": {"Train_loss": 0.8296044018803811, "Test_loss": 0.713803231716156, "Train_acc": 0.7709908740861076, "Test_acc": 0.7516281843185425}, "1": {"Train_loss": 0.7412833528859275, "Test_loss": 0.5867812275886536, "Train_acc": 0.8760173716107194, "Test_acc": 0.8072282910346985}}, "18": {"0": {"Train_loss": 0.8144845062372635, "Test_loss": 0.722528052330017, "Train_acc": 0.7787673108431757, "Test_acc": 0.751569414138794}, "1": {"Train_loss": 0.7522092406847039, "Test_loss": 0.5941518068313598, "Train_acc": 0.8748595422627975, "Test_acc": 0.8019608974456787}}, "19": {"0": {"Train_loss": 0.8110090634044336, "Test_loss": 0.7048516988754272, "Train_acc": 0.7799687957277104, "Test_acc": 0.750710380077362}, "1": {"Train_loss": 0.7150926705525846, "Test_loss": 0.5911954760551452, "Train_acc": 0.884665026956675, "Test_acc": 0.8081512689590454}}}