{"0": {"0": {"Train_loss": 0.008090967762499774, "Test_loss": 0.24893487493197122, "Train_acc": 0.997567982208438, "Test_acc": 0.9356750647226969}, "1": {"Train_loss": 0.012453663835508956, "Test_loss": 0.6340104738871256, "Train_acc": 0.9961446358097924, "Test_acc": 0.8322797020276388}}, "1": {"0": {"Train_loss": 0.3778556534429876, "Test_loss": 0.1679126520951589, "Train_acc": 0.921127414557992, "Test_acc": 0.9534461895624796}, "1": {"Train_loss": 0.35567235201597214, "Test_loss": 0.12103770176569621, "Train_acc": 0.9318408022324244, "Test_acc": 0.9700996081034342}}, "2": {"0": {"Train_loss": 0.1439575707403625, "Test_loss": 0.11863433569669724, "Train_acc": 0.993344527919118, "Test_acc": 0.9687543114026388}, "1": {"Train_loss": 0.15340514356891313, "Test_loss": 0.2836201737324397, "Train_acc": 0.9944627781709036, "Test_acc": 0.8998339176177979}}, "3": {"0": {"Train_loss": 0.38971033001818306, "Test_loss": 0.15047401438156763, "Train_acc": 0.9700359469506799, "Test_acc": 0.9770752588907877}, "1": {"Train_loss": 0.36506206625037724, "Test_loss": 0.15672749280929565, "Train_acc": 0.9788123352660073, "Test_acc": 0.9682343602180481}}, "4": {"0": {"Train_loss": 0.27781814591186804, "Test_loss": 0.13544923067092896, "Train_acc": 0.9896551661375093, "Test_acc": 0.9775635401407877}, "1": {"Train_loss": 0.27517661245332825, "Test_loss": 0.2289418081442515, "Train_acc": 0.9940575609604517, "Test_acc": 0.9373026688893636}}, "5": {"0": {"Train_loss": 0.38152835172850913, "Test_loss": 0.15846079091231027, "Train_acc": 0.980824639884437, "Test_acc": 0.978236198425293}, "1": {"Train_loss": 0.35124289575550294, "Test_loss": 0.19135548174381256, "Train_acc": 0.9911245057980219, "Test_acc": 0.9624563654263815}}, "6": {"0": {"Train_loss": 0.33124227240318205, "Test_loss": 0.1505188743273417, "Train_acc": 0.9894433195998029, "Test_acc": 0.9797060887018839}, "1": {"Train_loss": 0.35127608726421994, "Test_loss": 0.22202876210212708, "Train_acc": 0.9936201655202441, "Test_acc": 0.9461068511009216}}, "7": {"0": {"Train_loss": 0.37662295561011244, "Test_loss": 0.16497262318929037, "Train_acc": 0.9828906844301921, "Test_acc": 0.9811377922693888}, "1": {"Train_loss": 0.3763448761569129, "Test_loss": 0.2108758588631948, "Train_acc": 0.9911024305555556, "Test_acc": 0.9577312668164571}}, "8": {"0": {"Train_loss": 0.4067922612515891, "Test_loss": 0.16775813698768616, "Train_acc": 0.9844475875540477, "Test_acc": 0.9794288078943888}, "1": {"Train_loss": 0.3856686130166054, "Test_loss": 0.2252394159634908, "Train_acc": 0.9935692797104517, "Test_acc": 0.9500397443771362}}, "9": {"0": {"Train_loss": 0.37349945524843725, "Test_loss": 0.16303286453088126, "Train_acc": 0.9857990741729736, "Test_acc": 0.9783125321070353}, "1": {"Train_loss": 0.3708000108599663, "Test_loss": 0.23162661492824554, "Train_acc": 0.9924842102660073, "Test_acc": 0.9514383474985758}}, "10": {"0": {"Train_loss": 0.4054882798979922, "Test_loss": 0.1749678204456965, "Train_acc": 0.9836940859876028, "Test_acc": 0.9803189436594645}, "1": {"Train_loss": 0.392668243083689, "Test_loss": 0.23529229064782461, "Train_acc": 0.9928351740042368, "Test_acc": 0.9481730461120605}}, "11": {"0": {"Train_loss": 0.3966317660197979, "Test_loss": 0.16933203240235647, "Train_acc": 0.9844024704723824, "Test_acc": 0.9784421722094218}, "1": {"Train_loss": 0.39060842411385643, "Test_loss": 0.2426914225021998, "Train_acc": 0.9936777866548963, "Test_acc": 0.9474521478017172}}, "12": {"0": {"Train_loss": 0.4128580384138154, "Test_loss": 0.17775197327136993, "Train_acc": 0.9853602560555063, "Test_acc": 0.9798688491185507}, "1": {"Train_loss": 0.4013689102398025, "Test_loss": 0.2413216531276703, "Train_acc": 0.9929470486111112, "Test_acc": 0.9455321629842123}}, "13": {"0": {"Train_loss": 0.4081007990895248, "Test_loss": 0.17210027078787485, "Train_acc": 0.9849842001752156, "Test_acc": 0.979945182800293}, "1": {"Train_loss": 0.40135612669918275, "Test_loss": 0.25394729773203534, "Train_acc": 0.9931098090277778, "Test_acc": 0.9389036297798157}}, "14": {"0": {"Train_loss": 0.430963042305737, "Test_loss": 0.1827231893936793, "Train_acc": 0.9838395184133111, "Test_acc": 0.9790550470352173}, "1": {"Train_loss": 0.4140019855565495, "Test_loss": 0.24062263468901315, "Train_acc": 0.9919416755437851, "Test_acc": 0.9498006502787272}}, "15": {"0": {"Train_loss": 0.3972081167668831, "Test_loss": 0.16453870137532553, "Train_acc": 0.9862816195662428, "Test_acc": 0.9799667795499166}, "1": {"Train_loss": 0.4211236644122336, "Test_loss": 0.24016787111759186, "Train_acc": 0.9937065972222222, "Test_acc": 0.9448429346084595}}, "16": {"0": {"Train_loss": 0.39550654408408376, "Test_loss": 0.1691777358452479, "Train_acc": 0.9854291910078468, "Test_acc": 0.978626529375712}, "1": {"Train_loss": 0.3995889259709252, "Test_loss": 0.23902955651283264, "Train_acc": 0.9930776307980219, "Test_acc": 0.9467629392941793}}, "17": {"0": {"Train_loss": 0.4048499007050584, "Test_loss": 0.16796618203322092, "Train_acc": 0.9855457631553092, "Test_acc": 0.9799286127090454}, "1": {"Train_loss": 0.4405919329987632, "Test_loss": 0.24328738947709402, "Train_acc": 0.9919704861111112, "Test_acc": 0.9507390459378561}}, "18": {"0": {"Train_loss": 0.4073407828080945, "Test_loss": 0.17235488692919412, "Train_acc": 0.9873159018958487, "Test_acc": 0.9793423811594645}, "1": {"Train_loss": 0.43254223714272183, "Test_loss": 0.24399659037590027, "Train_acc": 0.9922960069444444, "Test_acc": 0.9465569655100504}}, "19": {"0": {"Train_loss": 0.40275316013068685, "Test_loss": 0.17167306443055472, "Train_acc": 0.9860910707857551, "Test_acc": 0.9791745940844218}, "1": {"Train_loss": 0.40123257289330166, "Test_loss": 0.23351621627807617, "Train_acc": 0.9939490540160073, "Test_acc": 0.9518999656041464}}}