{"0": {"0": {"Train_loss": 0.009616629217705893, "Test_loss": 6.099499543507894, "Train_acc": 0.9968083079268293, "Test_acc": 0.6965202291806539}, "1": {"Train_loss": 0.01703381951018754, "Test_loss": 26.888017654418945, "Train_acc": 0.9943288283215629, "Test_acc": 0.29932432373364765}}, "1": {"0": {"Train_loss": 0.9061119331092369, "Test_loss": 0.5327443679173788, "Train_acc": 0.6492276293475453, "Test_acc": 0.8322624166806539}, "1": {"Train_loss": 0.9848150528139539, "Test_loss": 0.34280131260554, "Train_acc": 0.6728657798634635, "Test_acc": 0.8960083325703939}}, "2": {"0": {"Train_loss": 0.2622632936733525, "Test_loss": 0.3518292208512624, "Train_acc": 0.9906505055543853, "Test_acc": 0.8461496432622274}, "1": {"Train_loss": 0.2969902662767304, "Test_loss": 0.7965631087621053, "Train_acc": 0.9963107638888888, "Test_acc": 0.5911271174748739}}, "3": {"0": {"Train_loss": 0.7945366741680517, "Test_loss": 0.3631005585193634, "Train_acc": 0.9479785365302388, "Test_acc": 0.9543348948160807}, "1": {"Train_loss": 0.825275429421001, "Test_loss": 0.34073959787686664, "Train_acc": 0.9690721531709036, "Test_acc": 0.9392572442690531}}, "4": {"0": {"Train_loss": 0.43253341935029843, "Test_loss": 0.33214237292607623, "Train_acc": 0.9831877219967726, "Test_acc": 0.9068657557169596}, "1": {"Train_loss": 0.4926472066177262, "Test_loss": 0.5827287435531616, "Train_acc": 0.9951171875, "Test_acc": 0.7809590498606364}}, "5": {"0": {"Train_loss": 0.7199915952798797, "Test_loss": 0.3268730143706004, "Train_acc": 0.972287498596238, "Test_acc": 0.9648365378379822}, "1": {"Train_loss": 0.7619063854217529, "Test_loss": 0.4288479685783386, "Train_acc": 0.987735347615348, "Test_acc": 0.8998980124791464}}, "6": {"0": {"Train_loss": 0.5598105068613843, "Test_loss": 0.3276027937730153, "Train_acc": 0.9846507398093619, "Test_acc": 0.9352681636810303}, "1": {"Train_loss": 0.5784295681450102, "Test_loss": 0.48697906732559204, "Train_acc": 0.9950629340277778, "Test_acc": 0.8538094560305277}}, "7": {"0": {"Train_loss": 0.6661989965089937, "Test_loss": 0.3196886380513509, "Train_acc": 0.9797553238345356, "Test_acc": 0.9571003913879395}, "1": {"Train_loss": 0.7283659825722376, "Test_loss": 0.454647958278656, "Train_acc": 0.9909905559486814, "Test_acc": 0.8826302886009216}}, "8": {"0": {"Train_loss": 0.6066006400236269, "Test_loss": 0.33427444100379944, "Train_acc": 0.9826799696538506, "Test_acc": 0.9431174000104269}, "1": {"Train_loss": 0.6435971657435099, "Test_loss": 0.5178502301375071, "Train_acc": 0.9937253048022588, "Test_acc": 0.8419409195582072}}, "9": {"0": {"Train_loss": 0.6911514982944582, "Test_loss": 0.34997673829396564, "Train_acc": 0.9779840533326312, "Test_acc": 0.9499619801839193}, "1": {"Train_loss": 0.6878561129172643, "Test_loss": 0.4873772859573364, "Train_acc": 0.9922671963771185, "Test_acc": 0.8672256668408712}}, "10": {"0": {"Train_loss": 0.6386842851231738, "Test_loss": 0.3306281765302022, "Train_acc": 0.9803182758936068, "Test_acc": 0.9467031558354696}, "1": {"Train_loss": 0.6736886832449172, "Test_loss": 0.5241190195083618, "Train_acc": 0.9934607727660073, "Test_acc": 0.8453271985054016}}, "11": {"0": {"Train_loss": 0.707021101945784, "Test_loss": 0.3549712498982747, "Train_acc": 0.9784615570452155, "Test_acc": 0.953059454758962}, "1": {"Train_loss": 0.6726210167010626, "Test_loss": 0.47163358330726624, "Train_acc": 0.9929470486111112, "Test_acc": 0.8637047211329142}}, "12": {"0": {"Train_loss": 0.6694423498176947, "Test_loss": 0.343522975842158, "Train_acc": 0.9761071684883862, "Test_acc": 0.9423568844795227}, "1": {"Train_loss": 0.7027442157268524, "Test_loss": 0.5141440530618032, "Train_acc": 0.9938693576388888, "Test_acc": 0.8608132004737854}}, "13": {"0": {"Train_loss": 0.7111588999992464, "Test_loss": 0.3589633107185364, "Train_acc": 0.9774110179121901, "Test_acc": 0.9525229334831238}, "1": {"Train_loss": 0.6508545180161794, "Test_loss": 0.5236362318197886, "Train_acc": 0.9919416755437851, "Test_acc": 0.8363537589708964}}, "14": {"0": {"Train_loss": 0.7127028434741788, "Test_loss": 0.37036530176798504, "Train_acc": 0.9682206918553609, "Test_acc": 0.9498539368311564}, "1": {"Train_loss": 0.7064999822113249, "Test_loss": 0.5482606291770935, "Train_acc": 0.9933522658215629, "Test_acc": 0.8410457372665405}}, "15": {"0": {"Train_loss": 0.7289605976604834, "Test_loss": 0.37107835213343304, "Train_acc": 0.9786809661039492, "Test_acc": 0.9457417329152426}, "1": {"Train_loss": 0.655280687742763, "Test_loss": 0.5632398923238119, "Train_acc": 0.9935438368055556, "Test_acc": 0.8171379566192627}}, "16": {"0": {"Train_loss": 0.7504771933323, "Test_loss": 0.3492964704831441, "Train_acc": 0.9753438416050701, "Test_acc": 0.9591413736343384}, "1": {"Train_loss": 0.6918466455406613, "Test_loss": 0.5341602265834808, "Train_acc": 0.9938693576388888, "Test_acc": 0.8424774408340454}}, "17": {"0": {"Train_loss": 0.7121701894736872, "Test_loss": 0.35930758714675903, "Train_acc": 0.9806203551408721, "Test_acc": 0.9455307126045227}, "1": {"Train_loss": 0.6351230161057578, "Test_loss": 0.5720319747924805, "Train_acc": 0.9931352519326739, "Test_acc": 0.7988713383674622}}, "18": {"0": {"Train_loss": 0.7345175263358326, "Test_loss": 0.36010199785232544, "Train_acc": 0.977913729301313, "Test_acc": 0.9605464339256287}, "1": {"Train_loss": 0.7015293257104026, "Test_loss": 0.5594070553779602, "Train_acc": 0.9934353298611112, "Test_acc": 0.8291289210319519}}, "19": {"0": {"Train_loss": 0.7248201297550667, "Test_loss": 0.3614113728205363, "Train_acc": 0.9773283469967726, "Test_acc": 0.9523983399073283}, "1": {"Train_loss": 0.6805818147129483, "Test_loss": 0.5812736749649048, "Train_acc": 0.9925927172104517, "Test_acc": 0.796401838461558}}}