{"0": {"0": {"Train_loss": 0.012597113819338562, "Test_loss": 0.028207482770085335, "Train_acc": 0.9965437825133161, "Test_acc": 0.9918302893638611}, "1": {"Train_loss": 0.02196492355627318, "Test_loss": 0.04022021094957987, "Train_acc": 0.9937065972222222, "Test_acc": 0.9876532554626465}}, "1": {"0": {"Train_loss": 0.03936069406478143, "Test_loss": 0.0330661858121554, "Train_acc": 0.9908460960155581, "Test_acc": 0.989096482594808}, "1": {"Train_loss": 0.035466745444056064, "Test_loss": 0.04301311820745468, "Train_acc": 0.9916449652777778, "Test_acc": 0.9866500496864319}}, "2": {"0": {"Train_loss": 0.041422194687695035, "Test_loss": 0.03070906363427639, "Train_acc": 0.9915079750665804, "Test_acc": 0.9901378750801086}, "1": {"Train_loss": 0.03722051846691304, "Test_loss": 0.038956888020038605, "Train_acc": 0.9934895833333334, "Test_acc": 0.9875884453455607}}, "3": {"0": {"Train_loss": 0.04431014862365839, "Test_loss": 0.032112189258138336, "Train_acc": 0.990391021821557, "Test_acc": 0.9902790188789368}, "1": {"Train_loss": 0.04021236409122745, "Test_loss": 0.037798529490828514, "Train_acc": 0.9925893495480219, "Test_acc": 0.9873061180114746}}, "4": {"0": {"Train_loss": 0.04706753413306504, "Test_loss": 0.032181620597839355, "Train_acc": 0.9898168546397511, "Test_acc": 0.9905066092809042}, "1": {"Train_loss": 0.04226957758267721, "Test_loss": 0.04014195688068867, "Train_acc": 0.9930555555555556, "Test_acc": 0.9870022137959799}}, "5": {"0": {"Train_loss": 0.046413081152955206, "Test_loss": 0.031133485957980156, "Train_acc": 0.991386361238433, "Test_acc": 0.9902026851971945}, "1": {"Train_loss": 0.04166624369099736, "Test_loss": 0.03557756170630455, "Train_acc": 0.9923502604166666, "Test_acc": 0.9884721040725708}}, "6": {"0": {"Train_loss": 0.04483274506723008, "Test_loss": 0.03175508479277293, "Train_acc": 0.9916270680543853, "Test_acc": 0.9906693696975708}, "1": {"Train_loss": 0.042019190163248114, "Test_loss": 0.03817492164671421, "Train_acc": 0.9918331685993407, "Test_acc": 0.987387498219808}}, "7": {"0": {"Train_loss": 0.04671728238463402, "Test_loss": 0.030913594489296276, "Train_acc": 0.9915556122617024, "Test_acc": 0.9910380840301514}, "1": {"Train_loss": 0.042930813040584326, "Test_loss": 0.039753057062625885, "Train_acc": 0.9916704081826739, "Test_acc": 0.987143357594808}}, "8": {"0": {"Train_loss": 0.04892502316251034, "Test_loss": 0.03219732642173767, "Train_acc": 0.9904198820998029, "Test_acc": 0.9902790188789368}, "1": {"Train_loss": 0.04108453940393196, "Test_loss": 0.04015295704205831, "Train_acc": 0.9926215277777778, "Test_acc": 0.9874904950459799}}, "9": {"0": {"Train_loss": 0.046645296328678365, "Test_loss": 0.033016045888264976, "Train_acc": 0.9901051986508254, "Test_acc": 0.9903870423634847}, "1": {"Train_loss": 0.04556553350347611, "Test_loss": 0.04105202853679657, "Train_acc": 0.9928385416666666, "Test_acc": 0.9865088860193888}}, "10": {"0": {"Train_loss": 0.0504455456237604, "Test_loss": 0.02900197170674801, "Train_acc": 0.989893352113119, "Test_acc": 0.9907507499059042}, "1": {"Train_loss": 0.044473898597061634, "Test_loss": 0.04057384903232256, "Train_acc": 0.9909939236111112, "Test_acc": 0.986796240011851}}, "11": {"0": {"Train_loss": 0.0488836524962652, "Test_loss": 0.030953307325641315, "Train_acc": 0.9915317936641413, "Test_acc": 0.9902408520380656}, "1": {"Train_loss": 0.046928672740856804, "Test_loss": 0.03881430812180042, "Train_acc": 0.9905565281709036, "Test_acc": 0.987528661886851}}, "12": {"0": {"Train_loss": 0.05002538405540513, "Test_loss": 0.031801916658878326, "Train_acc": 0.9912535330144371, "Test_acc": 0.9911194642384847}, "1": {"Train_loss": 0.04435402899980545, "Test_loss": 0.03920202516019344, "Train_acc": 0.9921586894326739, "Test_acc": 0.9876914223035177}}, "13": {"0": {"Train_loss": 0.04596477133653513, "Test_loss": 0.030250947922468185, "Train_acc": 0.9917725004800936, "Test_acc": 0.9910978674888611}, "1": {"Train_loss": 0.04363353177905083, "Test_loss": 0.038950384284059204, "Train_acc": 0.9929182380437851, "Test_acc": 0.9884072740872701}}, "14": {"0": {"Train_loss": 0.04678501191026554, "Test_loss": 0.028490591173370678, "Train_acc": 0.9912748307716556, "Test_acc": 0.9908105134963989}, "1": {"Train_loss": 0.04752604880680641, "Test_loss": 0.0392937995493412, "Train_acc": 0.9898003472222222, "Test_acc": 0.9864707191785177}}, "15": {"0": {"Train_loss": 0.047456048020138974, "Test_loss": 0.030635667964816093, "Train_acc": 0.9911607794645356, "Test_acc": 0.9896063804626465}, "1": {"Train_loss": 0.041361825437181525, "Test_loss": 0.03885602888961633, "Train_acc": 0.9932692017820146, "Test_acc": 0.9882013003031412}}, "16": {"0": {"Train_loss": 0.04623335522667664, "Test_loss": 0.031601304188370705, "Train_acc": 0.9911218358249199, "Test_acc": 0.9913420081138611}, "1": {"Train_loss": 0.044174538356148534, "Test_loss": 0.040726802622278534, "Train_acc": 0.9919162326388888, "Test_acc": 0.9879622062047323}}, "17": {"0": {"Train_loss": 0.0482399839589872, "Test_loss": 0.03413190320134163, "Train_acc": 0.9907006635898497, "Test_acc": 0.9894220034281412}, "1": {"Train_loss": 0.04534805566072464, "Test_loss": 0.038066127647956215, "Train_acc": 0.990665035115348, "Test_acc": 0.9880385398864746}}, "18": {"0": {"Train_loss": 0.04687097087139037, "Test_loss": 0.03415672108530998, "Train_acc": 0.9905552311641413, "Test_acc": 0.989730974038442}, "1": {"Train_loss": 0.04580070099069013, "Test_loss": 0.03884625000258287, "Train_acc": 0.9918874220715629, "Test_acc": 0.987040380636851}}, "19": {"0": {"Train_loss": 0.048958934230230206, "Test_loss": 0.031031742071111996, "Train_acc": 0.9912221518958487, "Test_acc": 0.9908969402313232}, "1": {"Train_loss": 0.04558351460016436, "Test_loss": 0.04274546727538109, "Train_acc": 0.9900682469209036, "Test_acc": 0.9871001640955607}}}