{"0": {"0": {"Train_loss": 0.013522547260835403, "Test_loss": 0.05140403347710768, "Train_acc": 0.9959696153315102, "Test_acc": 0.9833134611447653}, "1": {"Train_loss": 0.01159544841438118, "Test_loss": 0.11812607447306316, "Train_acc": 0.9970957554048963, "Test_acc": 0.963557501633962}}, "1": {"0": {"Train_loss": 0.1106662639394039, "Test_loss": 0.055339500308036804, "Train_acc": 0.978620724707115, "Test_acc": 0.9847948551177979}, "1": {"Train_loss": 0.1431821822706196, "Test_loss": 0.06017243365446726, "Train_acc": 0.9736548877424664, "Test_acc": 0.9819847345352173}}, "2": {"0": {"Train_loss": 0.08263073361864905, "Test_loss": 0.050948853294054665, "Train_acc": 0.9919341889823355, "Test_acc": 0.9862431486447653}, "1": {"Train_loss": 0.08100980996257728, "Test_loss": 0.07259113838275273, "Train_acc": 0.9934065192937851, "Test_acc": 0.9773359696070353}}, "3": {"0": {"Train_loss": 0.11852293679626977, "Test_loss": 0.053779332588116326, "Train_acc": 0.9854104140909706, "Test_acc": 0.9869424303372701}, "1": {"Train_loss": 0.13158056491778958, "Test_loss": 0.06446226065357526, "Train_acc": 0.9887152777777778, "Test_acc": 0.9829828937848409}}, "4": {"0": {"Train_loss": 0.10545521738325678, "Test_loss": 0.054460098346074425, "Train_acc": 0.9909099892872136, "Test_acc": 0.9879571596781412}, "1": {"Train_loss": 0.10764327707389991, "Test_loss": 0.07266117259860039, "Train_acc": 0.9930233773257997, "Test_acc": 0.9787626465161642}}, "5": {"0": {"Train_loss": 0.12184695027223448, "Test_loss": 0.05401789769530296, "Train_acc": 0.9886284456020449, "Test_acc": 0.986796240011851}, "1": {"Train_loss": 0.13198064143459, "Test_loss": 0.0678032748401165, "Train_acc": 0.9899342970715629, "Test_acc": 0.983265201250712}}, "6": {"0": {"Train_loss": 0.11172362725909163, "Test_loss": 0.054237622767686844, "Train_acc": 0.9904949904941931, "Test_acc": 0.9871217608451843}, "1": {"Train_loss": 0.1281223748293188, "Test_loss": 0.07040046652158101, "Train_acc": 0.9915585335757997, "Test_acc": 0.9823484222094218}}, "7": {"0": {"Train_loss": 0.12914263538834525, "Test_loss": 0.055942549059788384, "Train_acc": 0.989030840920239, "Test_acc": 0.9873493313789368}, "1": {"Train_loss": 0.13630177846385372, "Test_loss": 0.06998239333430926, "Train_acc": 0.9903140713771185, "Test_acc": 0.9819415211677551}}, "8": {"0": {"Train_loss": 0.1161147551383914, "Test_loss": 0.05245436107118925, "Train_acc": 0.9909864867605814, "Test_acc": 0.987528661886851}, "1": {"Train_loss": 0.12147032676471604, "Test_loss": 0.07617596785227458, "Train_acc": 0.9910448094209036, "Test_acc": 0.9785998860994974}}, "9": {"0": {"Train_loss": 0.14155561813130613, "Test_loss": 0.05916025365392367, "Train_acc": 0.9875804273093619, "Test_acc": 0.9869805971781412}, "1": {"Train_loss": 0.1440617036488321, "Test_loss": 0.07484716052810352, "Train_acc": 0.9904225783215629, "Test_acc": 0.9804500142733256}}, "10": {"0": {"Train_loss": 0.12836158202915657, "Test_loss": 0.05710207298398018, "Train_acc": 0.989893352113119, "Test_acc": 0.9877943992614746}, "1": {"Train_loss": 0.1303714590354098, "Test_loss": 0.0782935085395972, "Train_acc": 0.9909905559486814, "Test_acc": 0.9785948395729065}}, "11": {"0": {"Train_loss": 0.14252896143532381, "Test_loss": 0.06095718964934349, "Train_acc": 0.987940227113119, "Test_acc": 0.9868560234705607}, "1": {"Train_loss": 0.1441468604736858, "Test_loss": 0.07252499088644981, "Train_acc": 0.9903649571869109, "Test_acc": 0.9828367034594218}}, "12": {"0": {"Train_loss": 0.12905936706356885, "Test_loss": 0.05606172109643618, "Train_acc": 0.9906793658326312, "Test_acc": 0.9874091148376465}, "1": {"Train_loss": 0.13225855347183016, "Test_loss": 0.07221351439754169, "Train_acc": 0.9919416755437851, "Test_acc": 0.9810247222582499}}, "13": {"0": {"Train_loss": 0.12961604418914494, "Test_loss": 0.057371153185764946, "Train_acc": 0.9896024872617024, "Test_acc": 0.9874904950459799}, "1": {"Train_loss": 0.1482942079504331, "Test_loss": 0.07106487949689229, "Train_acc": 0.9906395922104517, "Test_acc": 0.9810845057169596}}, "14": {"0": {"Train_loss": 0.11880003579142617, "Test_loss": 0.05501973504821459, "Train_acc": 0.9917775421607785, "Test_acc": 0.9874904950459799}, "1": {"Train_loss": 0.13257941831317213, "Test_loss": 0.07360837484399478, "Train_acc": 0.9912075698375702, "Test_acc": 0.981654167175293}}, "15": {"0": {"Train_loss": 0.1357539539656988, "Test_loss": 0.055762107173601784, "Train_acc": 0.9899911473437053, "Test_acc": 0.988016943136851}, "1": {"Train_loss": 0.15042440303497845, "Test_loss": 0.07008727267384529, "Train_acc": 0.9897969795597924, "Test_acc": 0.9817189772923788}}, "16": {"0": {"Train_loss": 0.12822706007012508, "Test_loss": 0.056792998065551124, "Train_acc": 0.9913462865643385, "Test_acc": 0.9879571596781412}, "1": {"Train_loss": 0.14704016927215788, "Test_loss": 0.07349083696802457, "Train_acc": 0.9911278734604517, "Test_acc": 0.982142448425293}}, "17": {"0": {"Train_loss": 0.13636636988418857, "Test_loss": 0.05561360716819763, "Train_acc": 0.9896263058592634, "Test_acc": 0.9874854485193888}, "1": {"Train_loss": 0.16511031778322327, "Test_loss": 0.0771593451499939, "Train_acc": 0.9884406427542368, "Test_acc": 0.980677604675293}}, "18": {"0": {"Train_loss": 0.12152332639912279, "Test_loss": 0.05469368398189545, "Train_acc": 0.9911081005887288, "Test_acc": 0.9869590004285177}, "1": {"Train_loss": 0.13110802301930058, "Test_loss": 0.06907466426491737, "Train_acc": 0.9921332465277778, "Test_acc": 0.9816973805427551}}, "19": {"0": {"Train_loss": 0.12696153652377246, "Test_loss": 0.056856478254000344, "Train_acc": 0.9896338683802907, "Test_acc": 0.9883856773376465}, "1": {"Train_loss": 0.14389358792040083, "Test_loss": 0.06966838985681534, "Train_acc": 0.9913703302542368, "Test_acc": 0.982288638750712}}}