{"0": {"0": {"Train_loss": 0.0015709238427613552, "Test_loss": 0.06523659949501355, "Train_acc": 0.9915260543425878, "Test_acc": 0.5948857267697653}, "1": {"Train_loss": 0.0036481371418380275, "Test_loss": 0.08186281969149907, "Train_acc": 0.9789203312890283, "Test_acc": 0.47820450862248737}}, "1": {"0": {"Train_loss": 0.0024224016582593323, "Test_loss": 0.030391810461878777, "Train_acc": 0.8505322426557541, "Test_acc": 0.9140970706939697}, "1": {"Train_loss": 0.003966162378642836, "Test_loss": 0.03708891570568085, "Train_acc": 0.859973181938303, "Test_acc": 0.8646834294001261}}, "2": {"0": {"Train_loss": 0.0009216936285762737, "Test_loss": 0.031091782574852306, "Train_acc": 0.9881211737791697, "Test_acc": 0.8089898427327474}, "1": {"Train_loss": 0.002084155354231339, "Test_loss": 0.06448845068613689, "Train_acc": 0.9716698907572647, "Test_acc": 0.47604037324587506}}, "3": {"0": {"Train_loss": 0.0012684661778621376, "Test_loss": 0.030285911013682682, "Train_acc": 0.954989864428838, "Test_acc": 0.9268377423286438}, "1": {"Train_loss": 0.0025038207371333807, "Test_loss": 0.05018819868564606, "Train_acc": 0.9633749260984618, "Test_acc": 0.5986493825912476}}, "4": {"0": {"Train_loss": 0.0010367997194407508, "Test_loss": 0.030556279545029003, "Train_acc": 0.9828165262937546, "Test_acc": 0.8961120446523031}, "1": {"Train_loss": 0.0021460644965027942, "Test_loss": 0.062153156846761703, "Train_acc": 0.9692900170539988, "Test_acc": 0.4743911623954773}}, "5": {"0": {"Train_loss": 0.0012063829073061547, "Test_loss": 0.03172431575755278, "Train_acc": 0.9703920344511668, "Test_acc": 0.9256040851275126}, "1": {"Train_loss": 0.002212444946555228, "Test_loss": 0.05927140762408575, "Train_acc": 0.9679663006601662, "Test_acc": 0.488520344098409}}, "6": {"0": {"Train_loss": 0.0010988868724477166, "Test_loss": 0.03201322133342425, "Train_acc": 0.9805573443571727, "Test_acc": 0.9138003587722778}, "1": {"Train_loss": 0.0021701998053247043, "Test_loss": 0.06114490578571955, "Train_acc": 0.9672028062672451, "Test_acc": 0.4790283938248952}}, "7": {"0": {"Train_loss": 0.0011799191386671736, "Test_loss": 0.031782284999887146, "Train_acc": 0.9746029982964198, "Test_acc": 0.9168661634127299}, "1": {"Train_loss": 0.0022676350099259408, "Test_loss": 0.05880936607718468, "Train_acc": 0.9657101045394766, "Test_acc": 0.48126887281735736}}, "8": {"0": {"Train_loss": 0.0011451379919890313, "Test_loss": 0.0323479933043321, "Train_acc": 0.9770027915636699, "Test_acc": 0.9204087058703104}, "1": {"Train_loss": 0.0022165780316974067, "Test_loss": 0.05938911313811938, "Train_acc": 0.9677642532463732, "Test_acc": 0.48441460728645325}}, "9": {"0": {"Train_loss": 0.0011217885815616075, "Test_loss": 0.03229718282818794, "Train_acc": 0.9763386617104213, "Test_acc": 0.9041125178337097}, "1": {"Train_loss": 0.0021916337006179423, "Test_loss": 0.059384316205978394, "Train_acc": 0.9674605696365751, "Test_acc": 0.48682792981465656}}, "10": {"0": {"Train_loss": 0.001137561904033646, "Test_loss": 0.032946341981490455, "Train_acc": 0.9781290262937545, "Test_acc": 0.9056371251742045}, "1": {"Train_loss": 0.0021741662961270274, "Test_loss": 0.06086918463309606, "Train_acc": 0.9667534036882992, "Test_acc": 0.47939208149909973}}, "11": {"0": {"Train_loss": 0.0011080709625578796, "Test_loss": 0.03205504703025023, "Train_acc": 0.9780404309431712, "Test_acc": 0.9247585932413737}, "1": {"Train_loss": 0.0022058780947379, "Test_loss": 0.060634532322486244, "Train_acc": 0.9665966640258657, "Test_acc": 0.48039528727531433}}, "12": {"0": {"Train_loss": 0.0012016870333657911, "Test_loss": 0.03234114249547323, "Train_acc": 0.9758074253797531, "Test_acc": 0.9090550939242045}, "1": {"Train_loss": 0.002105052406289454, "Test_loss": 0.06006955852111181, "Train_acc": 0.9674826110231465, "Test_acc": 0.47484127680460614}}, "13": {"0": {"Train_loss": 0.0011296347569441424, "Test_loss": 0.03192494250833988, "Train_acc": 0.9767722427845001, "Test_acc": 0.9220629731814066}, "1": {"Train_loss": 0.0021229804340942666, "Test_loss": 0.05992158750693003, "Train_acc": 0.9690206205022747, "Test_acc": 0.48024405042330426}}, "14": {"0": {"Train_loss": 0.001134061066356177, "Test_loss": 0.03180078851679961, "Train_acc": 0.9770430624485016, "Test_acc": 0.915894627571106}, "1": {"Train_loss": 0.0021767034095005484, "Test_loss": 0.06081298117836317, "Train_acc": 0.9676405756637968, "Test_acc": 0.4806343913078308}}, "15": {"0": {"Train_loss": 0.0012029295292450115, "Test_loss": 0.03174822280804316, "Train_acc": 0.9716172675291698, "Test_acc": 0.909917155901591}, "1": {"Train_loss": 0.002166912112192347, "Test_loss": 0.059099141508340836, "Train_acc": 0.9680097709442007, "Test_acc": 0.4918619791666667}}, "16": {"0": {"Train_loss": 0.0011142018396640197, "Test_loss": 0.0326600739111503, "Train_acc": 0.9800301353136699, "Test_acc": 0.9128835598627726}, "1": {"Train_loss": 0.0021690421231926, "Test_loss": 0.05949075395862261, "Train_acc": 0.9678420105884815, "Test_acc": 0.48636773228645325}}, "17": {"0": {"Train_loss": 0.001204565249887916, "Test_loss": 0.03239161831637224, "Train_acc": 0.9737657050291697, "Test_acc": 0.8952982425689697}, "1": {"Train_loss": 0.0021020573752546876, "Test_loss": 0.05927223712205887, "Train_acc": 0.9693800200676096, "Test_acc": 0.4823750654856364}}, "18": {"0": {"Train_loss": 0.0010745250784869617, "Test_loss": 0.03213437212010225, "Train_acc": 0.9787045607964198, "Test_acc": 0.9211944341659546}, "1": {"Train_loss": 0.0021673390212276116, "Test_loss": 0.05943996086716652, "Train_acc": 0.9676858834151564, "Test_acc": 0.48206106821695965}}, "19": {"0": {"Train_loss": 0.001092780587108185, "Test_loss": 0.03348075350125631, "Train_acc": 0.9694846024115881, "Test_acc": 0.9069939454396566}, "1": {"Train_loss": 0.0021466754400974205, "Test_loss": 0.06003312269846598, "Train_acc": 0.9677403743924766, "Test_acc": 0.4799019694328308}}}