{"0": {"1": {"Train_loss": 0.001884588703332055, "Test_loss": 0.002396143817653259, "Train_acc": 0.9911499487029182, "Test_acc": 0.9855107267697653}, "0": {"Train_loss": 0.0004575065393554524, "Test_loss": 0.0026603689960514507, "Train_acc": 0.9783449848977531, "Test_acc": 0.985819677511851}}}