{"0": {"1": {"Train_loss": 0.006589734415885889, "Test_loss": 0.03330044634640217, "Train_acc": 0.9571618321869109, "Test_acc": 0.7674477696418762}, "0": {"Train_loss": 0.0009063291015591836, "Test_loss": 0.03288741037249565, "Train_acc": 0.6760022531195384, "Test_acc": 0.7724119623502096}}}