{"Train_loss": 0.001885606145182372, "Test_loss": 0.0016560111350069444, "Train_acc": 0.989964027526015, "Test_acc": 0.9904468258221945}