{"Train_loss": 0.09725352519248821, "Test_loss": 0.7061719417572021, "Train_acc": 0.9686264350098006, "Test_acc": 0.8634385347366333}