{"0": {"0": {"Train_loss": 0.5008638051091409, "Test_loss": 1.358594822883606, "Train_acc": 0.8280566693568716, "Test_acc": 0.57275390625}, "1": {"Train_loss": 1.0174503618357134, "Test_loss": 1.4185445785522461, "Train_acc": 0.2376017371306614, "Test_acc": 0.5183982610702514}}, "1": {"0": {"Train_loss": 0.8572594985669973, "Test_loss": 1.6318514585494994, "Train_acc": 0.703646972471354, "Test_acc": 0.46059181094169616}, "1": {"Train_loss": 1.1216235720381444, "Test_loss": 1.5931874752044677, "Train_acc": 0.1655866587344481, "Test_acc": 0.44985567331314086}}, "2": {"0": {"Train_loss": 0.9607478903264416, "Test_loss": 1.6318495273590088, "Train_acc": 0.6873918096629941, "Test_acc": 0.44230503439903257}, "1": {"Train_loss": 1.1709681785836512, "Test_loss": 1.6603904962539673, "Train_acc": 0.13672064807342024, "Test_acc": 0.425621372461319}}, "3": {"0": {"Train_loss": 1.0026353469916753, "Test_loss": 1.6906960248947143, "Train_acc": 0.6693543487665604, "Test_acc": 0.4263118803501129}, "1": {"Train_loss": 1.1774080505176467, "Test_loss": 1.7362342834472657, "Train_acc": 0.13047786079803292, "Test_acc": 0.4095945119857788}}, "4": {"0": {"Train_loss": 1.0510530356241732, "Test_loss": 1.762674593925476, "Train_acc": 0.6446679118944674, "Test_acc": 0.3996603608131409}, "1": {"Train_loss": 1.2153183002861179, "Test_loss": 1.8304692029953002, "Train_acc": 0.11886350521627738, "Test_acc": 0.38763741254806516}}, "5": {"0": {"Train_loss": 1.0971695148215002, "Test_loss": 1.8774512529373169, "Train_acc": 0.6082095783583972, "Test_acc": 0.38468784689903257}, "1": {"Train_loss": 1.2329754938884658, "Test_loss": 1.8706194877624511, "Train_acc": 0.11864712408610753, "Test_acc": 0.3804177582263947}}, "6": {"0": {"Train_loss": 1.1498538194870462, "Test_loss": 1.9410273075103759, "Train_acc": 0.5848783710781409, "Test_acc": 0.3764268159866333}, "1": {"Train_loss": 1.2711378822521286, "Test_loss": 1.949661374092102, "Train_acc": 0.1160125881433487, "Test_acc": 0.3678149223327637}}, "7": {"0": {"Train_loss": 1.1873235702514648, "Test_loss": 1.904887866973877, "Train_acc": 0.5823406370318666, "Test_acc": 0.3733415722846985}, "1": {"Train_loss": 1.2787403184540418, "Test_loss": 2.0339447975158693, "Train_acc": 0.112345496306614, "Test_acc": 0.35515936017036437}}, "8": {"0": {"Train_loss": 1.1787481283654972, "Test_loss": 2.0069958448410032, "Train_acc": 0.5673571885848532, "Test_acc": 0.355335658788681}, "1": {"Train_loss": 1.3069918289476512, "Test_loss": 1.961269497871399, "Train_acc": 0.1072415573408409, "Test_acc": 0.3617801070213318}}, "9": {"0": {"Train_loss": 1.2348706405989978, "Test_loss": 1.9835909366607667, "Train_acc": 0.5746629007008611, "Test_acc": 0.3595927834510803}, "1": {"Train_loss": 1.3280116757568048, "Test_loss": 1.9699915647506714, "Train_acc": 0.11784043976542902, "Test_acc": 0.3595469772815704}}, "10": {"0": {"Train_loss": 1.2427037406940848, "Test_loss": 1.9841209411621095, "Train_acc": 0.5690977287535764, "Test_acc": 0.35478169918060304}, "1": {"Train_loss": 1.339883524544385, "Test_loss": 2.0085399389266967, "Train_acc": 0.11000895895520035, "Test_acc": 0.3542415678501129}}, "11": {"0": {"Train_loss": 1.2453828295882867, "Test_loss": 2.072947692871094, "Train_acc": 0.5421886389352837, "Test_acc": 0.34117636680603025}, "1": {"Train_loss": 1.3456276995795113, "Test_loss": 2.0352151155471803, "Train_acc": 0.10231413996341276, "Test_acc": 0.3414434134960175}}, "12": {"0": {"Train_loss": 1.2559069151781044, "Test_loss": 2.057134437561035, "Train_acc": 0.5395142436027527, "Test_acc": 0.3395948588848114}, "1": {"Train_loss": 1.3542862510194584, "Test_loss": 2.0945220470428465, "Train_acc": 0.10100256621229406, "Test_acc": 0.32733078598976134}}, "13": {"0": {"Train_loss": 1.2765723357395249, "Test_loss": 2.0798519134521483, "Train_acc": 0.5235020348003933, "Test_acc": 0.32774733901023867}, "1": {"Train_loss": 1.376494745818936, "Test_loss": 2.12027907371521, "Train_acc": 0.09176840382267018, "Test_acc": 0.32158203125}}, "14": {"0": {"Train_loss": 1.3130300628895661, "Test_loss": 2.092944622039795, "Train_acc": 0.5273114825998034, "Test_acc": 0.3310927152633667}, "1": {"Train_loss": 1.3852709604769338, "Test_loss": 2.070149278640747, "Train_acc": 0.08335611030307351, "Test_acc": 0.31213011741638186}}, "15": {"0": {"Train_loss": 1.3173469049589974, "Test_loss": 2.148373603820801, "Train_acc": 0.5130474065639534, "Test_acc": 0.3132950782775879}, "1": {"Train_loss": 1.420649422674763, "Test_loss": 2.1308974266052245, "Train_acc": 0.08836134903284969, "Test_acc": 0.3081391751766205}}, "16": {"0": {"Train_loss": 1.328140686969368, "Test_loss": 2.1150781154632567, "Train_acc": 0.5030065598536511, "Test_acc": 0.32104103565216063}, "1": {"Train_loss": 1.4154567596863727, "Test_loss": 2.1028627872467043, "Train_acc": 0.08551422803073513, "Test_acc": 0.30817201137542727}}, "17": {"0": {"Train_loss": 1.355448426032553, "Test_loss": 2.1269510269165037, "Train_acc": 0.4989408710781409, "Test_acc": 0.30655074715614317}, "1": {"Train_loss": 1.440806692960311, "Test_loss": 2.1234325885772707, "Train_acc": 0.08546867407858372, "Test_acc": 0.3089463472366333}}, "18": {"0": {"Train_loss": 1.3489318794133711, "Test_loss": 2.1985490798950194, "Train_acc": 0.48059022730710554, "Test_acc": 0.29122044444084166}, "1": {"Train_loss": 1.4181348778763596, "Test_loss": 2.185510540008545, "Train_acc": 0.07563092202252271, "Test_acc": 0.2807859182357788}}, "19": {"0": {"Train_loss": 1.3270259609027786, "Test_loss": 2.228446102142334, "Train_acc": 0.4488960763021391, "Test_acc": 0.27310391068458556}, "1": {"Train_loss": 1.4286936266081673, "Test_loss": 2.195820379257202, "Train_acc": 0.075145013364298, "Test_acc": 0.2825368165969849}}}