{"0": {"0": {"Train_loss": 0.009337622918731843, "Test_loss": 0.09082312509417534, "Train_acc": 0.9979166656732559, "Test_acc": 0.9735593597094218}, "1": {"Train_loss": 0.01981850134626288, "Test_loss": 0.061985667794942856, "Train_acc": 0.9934224373307722, "Test_acc": 0.9807589848836263}}, "1": {"0": {"Train_loss": 0.003026267523334051, "Test_loss": 0.06252869342764218, "Train_acc": 0.999283853173256, "Test_acc": 0.9809699853261312}, "1": {"Train_loss": 0.005392581274620546, "Test_loss": 0.06702845667799313, "Train_acc": 0.9987540399206096, "Test_acc": 0.9812638163566589}}, "2": {"0": {"Train_loss": 0.0016144742621690966, "Test_loss": 0.06505194306373596, "Train_acc": 0.9999348948399226, "Test_acc": 0.9815065264701843}, "1": {"Train_loss": 0.02026154092063421, "Test_loss": 0.062111047406991325, "Train_acc": 0.9930967123344027, "Test_acc": 0.9812472661336263}}, "3": {"0": {"Train_loss": 0.004936331479499737, "Test_loss": 0.05498913240929445, "Train_acc": 0.9987526168425878, "Test_acc": 0.984359880288442}, "1": {"Train_loss": 0.016309805495407562, "Test_loss": 0.049257648487885795, "Train_acc": 0.994746766213713, "Test_acc": 0.9856518705685934}}, "4": {"0": {"Train_loss": 0.0006625967861812872, "Test_loss": 0.06282564314703147, "Train_acc": 0.9999999990065892, "Test_acc": 0.9819948077201843}, "1": {"Train_loss": 0.002961521358068647, "Test_loss": 0.06027386337518692, "Train_acc": 0.9991581347481958, "Test_acc": 0.9828799168268839}}, "5": {"0": {"Train_loss": 0.0013218088516926704, "Test_loss": 0.05705036781728268, "Train_acc": 0.9999674469232559, "Test_acc": 0.9831989407539368}, "1": {"Train_loss": 0.0030126092726653762, "Test_loss": 0.05461107070247332, "Train_acc": 0.9995285550068165, "Test_acc": 0.9835907220840454}}, "6": {"0": {"Train_loss": 0.007369936331330488, "Test_loss": 0.056963611394166946, "Train_acc": 0.9978086064259212, "Test_acc": 0.9839479327201843}, "1": {"Train_loss": 0.0022974697991418815, "Test_loss": 0.05681087076663971, "Train_acc": 0.9997979515585406, "Test_acc": 0.983265201250712}}, "7": {"0": {"Train_loss": 0.001253630382901368, "Test_loss": 0.05982391908764839, "Train_acc": 0.9999023427565893, "Test_acc": 0.9829548001289368}, "1": {"Train_loss": 0.011274059652350843, "Test_loss": 0.04272356256842613, "Train_acc": 0.9959253761275061, "Test_acc": 0.9857980807622274}}, "8": {"0": {"Train_loss": 0.0006912532267354739, "Test_loss": 0.058308390279610954, "Train_acc": 0.9999999990065892, "Test_acc": 0.9834862947463989}, "1": {"Train_loss": 0.004746491017205448, "Test_loss": 0.052557725459337234, "Train_acc": 0.9993601821619889, "Test_acc": 0.9844311674435934}}, "9": {"0": {"Train_loss": 0.0012358606540753196, "Test_loss": 0.056605830788612366, "Train_acc": 0.9999348948399226, "Test_acc": 0.9826674461364746}, "1": {"Train_loss": 0.0012902150237691942, "Test_loss": 0.05573491627971331, "Train_acc": 0.9998989752654371, "Test_acc": 0.9840408364931742}}, "10": {"0": {"Train_loss": 0.0016766912354796658, "Test_loss": 0.0590354452530543, "Train_acc": 0.9997395823399226, "Test_acc": 0.9830743471781412}, "1": {"Train_loss": 0.0009693201028657595, "Test_loss": 0.062071253856023155, "Train_acc": 0.9999999989723337, "Test_acc": 0.9832270344098409}}, "11": {"0": {"Train_loss": 0.0008758367199334316, "Test_loss": 0.058688851694266, "Train_acc": 0.9999674469232559, "Test_acc": 0.9833617011706034}, "1": {"Train_loss": 0.002485392976989809, "Test_loss": 0.04295922194917997, "Train_acc": 0.9996632532826786, "Test_acc": 0.9859341780344645}}, "12": {"0": {"Train_loss": 0.0009881035094925514, "Test_loss": 0.05979830026626587, "Train_acc": 0.9999999990065892, "Test_acc": 0.982406755288442}, "1": {"Train_loss": 0.0036533999001880273, "Test_loss": 0.05199407289425532, "Train_acc": 0.9989560873344027, "Test_acc": 0.9862647453943888}}, "13": {"0": {"Train_loss": 0.001379567090771161, "Test_loss": 0.05793727934360504, "Train_acc": 0.9998697906732559, "Test_acc": 0.9829713702201843}, "1": {"Train_loss": 0.010915235720639085, "Test_loss": 0.047204818576574326, "Train_acc": 0.996150077416979, "Test_acc": 0.9855921069780985}}, "14": {"0": {"Train_loss": 0.0008600243313897711, "Test_loss": 0.05643367270628611, "Train_acc": 0.9999999990065892, "Test_acc": 0.9832587242126465}, "1": {"Train_loss": 0.002107226824215292, "Test_loss": 0.053859962771336235, "Train_acc": 0.9997306024206096, "Test_acc": 0.9852831363677979}}, "15": {"0": {"Train_loss": 0.00108886535987646, "Test_loss": 0.060202507923046746, "Train_acc": 0.9999348948399226, "Test_acc": 0.9827106595039368}, "1": {"Train_loss": 0.0029468750932398415, "Test_loss": 0.050243400037288666, "Train_acc": 0.999494880437851, "Test_acc": 0.9847350915273031}}, "16": {"0": {"Train_loss": 0.0010997293691616505, "Test_loss": 0.06301743226746719, "Train_acc": 0.9999674469232559, "Test_acc": 0.9823851386706034}, "1": {"Train_loss": 0.01084998894707653, "Test_loss": 0.039279340455929436, "Train_acc": 0.9966668291338558, "Test_acc": 0.9869157870610555}}, "17": {"0": {"Train_loss": 0.0011665473815810402, "Test_loss": 0.06357702488700549, "Train_acc": 0.9998697906732559, "Test_acc": 0.983383317788442}, "1": {"Train_loss": 0.0051525739610700965, "Test_loss": 0.0437519537905852, "Train_acc": 0.9987540399206096, "Test_acc": 0.9859939614931742}}, "18": {"0": {"Train_loss": 0.000821880284153546, "Test_loss": 0.061747832223773, "Train_acc": 0.9999999990065892, "Test_acc": 0.9830577969551086}, "1": {"Train_loss": 0.006181094420126414, "Test_loss": 0.040775399655103683, "Train_acc": 0.9982489213861269, "Test_acc": 0.9875718752543131}}, "19": {"0": {"Train_loss": 0.0013843805771709108, "Test_loss": 0.05583559845884641, "Train_acc": 0.9998697906732559, "Test_acc": 0.9844628572463989}, "1": {"Train_loss": 0.0019665279652489797, "Test_loss": 0.05134328951438268, "Train_acc": 0.9997532562962894, "Test_acc": 0.9847948551177979}}}