{"0": {"0": {"Train_loss": 0.009914583608042449, "Test_loss": 0.31010473767916363, "Train_acc": 0.997472682595253, "Test_acc": 0.9150160153706869}, "1": {"Train_loss": 0.011935465009722474, "Test_loss": 0.31904659668604535, "Train_acc": 0.9965988675068165, "Test_acc": 0.9205297032992045}}, "1": {"0": {"Train_loss": 0.0017875794602635628, "Test_loss": 0.27405423919359845, "Train_acc": 0.9995768219232559, "Test_acc": 0.9330593744913737}, "1": {"Train_loss": 0.04387491764821883, "Test_loss": 0.22126242518424988, "Train_acc": 0.9870028403298609, "Test_acc": 0.9274254242579142}}, "2": {"0": {"Train_loss": 0.004949802202948679, "Test_loss": 0.2285169263680776, "Train_acc": 0.9989257802565893, "Test_acc": 0.9369872411092123}, "1": {"Train_loss": 0.006696445578388099, "Test_loss": 0.24278199672698975, "Train_acc": 0.9985072972445652, "Test_acc": 0.9336420098940531}}, "3": {"0": {"Train_loss": 0.0009110390087395596, "Test_loss": 0.24433921774228415, "Train_acc": 0.9999674469232559, "Test_acc": 0.9376116196314493}, "1": {"Train_loss": 0.006165363434461299, "Test_loss": 0.2572833100954692, "Train_acc": 0.9981368769859446, "Test_acc": 0.9323298335075378}}, "4": {"0": {"Train_loss": 0.002050881773175206, "Test_loss": 0.24237148463726044, "Train_acc": 0.9994466135899226, "Test_acc": 0.9411743481953939}, "1": {"Train_loss": 0.014867358439569843, "Test_loss": 0.20091513792673746, "Train_acc": 0.994881464489575, "Test_acc": 0.9433780908584595}}, "5": {"0": {"Train_loss": 0.002638731225548933, "Test_loss": 0.21692108611265817, "Train_acc": 0.9994909117619196, "Test_acc": 0.9437021811803182}, "1": {"Train_loss": 0.014995836909731915, "Test_loss": 0.14599929253260294, "Train_acc": 0.9950167752545456, "Test_acc": 0.9576232433319092}}, "6": {"0": {"Train_loss": 0.0017118422081694006, "Test_loss": 0.17372955133517584, "Train_acc": 0.9996966272592545, "Test_acc": 0.955505907535553}, "1": {"Train_loss": 0.00289906209870643, "Test_loss": 0.25813551743825275, "Train_acc": 0.9993938567309544, "Test_acc": 0.9373473127683004}}, "7": {"0": {"Train_loss": 0.007163579503928001, "Test_loss": 0.2171740879615148, "Train_acc": 0.9978086064259212, "Test_acc": 0.9372695485750834}, "1": {"Train_loss": 0.01545710778586438, "Test_loss": 0.1872502863407135, "Train_acc": 0.9949267722409347, "Test_acc": 0.9450388352076212}}, "8": {"0": {"Train_loss": 0.008035447488267285, "Test_loss": 0.1940679575006167, "Train_acc": 0.9974609365065893, "Test_acc": 0.945861279964447}, "1": {"Train_loss": 0.012621248165017059, "Test_loss": 0.19238405923048654, "Train_acc": 0.995588630437851, "Test_acc": 0.9503652652104696}}, "9": {"0": {"Train_loss": 0.0009224785751333305, "Test_loss": 0.15613844494024912, "Train_acc": 0.9999674469232559, "Test_acc": 0.9538797537485758}, "1": {"Train_loss": 0.0036800850969578684, "Test_loss": 0.17931216458479562, "Train_acc": 0.9993601821619889, "Test_acc": 0.9533979495366415}}, "10": {"0": {"Train_loss": 0.00095022380167696, "Test_loss": 0.18238747119903564, "Train_acc": 0.9999999990065892, "Test_acc": 0.9494470357894897}, "1": {"Train_loss": 0.014510692679323256, "Test_loss": 0.19252691169579825, "Train_acc": 0.9949151390585406, "Test_acc": 0.9423597653706869}}, "11": {"0": {"Train_loss": 0.00259824277163716, "Test_loss": 0.28603165845076245, "Train_acc": 0.9991861969232559, "Test_acc": 0.933238704999288}, "1": {"Train_loss": 0.002161061739476783, "Test_loss": 0.2605996976296107, "Train_acc": 0.9997306024206096, "Test_acc": 0.9388373692830404}}, "12": {"0": {"Train_loss": 0.005427957002151137, "Test_loss": 0.21952851116657257, "Train_acc": 0.9986002594232559, "Test_acc": 0.9374855955441793}, "1": {"Train_loss": 0.0014232092262004856, "Test_loss": 0.21204078197479248, "Train_acc": 0.9997979515585406, "Test_acc": 0.946973959604899}}, "13": {"0": {"Train_loss": 0.001298909855055778, "Test_loss": 0.2241294433673223, "Train_acc": 0.9998697906732559, "Test_acc": 0.9405182600021362}, "1": {"Train_loss": 0.01222864121744602, "Test_loss": 0.19988776743412018, "Train_acc": 0.995858026989575, "Test_acc": 0.9430691401163737}}, "14": {"0": {"Train_loss": 0.005642686067343069, "Test_loss": 0.1876677026351293, "Train_acc": 0.998307290673256, "Test_acc": 0.9467182954152426}, "1": {"Train_loss": 0.0009562909956379183, "Test_loss": 0.25093258917331696, "Train_acc": 0.9999999989723337, "Test_acc": 0.9384852051734924}}, "15": {"0": {"Train_loss": 0.0007972463582215521, "Test_loss": 0.19694849848747253, "Train_acc": 0.9999999990065892, "Test_acc": 0.9451454083124796}, "1": {"Train_loss": 0.011570440749798355, "Test_loss": 0.22092861433823904, "Train_acc": 0.996150077416979, "Test_acc": 0.9381712079048157}}, "16": {"0": {"Train_loss": 0.0009570078778779134, "Test_loss": 0.20855604112148285, "Train_acc": 0.9999348948399226, "Test_acc": 0.9451353351275126}, "1": {"Train_loss": 0.011434247151241991, "Test_loss": 0.2133533755938212, "Train_acc": 0.9962284472481958, "Test_acc": 0.9393587708473206}}, "17": {"0": {"Train_loss": 0.0013037944404156103, "Test_loss": 0.2062439570824305, "Train_acc": 0.9999023427565893, "Test_acc": 0.9408437808354696}, "1": {"Train_loss": 0.003881757647393207, "Test_loss": 0.18498631318410239, "Train_acc": 0.9993828360376686, "Test_acc": 0.9487211108207703}}, "18": {"0": {"Train_loss": 0.0012513121153460815, "Test_loss": 0.1996996154387792, "Train_acc": 0.9999023427565893, "Test_acc": 0.9438598950703939}, "1": {"Train_loss": 0.004221300728988416, "Test_loss": 0.21315393348534903, "Train_acc": 0.9987540399206096, "Test_acc": 0.9469041029612223}}, "19": {"0": {"Train_loss": 0.0014015674862700204, "Test_loss": 0.18829931318759918, "Train_acc": 0.9998697906732559, "Test_acc": 0.9491647283236185}, "1": {"Train_loss": 0.0019813430493553007, "Test_loss": 0.1797943909962972, "Train_acc": 0.999764276989575, "Test_acc": 0.9524480303128561}}}