{"0": {"0": {"Train_loss": 0.010806433584851524, "Test_loss": 14.557240804036459, "Train_acc": 0.9968971480925878, "Test_acc": 0.5136473973592123}, "1": {"Train_loss": 0.010769038421005524, "Test_loss": 16.476759274800617, "Train_acc": 0.996834589489575, "Test_acc": 0.4823383291562398}}, "1": {"0": {"Train_loss": 0.0019137909582544429, "Test_loss": 11.571579297383627, "Train_acc": 0.9997070302565892, "Test_acc": 0.5138915379842123}, "1": {"Train_loss": 0.009067688307901523, "Test_loss": 9.58850129445394, "Train_acc": 0.9968235687962894, "Test_acc": 0.4830109775066376}}, "2": {"0": {"Train_loss": 0.0009423915777006187, "Test_loss": 5.884877840677897, "Train_acc": 0.9999348948399226, "Test_acc": 0.5139729181925455}, "1": {"Train_loss": 0.0014700298699357644, "Test_loss": 13.01142406463623, "Train_acc": 0.9999663244033682, "Test_acc": 0.4835590322812398}}, "3": {"0": {"Train_loss": 0.004108056750070924, "Test_loss": 11.161694526672363, "Train_acc": 0.9993164052565893, "Test_acc": 0.5138915379842123}, "1": {"Train_loss": 0.004081158727158567, "Test_loss": 6.600964228312175, "Train_acc": 0.9990234364723337, "Test_acc": 0.4834992587566376}}, "4": {"0": {"Train_loss": 0.0009009043812208498, "Test_loss": 6.354067802429199, "Train_acc": 0.9999999990065892, "Test_acc": 0.5140758951505026}, "1": {"Train_loss": 0.002520925019153169, "Test_loss": 14.169631322224935, "Train_acc": 0.9998316261275061, "Test_acc": 0.48384638627370197}}, "5": {"0": {"Train_loss": 0.002565591403981671, "Test_loss": 11.371191024780273, "Train_acc": 0.999772134423256, "Test_acc": 0.5141572753588358}, "1": {"Train_loss": 0.0011045901257352069, "Test_loss": 7.070422808329265, "Train_acc": 0.9999999989723337, "Test_acc": 0.48403075337409973}}, "6": {"0": {"Train_loss": 0.0012273033115585954, "Test_loss": 6.585155169169108, "Train_acc": 0.9999023427565893, "Test_acc": 0.5137503743171692}, "1": {"Train_loss": 0.00208196946588377, "Test_loss": 16.03233464558919, "Train_acc": 0.9998206054342205, "Test_acc": 0.48386799295743305}}, "7": {"0": {"Train_loss": 0.0007678996761872743, "Test_loss": 11.901453653971354, "Train_acc": 0.9999999990065892, "Test_acc": 0.5140758951505026}, "1": {"Train_loss": 0.0021611833362840116, "Test_loss": 7.541114807128906, "Train_acc": 0.9995959041447475, "Test_acc": 0.48392776648203534}}, "8": {"0": {"Train_loss": 0.0023565681282586106, "Test_loss": 6.012558301289876, "Train_acc": 0.9993815094232559, "Test_acc": 0.5139945149421692}, "1": {"Train_loss": 0.005444890478272633, "Test_loss": 13.049837112426758, "Train_acc": 0.9995285550068165, "Test_acc": 0.48400914669036865}}, "9": {"0": {"Train_loss": 0.0014171207444936347, "Test_loss": 11.703432401021322, "Train_acc": 0.9999999990065892, "Test_acc": 0.5141572753588358}, "1": {"Train_loss": 0.023007515328133415, "Test_loss": 7.351798375447591, "Train_acc": 0.9938265321583584, "Test_acc": 0.4841935137907664}}, "10": {"0": {"Train_loss": 0.009090615498522917, "Test_loss": 6.132500807444255, "Train_acc": 0.9973632802565893, "Test_acc": 0.5141572753588358}, "1": {"Train_loss": 0.005740127494109088, "Test_loss": 13.078458468119303, "Train_acc": 0.9994612058688854, "Test_acc": 0.48409052689870197}}, "11": {"0": {"Train_loss": 0.0006278660810494329, "Test_loss": 9.9471648534139, "Train_acc": 0.9999999990065892, "Test_acc": 0.5139945149421692}, "1": {"Train_loss": 0.00241241373266254, "Test_loss": 6.636585235595703, "Train_acc": 0.9996632532826786, "Test_acc": 0.48384638627370197}}, "12": {"0": {"Train_loss": 0.0006583781886244348, "Test_loss": 6.078982671101888, "Train_acc": 0.9999999990065892, "Test_acc": 0.5139729181925455}, "1": {"Train_loss": 0.0013192177645797874, "Test_loss": 16.427352905273438, "Train_acc": 0.9999999989723337, "Test_acc": 0.4841935137907664}}, "13": {"0": {"Train_loss": 0.0009567422911156124, "Test_loss": 10.887415885925293, "Train_acc": 0.9999674469232559, "Test_acc": 0.5141572753588358}, "1": {"Train_loss": 0.009967102295847545, "Test_loss": 6.791192531585693, "Train_acc": 0.9975307347445652, "Test_acc": 0.48403075337409973}}, "14": {"0": {"Train_loss": 0.000854042184073478, "Test_loss": 6.101201216379802, "Train_acc": 0.9999999990065892, "Test_acc": 0.5139945149421692}, "1": {"Train_loss": 0.005371149292151476, "Test_loss": 13.654345194498697, "Train_acc": 0.9993938567309544, "Test_acc": 0.48400914669036865}}, "15": {"0": {"Train_loss": 0.0006170874847157392, "Test_loss": 10.142831166585287, "Train_acc": 0.9999999990065892, "Test_acc": 0.5141572753588358}, "1": {"Train_loss": 0.0013402114167673, "Test_loss": 7.301995595296224, "Train_acc": 0.9999663244033682, "Test_acc": 0.48400914669036865}}, "16": {"0": {"Train_loss": 0.008508054415384929, "Test_loss": 5.753368059794108, "Train_acc": 0.9981119781732559, "Test_acc": 0.5140758951505026}, "1": {"Train_loss": 0.0027438297341898852, "Test_loss": 15.80069382985433, "Train_acc": 0.9998653006964716, "Test_acc": 0.4837433993816376}}, "17": {"0": {"Train_loss": 0.014016610611482369, "Test_loss": 9.70613702138265, "Train_acc": 0.9955078115065893, "Test_acc": 0.5141572753588358}, "1": {"Train_loss": 0.000950022181094592, "Test_loss": 6.622042655944824, "Train_acc": 0.9999326498344027, "Test_acc": 0.48409052689870197}}, "18": {"0": {"Train_loss": 0.0019255545126119007, "Test_loss": 5.720805644989014, "Train_acc": 0.9996744781732559, "Test_acc": 0.5141572753588358}, "1": {"Train_loss": 0.003712779541242996, "Test_loss": 15.051189104715982, "Train_acc": 0.9998316261275061, "Test_acc": 0.4838247795899709}}, "19": {"0": {"Train_loss": 0.0010283200671741119, "Test_loss": 10.520572026570639, "Train_acc": 0.9999999990065892, "Test_acc": 0.5141572753588358}, "1": {"Train_loss": 0.0011363688581382278, "Test_loss": 6.732334931691487, "Train_acc": 0.9998989752654371, "Test_acc": 0.48376500606536865}}}