{"0": {"0": {"Train_loss": 0.017536765336990355, "Test_loss": 0.031387126073241234, "Train_acc": 0.9950000663598378, "Test_acc": 0.990219255288442}, "1": {"Train_loss": 0.015808326087827826, "Test_loss": 0.03721570037305355, "Train_acc": 0.9957012873271416, "Test_acc": 0.988608201344808}}, "1": {"0": {"Train_loss": 0.03636053567752242, "Test_loss": 0.03039828936258952, "Train_acc": 0.9884557555119197, "Test_acc": 0.9917056957880656}, "1": {"Train_loss": 0.0024720582557071387, "Test_loss": 0.033587511628866196, "Train_acc": 0.9998316261275061, "Test_acc": 0.9909135103225708}}, "2": {"0": {"Train_loss": 0.005683564751719435, "Test_loss": 0.028274701287349064, "Train_acc": 0.9984700510899226, "Test_acc": 0.9922587871551514}, "1": {"Train_loss": 0.00842053042965588, "Test_loss": 0.03019965502123038, "Train_acc": 0.9973850157754175, "Test_acc": 0.9915047685305277}}, "3": {"0": {"Train_loss": 0.005425235792063177, "Test_loss": 0.02798874241610368, "Train_acc": 0.9986979156732559, "Test_acc": 0.9919498364130656}, "1": {"Train_loss": 0.0033179718874603637, "Test_loss": 0.03093321993947029, "Train_acc": 0.9993601821619889, "Test_acc": 0.9920312166213989}}, "4": {"0": {"Train_loss": 0.0011667393147945404, "Test_loss": 0.02852501596013705, "Train_acc": 0.9999348948399226, "Test_acc": 0.9923401673634847}, "1": {"Train_loss": 0.005417076837680912, "Test_loss": 0.028722429958482582, "Train_acc": 0.9985519925068165, "Test_acc": 0.9913801749547323}}, "5": {"0": {"Train_loss": 0.003801723218445356, "Test_loss": 0.027691121213138103, "Train_acc": 0.9991653909285864, "Test_acc": 0.9920960267384847}, "1": {"Train_loss": 0.0013531569159661967, "Test_loss": 0.03019212217380603, "Train_acc": 0.9999326498344027, "Test_acc": 0.9920312166213989}}, "6": {"0": {"Train_loss": 0.000919648959825281, "Test_loss": 0.0285629965364933, "Train_acc": 0.9999999990065892, "Test_acc": 0.9920744299888611}, "1": {"Train_loss": 0.0006478316424583117, "Test_loss": 0.028987862790624302, "Train_acc": 0.9999999989723337, "Test_acc": 0.9920312166213989}}, "7": {"0": {"Train_loss": 0.0010265823376054565, "Test_loss": 0.025916324307521183, "Train_acc": 0.9999999990065892, "Test_acc": 0.9923185706138611}, "1": {"Train_loss": 0.003906619637714827, "Test_loss": 0.028666069110234577, "Train_acc": 0.9989787412100825, "Test_acc": 0.9919498364130656}}, "8": {"0": {"Train_loss": 0.0018827767179269963, "Test_loss": 0.024714764207601547, "Train_acc": 0.9997395823399226, "Test_acc": 0.9923617839813232}, "1": {"Train_loss": 0.0033820915298841507, "Test_loss": 0.025982700909177463, "Train_acc": 0.9992254838861269, "Test_acc": 0.9919116695721945}}, "9": {"0": {"Train_loss": 0.003061250617611222, "Test_loss": 0.027591067055861156, "Train_acc": 0.9994466135899226, "Test_acc": 0.9923185706138611}, "1": {"Train_loss": 0.0008899049952843001, "Test_loss": 0.027444237532715004, "Train_acc": 0.9999999989723337, "Test_acc": 0.9922371904055277}}, "10": {"0": {"Train_loss": 0.0013257516518933698, "Test_loss": 0.02665531449019909, "Train_acc": 0.9999570439259211, "Test_acc": 0.9924813310305277}, "1": {"Train_loss": 0.0010023709027305373, "Test_loss": 0.027319069330890972, "Train_acc": 0.9999663244033682, "Test_acc": 0.9923135240872701}}, "11": {"0": {"Train_loss": 0.0007861944652783374, "Test_loss": 0.025905920503040154, "Train_acc": 0.9999999990065892, "Test_acc": 0.9924431641896566}, "1": {"Train_loss": 0.001334272141885494, "Test_loss": 0.02918838957945506, "Train_acc": 0.9998653006964716, "Test_acc": 0.9919714530309042}}, "12": {"0": {"Train_loss": 0.001869353100967904, "Test_loss": 0.026308779294292133, "Train_acc": 0.9998697906732559, "Test_acc": 0.9925843079884847}, "1": {"Train_loss": 0.0022656512968563312, "Test_loss": 0.02614537440240383, "Train_acc": 0.9996969278516441, "Test_acc": 0.9919930497805277}}, "13": {"0": {"Train_loss": 0.0009128295059781522, "Test_loss": 0.02417153088996808, "Train_acc": 0.9999999990065892, "Test_acc": 0.9927686850229899}, "1": {"Train_loss": 0.0009180897478503978, "Test_loss": 0.026516987942159176, "Train_acc": 0.9999999989723337, "Test_acc": 0.9923567374547323}}, "14": {"0": {"Train_loss": 0.0015774015574910058, "Test_loss": 0.023565757398804028, "Train_acc": 0.9999999990065892, "Test_acc": 0.9928882320721945}, "1": {"Train_loss": 0.0016106556868180633, "Test_loss": 0.02729951497167349, "Train_acc": 0.9998989752654371, "Test_acc": 0.9924597342809042}}, "15": {"0": {"Train_loss": 0.001748359215950283, "Test_loss": 0.02512675089140733, "Train_acc": 0.9999244918425878, "Test_acc": 0.9923185706138611}, "1": {"Train_loss": 0.000619489704870924, "Test_loss": 0.028924354662497837, "Train_acc": 0.9999999989723337, "Test_acc": 0.9923185706138611}}, "16": {"0": {"Train_loss": 0.0011380681845669946, "Test_loss": 0.025111951554814976, "Train_acc": 0.9999999990065892, "Test_acc": 0.9926440914471945}, "1": {"Train_loss": 0.0006352735937729575, "Test_loss": 0.02908983174711466, "Train_acc": 0.9999999989723337, "Test_acc": 0.9923999508221945}}, "17": {"0": {"Train_loss": 0.0007611923220489796, "Test_loss": 0.02534753146270911, "Train_acc": 0.9999999990065892, "Test_acc": 0.9923999508221945}, "1": {"Train_loss": 0.0010260067165604439, "Test_loss": 0.02670287402967612, "Train_acc": 0.9999999989723337, "Test_acc": 0.9924813310305277}}, "18": {"0": {"Train_loss": 0.0010305974234749253, "Test_loss": 0.025456213702758152, "Train_acc": 0.9999999990065892, "Test_acc": 0.992665688196818}, "1": {"Train_loss": 0.0005005808912944209, "Test_loss": 0.027922214940190315, "Train_acc": 0.9999999989723337, "Test_acc": 0.9924813310305277}}, "19": {"0": {"Train_loss": 0.0020067638562371332, "Test_loss": 0.02444486568371455, "Train_acc": 0.9998697906732559, "Test_acc": 0.9928068518638611}, "1": {"Train_loss": 0.0006294671379848672, "Test_loss": 0.026083883829414845, "Train_acc": 0.9999999989723337, "Test_acc": 0.9924813310305277}}}