{"0": {"0": {"Train_loss": 0.0039287454797886315, "Test_loss": 13.933391253153482, "Train_acc": 0.9990130335092544, "Test_acc": 0.5134032567342123}, "1": {"Train_loss": 0.00991716051217297, "Test_loss": 14.269957542419434, "Train_acc": 0.9968909179342205, "Test_acc": 0.4830707510312398}}, "1": {"0": {"Train_loss": 0.9496475527683894, "Test_loss": 0.5004080434640249, "Train_acc": 0.6532491674025853, "Test_acc": 0.8192084630330404}, "1": {"Train_loss": 0.9575679065852329, "Test_loss": 0.39447487394014996, "Train_acc": 0.6618883465898449, "Test_acc": 0.8614476720492045}}, "2": {"0": {"Train_loss": 0.18449659372369448, "Test_loss": 0.5140308141708374, "Train_acc": 0.9974622795979182, "Test_acc": 0.7512646317481995}, "1": {"Train_loss": 0.30284692501199656, "Test_loss": 0.5332539677619934, "Train_acc": 0.9937034670648903, "Test_acc": 0.754537840684255}}, "3": {"0": {"Train_loss": 0.789420501391093, "Test_loss": 0.359796682993571, "Train_acc": 0.9642984181642532, "Test_acc": 0.9452800949414571}, "1": {"Train_loss": 0.8172504357222853, "Test_loss": 0.30153602361679077, "Train_acc": 0.9496485590934753, "Test_acc": 0.9594949881235758}}, "4": {"0": {"Train_loss": 0.331992340584596, "Test_loss": 0.42242353161176044, "Train_acc": 0.9971354156732559, "Test_acc": 0.8310575683911642}, "1": {"Train_loss": 0.4879408149883665, "Test_loss": 0.3907688558101654, "Train_acc": 0.9926258808579939, "Test_acc": 0.8957677880922953}}, "5": {"0": {"Train_loss": 0.6864345659812291, "Test_loss": 0.3751400609811147, "Train_acc": 0.9840300142765045, "Test_acc": 0.9345825513203939}, "1": {"Train_loss": 0.7596290019051782, "Test_loss": 0.3176577389240265, "Train_acc": 0.9724217519677919, "Test_acc": 0.9616972804069519}}, "6": {"0": {"Train_loss": 0.4488090957204501, "Test_loss": 0.38953598340352374, "Train_acc": 0.9962461064259212, "Test_acc": 0.8879372874895731}, "1": {"Train_loss": 0.6069319104326183, "Test_loss": 0.36486275990804035, "Train_acc": 0.9908068416447475, "Test_acc": 0.94021075963974}}, "7": {"0": {"Train_loss": 0.6421328961849213, "Test_loss": 0.39286573727925617, "Train_acc": 0.9897605240345001, "Test_acc": 0.9127589662869772}, "1": {"Train_loss": 0.7109853789724153, "Test_loss": 0.33496933182080585, "Train_acc": 0.9819963502472845, "Test_acc": 0.9510444005330404}}, "8": {"0": {"Train_loss": 0.5379048933585485, "Test_loss": 0.40048301219940186, "Train_acc": 0.9935885816812515, "Test_acc": 0.8984555006027222}, "1": {"Train_loss": 0.652532657672619, "Test_loss": 0.36585164070129395, "Train_acc": 0.9888549416229643, "Test_acc": 0.9412153959274292}}, "9": {"0": {"Train_loss": 0.6313605864842733, "Test_loss": 0.38241900006930035, "Train_acc": 0.9923620055119197, "Test_acc": 0.9246606429417928}, "1": {"Train_loss": 0.7253979084820583, "Test_loss": 0.3715764284133911, "Train_acc": 0.9854758515440184, "Test_acc": 0.9375432133674622}}, "10": {"0": {"Train_loss": 0.5772752463817596, "Test_loss": 0.42144928375879925, "Train_acc": 0.9944141288598378, "Test_acc": 0.8824696938196818}, "1": {"Train_loss": 0.6581038750451187, "Test_loss": 0.3822624087333679, "Train_acc": 0.9902239657681564, "Test_acc": 0.9282291332880656}}, "11": {"0": {"Train_loss": 0.6654337376356125, "Test_loss": 0.40620242555936176, "Train_acc": 0.990148463845253, "Test_acc": 0.9193889498710632}, "1": {"Train_loss": 0.7147240299603035, "Test_loss": 0.37731223305066425, "Train_acc": 0.9859919907717869, "Test_acc": 0.9413997729619344}}, "12": {"0": {"Train_loss": 0.598879075050354, "Test_loss": 0.4189237554868062, "Train_acc": 0.9942057281732559, "Test_acc": 0.8996812502543131}, "1": {"Train_loss": 0.7059734309541768, "Test_loss": 0.4069647292296092, "Train_acc": 0.987843479575782, "Test_acc": 0.9308102528254191}}, "13": {"0": {"Train_loss": 0.6633558799823125, "Test_loss": 0.43129292130470276, "Train_acc": 0.9912891288598379, "Test_acc": 0.8993773261706034}, "1": {"Train_loss": 0.7252373397350311, "Test_loss": 0.38160701592763263, "Train_acc": 0.9863850649060875, "Test_acc": 0.9308534661928812}}, "14": {"0": {"Train_loss": 0.6389189769824346, "Test_loss": 0.4177708824475606, "Train_acc": 0.9928204198678334, "Test_acc": 0.8998223940531412}, "1": {"Train_loss": 0.7248125240720552, "Test_loss": 0.4012117584546407, "Train_acc": 0.987585716206452, "Test_acc": 0.9314461747805277}}, "15": {"0": {"Train_loss": 0.6673069765170415, "Test_loss": 0.4466258982817332, "Train_acc": 0.9917760680119196, "Test_acc": 0.8891529440879822}, "1": {"Train_loss": 0.7131947114549834, "Test_loss": 0.38751988609631854, "Train_acc": 0.988371864475053, "Test_acc": 0.9298070470492045}}, "16": {"0": {"Train_loss": 0.6534393141667049, "Test_loss": 0.4317027727762858, "Train_acc": 0.9912552346785863, "Test_acc": 0.896449089050293}, "1": {"Train_loss": 0.7471806818041308, "Test_loss": 0.3993970851103465, "Train_acc": 0.9871816213788658, "Test_acc": 0.936875601609548}}, "17": {"0": {"Train_loss": 0.6301040887832642, "Test_loss": 0.42857734362284344, "Train_acc": 0.9929908980925878, "Test_acc": 0.8924729824066162}, "1": {"Train_loss": 0.7234356999397278, "Test_loss": 0.40807466705640155, "Train_acc": 0.9871252929342205, "Test_acc": 0.9283803701400757}}, "18": {"0": {"Train_loss": 0.6503724167744319, "Test_loss": 0.4348646104335785, "Train_acc": 0.9935456256071726, "Test_acc": 0.8852733572324117}, "1": {"Train_loss": 0.7428384392425932, "Test_loss": 0.40199124813079834, "Train_acc": 0.9871589675031859, "Test_acc": 0.9341036279996237}}, "19": {"0": {"Train_loss": 0.6544939418633778, "Test_loss": 0.4418823520342509, "Train_acc": 0.991527396440506, "Test_acc": 0.8854973316192627}, "1": {"Train_loss": 0.7371379558382363, "Test_loss": 0.3964180847009023, "Train_acc": 0.9876989855848509, "Test_acc": 0.9336801767349243}}}