{"0": {"0": {"Train_loss": 0.013810899915794532, "Test_loss": 0.02882694701353709, "Train_acc": 0.9961705992619196, "Test_acc": 0.9906643231709799}, "1": {"Train_loss": 0.02211388952002443, "Test_loss": 0.03621627949178219, "Train_acc": 0.9934003959442007, "Test_acc": 0.989481786886851}}, "1": {"0": {"Train_loss": 0.03489253344014287, "Test_loss": 0.030883316571513813, "Train_acc": 0.9915911585092545, "Test_acc": 0.9891778628031412}, "1": {"Train_loss": 0.031179652902586705, "Test_loss": 0.03311604571839174, "Train_acc": 0.9927605791338558, "Test_acc": 0.989242692788442}}, "2": {"0": {"Train_loss": 0.035870155009130635, "Test_loss": 0.030671793967485428, "Train_acc": 0.9927422275145849, "Test_acc": 0.9908321301142374}, "1": {"Train_loss": 0.03419648409532062, "Test_loss": 0.031217186401287716, "Train_acc": 0.9937365291447475, "Test_acc": 0.9898886879285177}}, "3": {"0": {"Train_loss": 0.0441428458938996, "Test_loss": 0.032628538087010384, "Train_acc": 0.9896823316812515, "Test_acc": 0.9895682136217753}, "1": {"Train_loss": 0.03798830669758649, "Test_loss": 0.030630409717559814, "Train_acc": 0.9925585317200628, "Test_acc": 0.9907889167467753}}, "4": {"0": {"Train_loss": 0.04291594016055266, "Test_loss": 0.031113882238666218, "Train_acc": 0.9908333996931712, "Test_acc": 0.9898937344551086}, "1": {"Train_loss": 0.03945572642159873, "Test_loss": 0.03330842840174834, "Train_acc": 0.9925579192309544, "Test_acc": 0.9893240729967753}}, "5": {"0": {"Train_loss": 0.04414322016139825, "Test_loss": 0.03252728718022505, "Train_acc": 0.9915612916151683, "Test_acc": 0.9901213049888611}, "1": {"Train_loss": 0.04128820471594046, "Test_loss": 0.029683545231819153, "Train_acc": 0.9931420200857622, "Test_acc": 0.9907291332880656}}, "6": {"0": {"Train_loss": 0.0437544827349484, "Test_loss": 0.02963073489566644, "Train_acc": 0.9923516025145849, "Test_acc": 0.9903603990872701}, "1": {"Train_loss": 0.039689775459982195, "Test_loss": 0.03072169857720534, "Train_acc": 0.9931983485304076, "Test_acc": 0.9900348782539368}}, "7": {"0": {"Train_loss": 0.0442902149943014, "Test_loss": 0.032100630924105644, "Train_acc": 0.9917317698399226, "Test_acc": 0.9902408520380656}, "1": {"Train_loss": 0.04076648320488889, "Test_loss": 0.03457833329836527, "Train_acc": 0.9929956886275061, "Test_acc": 0.9893240729967753}}, "8": {"0": {"Train_loss": 0.04413660677770773, "Test_loss": 0.03228427159289519, "Train_acc": 0.9922317971785863, "Test_acc": 0.9898505210876465}, "1": {"Train_loss": 0.040156635969620325, "Test_loss": 0.031821032986044884, "Train_acc": 0.9931193662100825, "Test_acc": 0.9903222322463989}}, "9": {"0": {"Train_loss": 0.04381132026513417, "Test_loss": 0.03052585820357005, "Train_acc": 0.9915911585092545, "Test_acc": 0.9903006354967753}, "1": {"Train_loss": 0.0416004605077464, "Test_loss": 0.032946888357400894, "Train_acc": 0.9928616028407524, "Test_acc": 0.9898505210876465}}, "10": {"0": {"Train_loss": 0.04497161898761988, "Test_loss": 0.03254093353947004, "Train_acc": 0.9912552346785863, "Test_acc": 0.9899153312047323}, "1": {"Train_loss": 0.04108601153410714, "Test_loss": 0.035692174608508744, "Train_acc": 0.9926258808579939, "Test_acc": 0.9886298179626465}}, "11": {"0": {"Train_loss": 0.044170896895229815, "Test_loss": 0.03015726866821448, "Train_acc": 0.991918021440506, "Test_acc": 0.9911742011706034}, "1": {"Train_loss": 0.041763076815625716, "Test_loss": 0.031215045601129532, "Train_acc": 0.992658942937851, "Test_acc": 0.9906095862388611}}, "12": {"0": {"Train_loss": 0.04507921701297164, "Test_loss": 0.03206053003668785, "Train_acc": 0.9918633212645849, "Test_acc": 0.9902408520380656}, "1": {"Train_loss": 0.0385221048932651, "Test_loss": 0.030661309137940407, "Train_acc": 0.9936808131892105, "Test_acc": 0.9902574221293131}}, "13": {"0": {"Train_loss": 0.04240774534021815, "Test_loss": 0.03198520466685295, "Train_acc": 0.9919817835092545, "Test_acc": 0.9906859199206034}, "1": {"Train_loss": 0.04041743175736789, "Test_loss": 0.0339761208742857, "Train_acc": 0.9936018308688854, "Test_acc": 0.9894652167956034}}, "14": {"0": {"Train_loss": 0.043704630248248576, "Test_loss": 0.03133835271000862, "Train_acc": 0.9914193371931712, "Test_acc": 0.9903222322463989}, "1": {"Train_loss": 0.04087363135326525, "Test_loss": 0.03185733656088511, "Train_acc": 0.9921991321547278, "Test_acc": 0.9890367190043131}}, "15": {"0": {"Train_loss": 0.04671142175793648, "Test_loss": 0.0343522255619367, "Train_acc": 0.9917878131071727, "Test_acc": 0.9887327949206034}, "1": {"Train_loss": 0.037742004665578234, "Test_loss": 0.03031286597251892, "Train_acc": 0.9938155114650726, "Test_acc": 0.9903006354967753}}, "16": {"0": {"Train_loss": 0.04390163024266561, "Test_loss": 0.03227892083426317, "Train_acc": 0.9914414862791697, "Test_acc": 0.9898505210876465}, "1": {"Train_loss": 0.04323842928841196, "Test_loss": 0.03374708257615566, "Train_acc": 0.9926479222445652, "Test_acc": 0.9899153312047323}}, "17": {"0": {"Train_loss": 0.045018762908875944, "Test_loss": 0.03338558661441008, "Train_acc": 0.9916367987791698, "Test_acc": 0.9896495938301086}, "1": {"Train_loss": 0.040514613116352724, "Test_loss": 0.032252671817938484, "Train_acc": 0.9931083455167967, "Test_acc": 0.9909135103225708}}, "18": {"0": {"Train_loss": 0.04398740855976939, "Test_loss": 0.033527481680115066, "Train_acc": 0.9907682955265045, "Test_acc": 0.9895898103713989}, "1": {"Train_loss": 0.040471350453023254, "Test_loss": 0.031743123506506286, "Train_acc": 0.9929736472409347, "Test_acc": 0.9902840654055277}}, "19": {"0": {"Train_loss": 0.04310927080611388, "Test_loss": 0.030266435196002323, "Train_acc": 0.9916901568571727, "Test_acc": 0.9902624686559042}, "1": {"Train_loss": 0.04063728882064079, "Test_loss": 0.031923737997810044, "Train_acc": 0.9928499696583584, "Test_acc": 0.9901810884475708}}}