{"0": {"0": {"Train_loss": 0.006405850168084726, "Test_loss": 0.07101271053155263, "Train_acc": 0.9985677073399226, "Test_acc": 0.9795318047205607}, "1": {"Train_loss": 0.015137403039261699, "Test_loss": 0.06948220357298851, "Train_acc": 0.9953082131928411, "Test_acc": 0.977878987789154}}, "1": {"0": {"Train_loss": 0.09009207673370838, "Test_loss": 0.053275556614001594, "Train_acc": 0.9832293003797531, "Test_acc": 0.9858362476030985}, "1": {"Train_loss": 0.09646871454756835, "Test_loss": 0.04588296636939049, "Train_acc": 0.9808397817200628, "Test_acc": 0.9856569170951843}}, "2": {"0": {"Train_loss": 0.05842301721374194, "Test_loss": 0.05769948040445646, "Train_acc": 0.9941302210092544, "Test_acc": 0.982542872428894}, "1": {"Train_loss": 0.07697113539124358, "Test_loss": 0.054461160053809486, "Train_acc": 0.992895277409718, "Test_acc": 0.9833681980768839}}, "3": {"0": {"Train_loss": 0.09397587242225806, "Test_loss": 0.0496508094171683, "Train_acc": 0.9899870455265045, "Test_acc": 0.9878160158793131}, "1": {"Train_loss": 0.10851121231399734, "Test_loss": 0.05025398110349973, "Train_acc": 0.9868001804269594, "Test_acc": 0.9871001640955607}}, "4": {"0": {"Train_loss": 0.07878467875222366, "Test_loss": 0.05709874133268992, "Train_acc": 0.9931432555119196, "Test_acc": 0.985434373219808}, "1": {"Train_loss": 0.10319562384794498, "Test_loss": 0.05330746869246165, "Train_acc": 0.9903243769859446, "Test_acc": 0.9853645165761312}}, "5": {"0": {"Train_loss": 0.09400595550735792, "Test_loss": 0.052186500281095505, "Train_acc": 0.9924818108479182, "Test_acc": 0.9874091148376465}, "1": {"Train_loss": 0.12005269488897817, "Test_loss": 0.05459877600272497, "Train_acc": 0.9881245093099003, "Test_acc": 0.9864707191785177}}, "6": {"0": {"Train_loss": 0.09616173654794694, "Test_loss": 0.05410668005545934, "Train_acc": 0.9932526568571727, "Test_acc": 0.9854077299435934}, "1": {"Train_loss": 0.11098246558986861, "Test_loss": 0.05547076587875684, "Train_acc": 0.9908748032717869, "Test_acc": 0.9854891101519266}}, "7": {"0": {"Train_loss": 0.0995891040811936, "Test_loss": 0.053115359197060265, "Train_acc": 0.9921770960092544, "Test_acc": 0.986307958761851}, "1": {"Train_loss": 0.12120459704049702, "Test_loss": 0.05141841992735863, "Train_acc": 0.9906164274133485, "Test_acc": 0.9866716464360555}}, "8": {"0": {"Train_loss": 0.08844634927809239, "Test_loss": 0.0524429219464461, "Train_acc": 0.9938802073399226, "Test_acc": 0.986552099386851}, "1": {"Train_loss": 0.12302069211828298, "Test_loss": 0.05018813908100128, "Train_acc": 0.9904364213861269, "Test_acc": 0.9875502586364746}}, "9": {"0": {"Train_loss": 0.10277636448542277, "Test_loss": 0.057978382954994835, "Train_acc": 0.9931979566812515, "Test_acc": 0.986166795094808}, "1": {"Train_loss": 0.11428523821563556, "Test_loss": 0.054773139456907906, "Train_acc": 0.9899313028516441, "Test_acc": 0.985228419303894}}, "10": {"0": {"Train_loss": 0.10816955852011839, "Test_loss": 0.05467461049556732, "Train_acc": 0.9927200784285863, "Test_acc": 0.9867148598035177}, "1": {"Train_loss": 0.12302120877750988, "Test_loss": 0.055957354605197906, "Train_acc": 0.9912109364723337, "Test_acc": 0.9849792321523031}}, "11": {"0": {"Train_loss": 0.10297462369004885, "Test_loss": 0.056791761269172035, "Train_acc": 0.9934583733479182, "Test_acc": 0.9852068026860555}, "1": {"Train_loss": 0.11910522947537489, "Test_loss": 0.054003155479828514, "Train_acc": 0.9913682886238756, "Test_acc": 0.9857116540273031}}, "12": {"0": {"Train_loss": 0.09927285549541315, "Test_loss": 0.054448833068211876, "Train_acc": 0.9934909254312515, "Test_acc": 0.9869208335876465}, "1": {"Train_loss": 0.1231068813338362, "Test_loss": 0.05325580885012945, "Train_acc": 0.9904707084442007, "Test_acc": 0.9859557946523031}}, "13": {"0": {"Train_loss": 0.10687959579130014, "Test_loss": 0.056885487089554466, "Train_acc": 0.9922213941812515, "Test_acc": 0.9863511721293131}, "1": {"Train_loss": 0.11979624192262518, "Test_loss": 0.05550244326392809, "Train_acc": 0.9905937735376686, "Test_acc": 0.9866118828455607}}, "14": {"0": {"Train_loss": 0.10078093682726225, "Test_loss": 0.055137707541386284, "Train_acc": 0.9936432818571727, "Test_acc": 0.9862265785535177}, "1": {"Train_loss": 0.12760281395809403, "Test_loss": 0.05181395883361498, "Train_acc": 0.9897972170648903, "Test_acc": 0.986410935719808}}, "15": {"0": {"Train_loss": 0.10388971815506617, "Test_loss": 0.0577772781252861, "Train_acc": 0.9933489710092545, "Test_acc": 0.9867580731709799}, "1": {"Train_loss": 0.1116720141264899, "Test_loss": 0.051423524816830955, "Train_acc": 0.9908074541338558, "Test_acc": 0.9866334795951843}}, "16": {"0": {"Train_loss": 0.11032797371347745, "Test_loss": 0.05332266911864281, "Train_acc": 0.9925794670979182, "Test_acc": 0.9874688784281412}, "1": {"Train_loss": 0.11883213936254897, "Test_loss": 0.054427107175191246, "Train_acc": 0.9895731282645258, "Test_acc": 0.986655076344808}}, "17": {"0": {"Train_loss": 0.10603414848446846, "Test_loss": 0.054681163281202316, "Train_acc": 0.9936536858479182, "Test_acc": 0.9866334795951843}, "1": {"Train_loss": 0.1159320645805063, "Test_loss": 0.059094602862993874, "Train_acc": 0.9907848002581761, "Test_acc": 0.9846702814102173}}, "18": {"0": {"Train_loss": 0.11097691667576631, "Test_loss": 0.06011287122964859, "Train_acc": 0.9921341409285863, "Test_acc": 0.986801286538442}, "1": {"Train_loss": 0.11597086681888022, "Test_loss": 0.05252177764972051, "Train_acc": 0.9915476821619889, "Test_acc": 0.9867364565531412}}, "19": {"0": {"Train_loss": 0.10051189561684927, "Test_loss": 0.05354604000846545, "Train_acc": 0.9937291930119196, "Test_acc": 0.9873111645380656}, "1": {"Train_loss": 0.12656619412631825, "Test_loss": 0.054591499269008636, "Train_acc": 0.9912115489614421, "Test_acc": 0.9858527978261312}}}