{"0": {"0": {"Train_loss": 0.0045359902937586105, "Test_loss": 0.3046716550985972, "Train_acc": 0.9988502730925878, "Test_acc": 0.9217655261357626}, "1": {"Train_loss": 0.012617522140097773, "Test_loss": 0.3006662925084432, "Train_acc": 0.9963857993997377, "Test_acc": 0.9173537095387777}}, "1": {"0": {"Train_loss": 0.34090007344881695, "Test_loss": 0.14186697949965796, "Train_acc": 0.9301345030466716, "Test_acc": 0.9645607272783915}, "1": {"Train_loss": 0.27529732934359846, "Test_loss": 0.09709571301937103, "Train_acc": 0.945978031076234, "Test_acc": 0.9755988915761312}}, "2": {"0": {"Train_loss": 0.11209793513019879, "Test_loss": 0.1430412878592809, "Train_acc": 0.9964843740065893, "Test_acc": 0.9565854668617249}, "1": {"Train_loss": 0.14398211009543518, "Test_loss": 0.16602527598539987, "Train_acc": 0.9948367692273239, "Test_acc": 0.9493887027104696}}, "3": {"0": {"Train_loss": 0.322121491531531, "Test_loss": 0.13985159993171692, "Train_acc": 0.9797331392765045, "Test_acc": 0.9784040053685507}, "1": {"Train_loss": 0.3385926505614971, "Test_loss": 0.11698746184508006, "Train_acc": 0.9733646398988264, "Test_acc": 0.9797492822011312}}, "4": {"0": {"Train_loss": 0.2103042148053646, "Test_loss": 0.14723593493302664, "Train_acc": 0.9953020960092545, "Test_acc": 0.9672779440879822}, "1": {"Train_loss": 0.27168509441203087, "Test_loss": 0.1596350073814392, "Train_acc": 0.9926815968135307, "Test_acc": 0.9664490222930908}}, "5": {"0": {"Train_loss": 0.3239927639563878, "Test_loss": 0.14922840893268585, "Train_acc": 0.9885534117619197, "Test_acc": 0.9773842295010885}, "1": {"Train_loss": 0.34961983767049065, "Test_loss": 0.13715375463167825, "Train_acc": 0.9840951942164322, "Test_acc": 0.9798256357510885}}, "6": {"0": {"Train_loss": 0.2669843648870786, "Test_loss": 0.15856913725535074, "Train_acc": 0.9953463941812515, "Test_acc": 0.9691165685653687}, "1": {"Train_loss": 0.3317587134139291, "Test_loss": 0.1670321524143219, "Train_acc": 0.9915482946510973, "Test_acc": 0.9701593915621439}}, "7": {"0": {"Train_loss": 0.3338628813624382, "Test_loss": 0.16101678709189096, "Train_acc": 0.9921119918425878, "Test_acc": 0.9761419097582499}, "1": {"Train_loss": 0.3636839847112524, "Test_loss": 0.14799382040898004, "Train_acc": 0.9866654821510973, "Test_acc": 0.9795433282852173}}, "8": {"0": {"Train_loss": 0.3010347619652748, "Test_loss": 0.1573911557594935, "Train_acc": 0.9942943235238393, "Test_acc": 0.9756536285082499}, "1": {"Train_loss": 0.3484762752878255, "Test_loss": 0.16393345594406128, "Train_acc": 0.9920081054342205, "Test_acc": 0.9724697271982828}}, "9": {"0": {"Train_loss": 0.342526251077652, "Test_loss": 0.17097134391466776, "Train_acc": 0.991125026345253, "Test_acc": 0.9761469562848409}, "1": {"Train_loss": 0.3798735331872414, "Test_loss": 0.15813087423642477, "Train_acc": 0.988764326120245, "Test_acc": 0.9772164225578308}}, "10": {"0": {"Train_loss": 0.3277908802032471, "Test_loss": 0.1697036474943161, "Train_acc": 0.9938047001759212, "Test_acc": 0.9757400552431742}, "1": {"Train_loss": 0.38149721920490265, "Test_loss": 0.1680161952972412, "Train_acc": 0.9909641937962894, "Test_acc": 0.9748779932657877}}, "11": {"0": {"Train_loss": 0.3407706369956334, "Test_loss": 0.1733345886071523, "Train_acc": 0.9928073316812516, "Test_acc": 0.9745359222094218}, "1": {"Train_loss": 0.38718420883704874, "Test_loss": 0.16208416223526, "Train_acc": 0.9895614950821318, "Test_acc": 0.9760554830233256}}, "12": {"0": {"Train_loss": 0.34425509423017503, "Test_loss": 0.16937650243441263, "Train_acc": 0.9940325647592545, "Test_acc": 0.9744062821070353}, "1": {"Train_loss": 0.3864986788609932, "Test_loss": 0.16237921516100565, "Train_acc": 0.991491966206452, "Test_acc": 0.974949300289154}}, "13": {"0": {"Train_loss": 0.3239180063207944, "Test_loss": 0.1648965577284495, "Train_acc": 0.993664088845253, "Test_acc": 0.9764890472094218}, "1": {"Train_loss": 0.391273799641379, "Test_loss": 0.1760010023911794, "Train_acc": 0.9888990243961071, "Test_acc": 0.9732136726379395}}, "14": {"0": {"Train_loss": 0.36278558721144993, "Test_loss": 0.17965543270111084, "Train_acc": 0.9924153635899226, "Test_acc": 0.9777147769927979}, "1": {"Train_loss": 0.4013070643975817, "Test_loss": 0.16372433304786682, "Train_acc": 0.9898982407717869, "Test_acc": 0.9766251444816589}}, "15": {"0": {"Train_loss": 0.34044347554445265, "Test_loss": 0.17327645421028137, "Train_acc": 0.9931432555119196, "Test_acc": 0.9752251307169596}, "1": {"Train_loss": 0.3835049482255146, "Test_loss": 0.1799786537885666, "Train_acc": 0.9914693123307722, "Test_acc": 0.9717106620470682}}, "16": {"0": {"Train_loss": 0.3826970582207044, "Test_loss": 0.19291438162326813, "Train_acc": 0.9910052210092545, "Test_acc": 0.9740209778149923}, "1": {"Train_loss": 0.3969445434109918, "Test_loss": 0.17311188578605652, "Train_acc": 0.9910431761166145, "Test_acc": 0.9740375479062399}}, "17": {"0": {"Train_loss": 0.3476051037510236, "Test_loss": 0.17491776744524637, "Train_acc": 0.994359427690506, "Test_acc": 0.976917545000712}, "1": {"Train_loss": 0.41955088644192134, "Test_loss": 0.16969103117783865, "Train_acc": 0.9904927498307722, "Test_acc": 0.9751552740732828}}, "18": {"0": {"Train_loss": 0.3274813398718834, "Test_loss": 0.17742196222146353, "Train_acc": 0.993957057595253, "Test_acc": 0.9734347661336263}, "1": {"Train_loss": 0.41935800683909447, "Test_loss": 0.17247925202051798, "Train_acc": 0.9907511256892105, "Test_acc": 0.9755290349324545}}, "19": {"0": {"Train_loss": 0.33053620109955467, "Test_loss": 0.18501380582650503, "Train_acc": 0.9945533980925878, "Test_acc": 0.9718021154403687}, "1": {"Train_loss": 0.40239626580271226, "Test_loss": 0.1662378509839376, "Train_acc": 0.9906047942309544, "Test_acc": 0.9755189617474874}}}