{"0": {"Train_loss": 0.0012637513088217627, "Test_loss": 0.00520358863286674, "Train_acc": 0.9899857034285863, "Test_acc": 0.9817621906598409}, "1": {"Train_loss": 0.0013193548526534617, "Test_loss": 0.00409538842116793, "Train_acc": 0.9877767429269594, "Test_acc": 0.9781929850578308}}