{"0": {"Train_loss": 0.0018905343371443451, "Test_loss": 0.03187875201304754, "Train_acc": 0.9667891561985016, "Test_acc": 0.9082708160082499}, "1": {"Train_loss": 0.002089131888451761, "Test_loss": 0.02949685975909233, "Train_acc": 0.987530000250915, "Test_acc": 0.8741962711016337}}