{"0": {"Train_loss": 0.0009612794276714946, "Test_loss": 0.0021604486585905156, "Train_acc": 0.9858958860238393, "Test_acc": 0.988119920094808}, "1": {"Train_loss": 0.0009585113047846947, "Test_loss": 0.002173065634754797, "Train_acc": 0.9883155360304076, "Test_acc": 0.9877346356709799}}