{"0": {"0": {"Train_loss": 0.5008638051091409, "Test_loss": 1.358594822883606, "Train_acc": 0.8280566693568716, "Test_acc": 0.57275390625}, "1": {"Train_loss": 0.17071497181848605, "Test_loss": 1.6693170070648193, "Train_acc": 0.9417118411891314, "Test_acc": 0.6299208402633667}}, "1": {"0": {"Train_loss": 1.1921984991248773, "Test_loss": 0.9542779445648193, "Train_acc": 0.6880713226843853, "Test_acc": 0.660193407535553}, "1": {"Train_loss": 1.0639320259191551, "Test_loss": 0.8514234066009522, "Train_acc": 0.867088800182148, "Test_acc": 0.7218067288398743}}, "2": {"0": {"Train_loss": 1.285738649416943, "Test_loss": 0.957719373703003, "Train_acc": 0.670347045270764, "Test_acc": 0.6590077042579651}, "1": {"Train_loss": 1.255074597134882, "Test_loss": 0.9190622925758362, "Train_acc": 0.7561345970144078, "Test_acc": 0.6923577547073364}}, "3": {"0": {"Train_loss": 1.3408230847241926, "Test_loss": 1.0137367010116578, "Train_acc": 0.6478851583539224, "Test_acc": 0.6405143857002258}, "1": {"Train_loss": 1.3192184981034727, "Test_loss": 0.9848888278007507, "Train_acc": 0.7060024902528647, "Test_acc": 0.6692088961601257}}, "4": {"0": {"Train_loss": 1.3952193077729673, "Test_loss": 1.0583015441894532, "Train_acc": 0.6422212859805749, "Test_acc": 0.6278985738754272}, "1": {"Train_loss": 1.3803886357618838, "Test_loss": 1.0301032781600952, "Train_acc": 0.673632622981558, "Test_acc": 0.6483000874519348}}, "5": {"0": {"Train_loss": 1.434598596728578, "Test_loss": 1.079114055633545, "Train_acc": 0.6253720242149976, "Test_acc": 0.6117541790008545}, "1": {"Train_loss": 1.4168368164373903, "Test_loss": 1.06563401222229, "Train_acc": 0.6439713160602414, "Test_acc": 0.6296373724937439}}, "6": {"0": {"Train_loss": 1.4693978878916527, "Test_loss": 1.1035912036895752, "Train_acc": 0.6061824286470607, "Test_acc": 0.6062335848808289}, "1": {"Train_loss": 1.4405943860813064, "Test_loss": 1.1080625772476196, "Train_acc": 0.6335755282518815, "Test_acc": 0.6203479290008544}}, "7": {"0": {"Train_loss": 1.4989396431008164, "Test_loss": 1.1410401344299317, "Train_acc": 0.6034700712379144, "Test_acc": 0.5913924217224121}, "1": {"Train_loss": 1.4746553983007158, "Test_loss": 1.1424681901931764, "Train_acc": 0.6045235060915655, "Test_acc": 0.5998608589172363}}, "8": {"0": {"Train_loss": 1.520147635012257, "Test_loss": 1.1514653444290162, "Train_acc": 0.5995049805057292, "Test_acc": 0.5864776372909546}, "1": {"Train_loss": 1.5004292361590328, "Test_loss": 1.144738006591797, "Train_acc": 0.5944390035405451, "Test_acc": 0.596645987033844}}, "9": {"0": {"Train_loss": 1.546420156955719, "Test_loss": 1.1640548706054688, "Train_acc": 0.5899842083454132, "Test_acc": 0.5833128809928894}, "1": {"Train_loss": 1.5171420817472496, "Test_loss": 1.1604730844497682, "Train_acc": 0.5905384476087532, "Test_acc": 0.5916983485221863}}, "10": {"0": {"Train_loss": 1.5656027623585291, "Test_loss": 1.1888293504714966, "Train_acc": 0.5776485818989423, "Test_acc": 0.5752030849456787}, "1": {"Train_loss": 1.539116500591745, "Test_loss": 1.1725894212722778, "Train_acc": 0.587526193686894, "Test_acc": 0.5883331060409546}}, "11": {"0": {"Train_loss": 1.5875450044262165, "Test_loss": 1.2130011081695558, "Train_acc": 0.577863064955692, "Test_acc": 0.5636805176734925}, "1": {"Train_loss": 1.5599984271185738, "Test_loss": 1.2056621313095093, "Train_acc": 0.5643126672627975, "Test_acc": 0.5725404500961304}}, "12": {"0": {"Train_loss": 1.5940988112469108, "Test_loss": 1.231786346435547, "Train_acc": 0.5632687229283002, "Test_acc": 0.5556994915008545}, "1": {"Train_loss": 1.5716709968995075, "Test_loss": 1.2317305326461792, "Train_acc": 0.5479796832921554, "Test_acc": 0.5662584662437439}}, "13": {"0": {"Train_loss": 1.5905834485073478, "Test_loss": 1.2610592603683473, "Train_acc": 0.557344813127907, "Test_acc": 0.5373937010765075}, "1": {"Train_loss": 1.5735255078393586, "Test_loss": 1.2516903162002564, "Train_acc": 0.5273665268810428, "Test_acc": 0.5496128320693969}}, "14": {"0": {"Train_loss": 1.6033841116087777, "Test_loss": 1.263858723640442, "Train_acc": 0.5540744200044748, "Test_acc": 0.5366184949874878}, "1": {"Train_loss": 1.5929503903097035, "Test_loss": 1.2500693321228027, "Train_acc": 0.5137686772005898, "Test_acc": 0.5498530864715576}}, "15": {"0": {"Train_loss": 1.6198907080961733, "Test_loss": 1.2921541213989258, "Train_acc": 0.5468104651996067, "Test_acc": 0.5300625681877136}, "1": {"Train_loss": 1.6105090987925628, "Test_loss": 1.3053553581237793, "Train_acc": 0.49952737774167744, "Test_acc": 0.5275701761245728}}, "16": {"0": {"Train_loss": 1.6359940609153436, "Test_loss": 1.3001460790634156, "Train_acc": 0.5391327288686013, "Test_acc": 0.5259618759155273}, "1": {"Train_loss": 1.626808834319212, "Test_loss": 1.3125362396240234, "Train_acc": 0.501129358398671, "Test_acc": 0.5303434371948242}}, "17": {"0": {"Train_loss": 1.6496622817856925, "Test_loss": 1.310081171989441, "Train_acc": 0.5307716836734694, "Test_acc": 0.5196410059928894}, "1": {"Train_loss": 1.6390742379791883, "Test_loss": 1.3182765245437622, "Train_acc": 0.49586028590494274, "Test_acc": 0.5236829400062561}}, "18": {"0": {"Train_loss": 1.6593314299778061, "Test_loss": 1.3073739528656005, "Train_acc": 0.5317985451951319, "Test_acc": 0.5226674795150756}, "1": {"Train_loss": 1.6466172203725697, "Test_loss": 1.316009283065796, "Train_acc": 0.49968302067445247, "Test_acc": 0.5281880855560303}}, "19": {"0": {"Train_loss": 1.6674630982535226, "Test_loss": 1.3238863945007324, "Train_acc": 0.5286458335360702, "Test_acc": 0.5183516025543213}, "1": {"Train_loss": 1.6559846182258762, "Test_loss": 1.3240507602691651, "Train_acc": 0.4979443787312021, "Test_acc": 0.5254597663879395}}}