{"0": {"0": {"Train_loss": 0.41585693523591877, "Test_loss": 3.250679063796997, "Train_acc": 0.8536333064643704, "Test_acc": 0.4197498977184296}, "1": {"Train_loss": 0.15318406335249238, "Test_loss": 3.0482826232910156, "Train_acc": 0.9486872876177028, "Test_acc": 0.4912498235702515}}, "1": {"0": {"Train_loss": 1.3755035084121081, "Test_loss": 1.0841694831848145, "Train_acc": 0.5514626612468642, "Test_acc": 0.6016705274581909}, "1": {"Train_loss": 1.1949084315981184, "Test_loss": 1.091063928604126, "Train_acc": 0.8561368742767645, "Test_acc": 0.6037714362144471}}, "2": {"0": {"Train_loss": 1.450830261318051, "Test_loss": 1.1192873239517211, "Train_acc": 0.49479736114034845, "Test_acc": 0.5923283696174622}, "1": {"Train_loss": 1.3256134171875156, "Test_loss": 1.0881492137908935, "Train_acc": 0.774424501827785, "Test_acc": 0.6064867973327637}}, "3": {"0": {"Train_loss": 1.4924478591704855, "Test_loss": 1.1433040142059325, "Train_acc": 0.45422209099847444, "Test_acc": 0.5698631048202515}, "1": {"Train_loss": 1.3772285021081263, "Test_loss": 1.1473934650421143, "Train_acc": 0.7377137237665604, "Test_acc": 0.5776280760765076}}, "4": {"0": {"Train_loss": 1.5365995752568147, "Test_loss": 1.176880955696106, "Train_acc": 0.44600340146191264, "Test_acc": 0.5604241609573364}, "1": {"Train_loss": 1.4268556115578632, "Test_loss": 1.1742717742919921, "Train_acc": 0.7148627310383077, "Test_acc": 0.5630729794502258}}, "5": {"0": {"Train_loss": 1.5619742213463297, "Test_loss": 1.2016881704330444, "Train_acc": 0.4205653244743542, "Test_acc": 0.5533401846885682}, "1": {"Train_loss": 1.4547495367575665, "Test_loss": 1.1902422904968262, "Train_acc": 0.6840568817391688, "Test_acc": 0.5472154974937439}}, "6": {"0": {"Train_loss": 1.5939559924359223, "Test_loss": 1.225502371788025, "Train_acc": 0.3892469935271205, "Test_acc": 0.5382570505142212}, "1": {"Train_loss": 1.4896309205463953, "Test_loss": 1.229400062561035, "Train_acc": 0.6846357961090244, "Test_acc": 0.5325031161308289}}, "7": {"0": {"Train_loss": 1.613347487790244, "Test_loss": 1.2695316791534423, "Train_acc": 0.35801977040816324, "Test_acc": 0.5150770902633667}, "1": {"Train_loss": 1.511029030595507, "Test_loss": 1.2660561800003052, "Train_acc": 0.6709677175599702, "Test_acc": 0.511860477924347}}, "8": {"0": {"Train_loss": 1.624595314872508, "Test_loss": 1.28262460231781, "Train_acc": 0.3629471878616177, "Test_acc": 0.5111189842224121}, "1": {"Train_loss": 1.5226044216934516, "Test_loss": 1.2828434467315675, "Train_acc": 0.6547808853947387, "Test_acc": 0.5071937203407287}}, "9": {"0": {"Train_loss": 1.6464382616841062, "Test_loss": 1.3083530902862548, "Train_acc": 0.36343309648182925, "Test_acc": 0.5065887689590454}, "1": {"Train_loss": 1.551251460094841, "Test_loss": 1.2915982961654664, "Train_acc": 0.647896547098549, "Test_acc": 0.50302734375}}, "10": {"0": {"Train_loss": 1.6598962946813933, "Test_loss": 1.3207236289978028, "Train_acc": 0.33711051393528374, "Test_acc": 0.49265071749687195}, "1": {"Train_loss": 1.5693622937007827, "Test_loss": 1.3199949264526367, "Train_acc": 0.6416423716107194, "Test_acc": 0.49431692361831664}}, "11": {"0": {"Train_loss": 1.668759822845459, "Test_loss": 1.366696834564209, "Train_acc": 0.3217303661667571, "Test_acc": 0.4825350880622864}, "1": {"Train_loss": 1.5876008880381682, "Test_loss": 1.3488325357437134, "Train_acc": 0.6388294155500374, "Test_acc": 0.48286089301109314}}, "12": {"0": {"Train_loss": 1.6828390785626002, "Test_loss": 1.3761655569076539, "Train_acc": 0.308104045232948, "Test_acc": 0.47552371621131895}, "1": {"Train_loss": 1.5977025701075185, "Test_loss": 1.3670346975326537, "Train_acc": 0.6251992984693877, "Test_acc": 0.475257533788681}}, "13": {"0": {"Train_loss": 1.6982448161864767, "Test_loss": 1.3669017553329468, "Train_acc": 0.3034100918745508, "Test_acc": 0.480465292930603}, "1": {"Train_loss": 1.6206101264272417, "Test_loss": 1.3861587285995483, "Train_acc": 0.6181820941214659, "Test_acc": 0.46557746529579164}}, "14": {"0": {"Train_loss": 1.6966863785471236, "Test_loss": 1.433712410926819, "Train_acc": 0.28764653190666317, "Test_acc": 0.45241374969482423}, "1": {"Train_loss": 1.621583705045739, "Test_loss": 1.3998365163803101, "Train_acc": 0.6068961066859109, "Test_acc": 0.45922375917434693}}, "15": {"0": {"Train_loss": 1.7073163450980673, "Test_loss": 1.4211570501327515, "Train_acc": 0.2650346968855177, "Test_acc": 0.45510318875312805}, "1": {"Train_loss": 1.6301646439396604, "Test_loss": 1.4311733961105346, "Train_acc": 0.6072149842369313, "Test_acc": 0.4469467282295227}}, "16": {"0": {"Train_loss": 1.7249217629432678, "Test_loss": 1.443302369117737, "Train_acc": 0.25845405124888127, "Test_acc": 0.4490415871143341}, "1": {"Train_loss": 1.6549372587885176, "Test_loss": 1.4492630243301392, "Train_acc": 0.6095705026266526, "Test_acc": 0.44738229513168337}}, "17": {"0": {"Train_loss": 1.7313281480146914, "Test_loss": 1.4658393144607544, "Train_acc": 0.24500235367794426, "Test_acc": 0.434928959608078}, "1": {"Train_loss": 1.660152482743166, "Test_loss": 1.4402995347976684, "Train_acc": 0.6103069575465455, "Test_acc": 0.4387574315071106}}, "18": {"0": {"Train_loss": 1.7427334882775132, "Test_loss": 1.4599014043807983, "Train_acc": 0.23502793984145534, "Test_acc": 0.43818359375}, "1": {"Train_loss": 1.6707104736444902, "Test_loss": 1.4596060037612915, "Train_acc": 0.6047057217481185, "Test_acc": 0.44576793909072876}}, "19": {"0": {"Train_loss": 1.7466506556588777, "Test_loss": 1.4808349132537841, "Train_acc": 0.23092428944548782, "Test_acc": 0.4274621486663818}, "1": {"Train_loss": 1.6855977700681102, "Test_loss": 1.4926943063735962, "Train_acc": 0.5947635751597735, "Test_acc": 0.4257769286632538}}}