{"0": {"0": {"Train_loss": 0.21613481823278932, "Test_loss": 1.6007535696029662, "Train_acc": 0.9257281039442334, "Test_acc": 0.656741738319397}, "1": {"Train_loss": 0.20207293369636245, "Test_loss": 1.4871351718902588, "Train_acc": 0.93306038939223, "Test_acc": 0.6420621871948242}}, "1": {"0": {"Train_loss": 0.9811878982855349, "Test_loss": 0.7370656847953796, "Train_acc": 0.8010469814952539, "Test_acc": 0.7587493062019348}, "1": {"Train_loss": 0.8430168890223211, "Test_loss": 0.75355464220047, "Train_acc": 0.854929695324022, "Test_acc": 0.7433343172073364}}, "2": {"0": {"Train_loss": 1.0825675093397802, "Test_loss": 0.763124680519104, "Train_acc": 0.7487738400089498, "Test_acc": 0.7566146969795227}, "1": {"Train_loss": 0.9313900616704202, "Test_loss": 0.7737557530403137, "Train_acc": 0.8291898235982779, "Test_acc": 0.7400865912437439}}, "3": {"0": {"Train_loss": 1.1749956510504898, "Test_loss": 0.8116720080375671, "Train_acc": 0.7192738706968269, "Test_acc": 0.7411279678344727}, "1": {"Train_loss": 1.0147670136422526, "Test_loss": 0.8215264439582824, "Train_acc": 0.8129156797516103, "Test_acc": 0.7353342771530151}}, "4": {"0": {"Train_loss": 1.219296709615357, "Test_loss": 0.8353039145469665, "Train_acc": 0.706687697342464, "Test_acc": 0.7296650290489197}, "1": {"Train_loss": 1.073372707683213, "Test_loss": 0.8373199105262756, "Train_acc": 0.7964858935803784, "Test_acc": 0.7301334381103516}}, "5": {"0": {"Train_loss": 1.280467371551358, "Test_loss": 0.879031503200531, "Train_acc": 0.6793059858740592, "Test_acc": 0.7160657525062561}, "1": {"Train_loss": 1.1342652488727958, "Test_loss": 0.8805672287940979, "Train_acc": 0.7818573859273171, "Test_acc": 0.7151868462562561}}, "6": {"0": {"Train_loss": 1.3058236229176423, "Test_loss": 0.9043978571891784, "Train_acc": 0.6530251612468642, "Test_acc": 0.7043936610221863}, "1": {"Train_loss": 1.1565422342748057, "Test_loss": 0.8974772214889526, "Train_acc": 0.7839851342901891, "Test_acc": 0.7022262215614319}}, "7": {"0": {"Train_loss": 1.3425865209832484, "Test_loss": 0.9261386871337891, "Train_acc": 0.6380967564728796, "Test_acc": 0.6992645502090454}, "1": {"Train_loss": 1.198812156307454, "Test_loss": 0.9317675113677979, "Train_acc": 0.7753166002886636, "Test_acc": 0.69375}}, "8": {"0": {"Train_loss": 1.3720410660821565, "Test_loss": 0.9398976564407349, "Train_acc": 0.6104663963220558, "Test_acc": 0.6883408784866333}, "1": {"Train_loss": 1.2195376814628134, "Test_loss": 0.9458245992660522, "Train_acc": 0.7762922133718219, "Test_acc": 0.6848848819732666}}, "9": {"0": {"Train_loss": 1.3891556481925809, "Test_loss": 0.9701150059700012, "Train_acc": 0.6011012664863041, "Test_acc": 0.6800012111663818}, "1": {"Train_loss": 1.2214664561407906, "Test_loss": 0.968252420425415, "Train_acc": 0.7707460218546341, "Test_acc": 0.6718058586120605}}, "10": {"0": {"Train_loss": 1.4229081066287295, "Test_loss": 0.9892702579498291, "Train_acc": 0.5998940869253508, "Test_acc": 0.6746370315551757}, "1": {"Train_loss": 1.2620512624176181, "Test_loss": 0.9913123846054077, "Train_acc": 0.7543504013090717, "Test_acc": 0.6706737399101257}}, "11": {"0": {"Train_loss": 1.4527884685263341, "Test_loss": 1.0051723718643188, "Train_acc": 0.5901474429636585, "Test_acc": 0.6708102822303772}, "1": {"Train_loss": 1.2948860647727032, "Test_loss": 1.0149004459381104, "Train_acc": 0.748919992422571, "Test_acc": 0.6640002727508545}}, "12": {"0": {"Train_loss": 1.4739009920431643, "Test_loss": 1.0426244974136352, "Train_acc": 0.5649826897650349, "Test_acc": 0.6605511903762817}, "1": {"Train_loss": 1.3179253595215934, "Test_loss": 1.0344039678573609, "Train_acc": 0.7484170009895247, "Test_acc": 0.6580510258674621}}, "13": {"0": {"Train_loss": 1.484882652759552, "Test_loss": 1.0455265283584594, "Train_acc": 0.558601342293681, "Test_acc": 0.6518934965133667}, "1": {"Train_loss": 1.3331624914188773, "Test_loss": 1.0579683780670166, "Train_acc": 0.7439546135007119, "Test_acc": 0.6504874110221863}}, "14": {"0": {"Train_loss": 1.5069800749117015, "Test_loss": 1.0722416400909425, "Train_acc": 0.5368683186112618, "Test_acc": 0.6442840814590454}, "1": {"Train_loss": 1.3495967351660436, "Test_loss": 1.0816726446151734, "Train_acc": 0.7467884476087532, "Test_acc": 0.6415756344795227}}, "15": {"0": {"Train_loss": 1.5194833838209814, "Test_loss": 1.0774727821350099, "Train_acc": 0.526013195514679, "Test_acc": 0.6396423816680908}, "1": {"Train_loss": 1.363902514078179, "Test_loss": 1.0876123905181885, "Train_acc": 0.7392132075465455, "Test_acc": 0.6367455363273621}}, "16": {"0": {"Train_loss": 1.5471495304788863, "Test_loss": 1.1073095798492432, "Train_acc": 0.5136415058252762, "Test_acc": 0.6298974990844727}, "1": {"Train_loss": 1.4022046412740434, "Test_loss": 1.1022571802139283, "Train_acc": 0.7382337980124415, "Test_acc": 0.6301835536956787}}, "17": {"0": {"Train_loss": 1.55026851989785, "Test_loss": 1.1094088315963746, "Train_acc": 0.5148297043479219, "Test_acc": 0.6321427345275878}, "1": {"Train_loss": 1.4118790553540599, "Test_loss": 1.1109065055847167, "Train_acc": 0.732416180931792, "Test_acc": 0.6263092875480651}}, "18": {"0": {"Train_loss": 1.5693266866158466, "Test_loss": 1.1227921009063722, "Train_acc": 0.514098943496237, "Test_acc": 0.6255937099456788}, "1": {"Train_loss": 1.4346548805431443, "Test_loss": 1.135658288002014, "Train_acc": 0.7245068787312021, "Test_acc": 0.6234392285346985}}, "19": {"0": {"Train_loss": 1.5663480369412168, "Test_loss": 1.1381412029266358, "Train_acc": 0.5042763759895247, "Test_acc": 0.6188502430915832}, "1": {"Train_loss": 1.4284884065997845, "Test_loss": 1.1335157871246337, "Train_acc": 0.7243056820363415, "Test_acc": 0.6211931347846985}}}