{"0": {"0": {"Train_loss": 0.3713834915234118, "Test_loss": 7.8233723640441895, "Train_acc": 0.8636361914021629, "Test_acc": 0.4220608055591583}, "1": {"Train_loss": 0.09784455787466496, "Test_loss": 12.08718662261963, "Train_acc": 0.9645362611936064, "Test_acc": 0.46365458965301515}}, "1": {"0": {"Train_loss": 1.3559998200864207, "Test_loss": 1.0740225791931153, "Train_acc": 0.5246731505102041, "Test_acc": 0.6041179776191712}, "1": {"Train_loss": 1.172617574127353, "Test_loss": 1.0855860471725465, "Train_acc": 0.8505660076530612, "Test_acc": 0.5777853608131409}}, "2": {"0": {"Train_loss": 1.4693039047474763, "Test_loss": 1.1274265766143798, "Train_acc": 0.46982621173469385, "Test_acc": 0.5826949715614319}, "1": {"Train_loss": 1.338252340044294, "Test_loss": 1.117272710800171, "Train_acc": 0.8227913933140891, "Test_acc": 0.5992083787918091}}, "3": {"0": {"Train_loss": 1.5068771571529156, "Test_loss": 1.1756567239761353, "Train_acc": 0.43192343900398333, "Test_acc": 0.5620912313461304}, "1": {"Train_loss": 1.3980479143103774, "Test_loss": 1.152202582359314, "Train_acc": 0.7690605259671504, "Test_acc": 0.57451171875}}, "4": {"0": {"Train_loss": 1.5597428521331476, "Test_loss": 1.1970885276794434, "Train_acc": 0.4016016004036884, "Test_acc": 0.5530558586120605}, "1": {"Train_loss": 1.4586839456947482, "Test_loss": 1.191778874397278, "Train_acc": 0.745391460097566, "Test_acc": 0.5503275394439697}}, "5": {"0": {"Train_loss": 1.5725927547532685, "Test_loss": 1.217725157737732, "Train_acc": 0.3518794796296528, "Test_acc": 0.53218594789505}, "1": {"Train_loss": 1.4772822102721856, "Test_loss": 1.2183446884155273, "Train_acc": 0.7388829418591091, "Test_acc": 0.5284490823745728}}, "6": {"0": {"Train_loss": 1.587205901437876, "Test_loss": 1.285651683807373, "Train_acc": 0.3200961187177775, "Test_acc": 0.5011157035827637}, "1": {"Train_loss": 1.5054165842581768, "Test_loss": 1.2815140962600708, "Train_acc": 0.7080277423469388, "Test_acc": 0.5038224220275879}}, "7": {"0": {"Train_loss": 1.6052195454130367, "Test_loss": 1.3009270191192628, "Train_acc": 0.30241359937555934, "Test_acc": 0.4964342474937439}, "1": {"Train_loss": 1.5274960508151931, "Test_loss": 1.3097757816314697, "Train_acc": 0.6758723581323818, "Test_acc": 0.48359720706939696}}, "8": {"0": {"Train_loss": 1.6243793660280657, "Test_loss": 1.3355958938598633, "Train_acc": 0.29208424444101294, "Test_acc": 0.4814617335796356}, "1": {"Train_loss": 1.5463486946358973, "Test_loss": 1.3457825660705567, "Train_acc": 0.6544620078437182, "Test_acc": 0.46506412625312804}}, "9": {"0": {"Train_loss": 1.6341299341649425, "Test_loss": 1.3576473474502564, "Train_acc": 0.27966130661721134, "Test_acc": 0.4588409125804901}, "1": {"Train_loss": 1.5659366846084595, "Test_loss": 1.3722175121307374, "Train_acc": 0.6469019529770832, "Test_acc": 0.45961524844169616}}, "10": {"0": {"Train_loss": 1.6505564268754453, "Test_loss": 1.3770768165588378, "Train_acc": 0.25726964902512883, "Test_acc": 0.4506066799163818}, "1": {"Train_loss": 1.5884615316682933, "Test_loss": 1.4063746452331543, "Train_acc": 0.6408527700268493, "Test_acc": 0.44218836426734925}}, "11": {"0": {"Train_loss": 1.6790734201061481, "Test_loss": 1.418208932876587, "Train_acc": 0.2455376125111872, "Test_acc": 0.4375674068927765}, "1": {"Train_loss": 1.6066297925248438, "Test_loss": 1.3846657752990723, "Train_acc": 0.6450835916460776, "Test_acc": 0.4451707661151886}}, "12": {"0": {"Train_loss": 1.6777864816237469, "Test_loss": 1.4218707084655762, "Train_acc": 0.22902620872672724, "Test_acc": 0.4292545258998871}, "1": {"Train_loss": 1.6175251359842262, "Test_loss": 1.4303465366363526, "Train_acc": 0.6187135571119736, "Test_acc": 0.43065282702445984}}, "13": {"0": {"Train_loss": 1.703201016601251, "Test_loss": 1.4364123344421387, "Train_acc": 0.21780285771403993, "Test_acc": 0.4232128024101257}, "1": {"Train_loss": 1.646604488090593, "Test_loss": 1.456577754020691, "Train_acc": 0.603509930931792, "Test_acc": 0.41675539016723634}}, "14": {"0": {"Train_loss": 1.7073847456854216, "Test_loss": 1.5025964498519897, "Train_acc": 0.19459122936336362, "Test_acc": 0.40267388224601747}, "1": {"Train_loss": 1.652238175577047, "Test_loss": 1.487459921836853, "Train_acc": 0.5900316603329717, "Test_acc": 0.40449737310409545}}, "15": {"0": {"Train_loss": 1.7177364643739195, "Test_loss": 1.5087165594100953, "Train_acc": 0.20023232515977354, "Test_acc": 0.40031803250312803}, "1": {"Train_loss": 1.6634006585393633, "Test_loss": 1.507135272026062, "Train_acc": 0.5844664877774765, "Test_acc": 0.40381982922554016}}, "16": {"0": {"Train_loss": 1.7179804456477263, "Test_loss": 1.5209659099578858, "Train_acc": 0.19506574954305375, "Test_acc": 0.38539218306541445}, "1": {"Train_loss": 1.6706174624209502, "Test_loss": 1.4995777606964111, "Train_acc": 0.5693122118103261, "Test_acc": 0.39537731409072874}}, "17": {"0": {"Train_loss": 1.7244423469718622, "Test_loss": 1.5420130491256714, "Train_acc": 0.19085580657939522, "Test_acc": 0.3820131003856659}, "1": {"Train_loss": 1.6780038913901971, "Test_loss": 1.5540914058685302, "Train_acc": 0.5492020468322598, "Test_acc": 0.38229310512542725}}, "18": {"0": {"Train_loss": 1.730651787349156, "Test_loss": 1.5627042055130005, "Train_acc": 0.1799152697227439, "Test_acc": 0.37131066918373107}, "1": {"Train_loss": 1.684348989506157, "Test_loss": 1.5471131086349488, "Train_acc": 0.5325596758297512, "Test_acc": 0.3785951316356659}}, "19": {"0": {"Train_loss": 1.7396061724546004, "Test_loss": 1.572859811782837, "Train_acc": 0.1736743804447505, "Test_acc": 0.37149215340614317}, "1": {"Train_loss": 1.6918179563113622, "Test_loss": 1.5534642696380616, "Train_acc": 0.5405809648182928, "Test_acc": 0.3761018753051758}}}