{"0": {"1": {"Train_loss": 0.08469606317200903, "Test_loss": 3.7758022785186767, "Train_acc": 0.9719697812856254, "Test_acc": 0.31189332008361814}, "0": {"Train_loss": 0.681867385432668, "Test_loss": 3.6032293796539308, "Train_acc": 0.010058810696495276, "Test_acc": 0.2914010643959045}}}