{"0": {"1": {"Train_loss": 0.32735146051746306, "Test_loss": 0.8465489268302917, "Train_acc": 0.882335108215526, "Test_acc": 0.7536331534385681}, "0": {"Train_loss": 0.6244432021231547, "Test_loss": 0.7350090026855469, "Train_acc": 0.7400155706997336, "Test_acc": 0.7556761622428894}}}