{"0": {"0": {"Train_loss": 0.22527478363392126, "Test_loss": 10.129437255859376, "Train_acc": 0.9175385793630224, "Test_acc": 0.5912161231040954}, "1": {"Train_loss": 0.8086086935916189, "Test_loss": 6.236247920989991, "Train_acc": 0.0, "Test_acc": 0.4622770309448242}}}