{"0": {"0": {"Train_loss": 0.2695477136077672, "Test_loss": 0.8971629738807678, "Train_acc": 0.9029016085784801, "Test_acc": 0.7697196483612061}, "1": {"Train_loss": 0.8472932031599142, "Test_loss": 0.9437397480010986, "Train_acc": 0.6018064224113853, "Test_acc": 0.6689366698265076}}}