{"0": {"0": {"Train_loss": 0.26021259588046664, "Test_loss": 0.5960753321647644, "Train_acc": 0.9068524872299528, "Test_acc": 0.8233251571655273}, "1": {"Train_loss": 0.5897625518047204, "Test_loss": 0.6938551783561706, "Train_acc": 0.797861145714582, "Test_acc": 0.7642699122428894}}}