{"0": {"0": {"Train_loss": 0.24543668775662889, "Test_loss": 2.2840639114379884, "Train_acc": 0.9090368138612622, "Test_acc": 0.6211335062980652}, "1": {"Train_loss": 0.9617563506304208, "Test_loss": 1.9258846521377564, "Train_acc": 0.03066110055325395, "Test_acc": 0.4827952146530151}}}