{"0": {"1": {"Train_loss": 0.053710762127223664, "Test_loss": 15.0396297454834, "Train_acc": 0.9794930583339626, "Test_acc": 0.2902482032775879}, "0": {"Train_loss": 0.3144171760030036, "Test_loss": 14.717813301086426, "Train_acc": 0.0, "Test_acc": 0.2858804643154144}}}