{"0": {"1": {"Train_loss": 0.14191977225117763, "Test_loss": 1.8397429943084718, "Train_acc": 0.9533863461623757, "Test_acc": 0.5623297452926636}, "0": {"Train_loss": 0.8463987877769191, "Test_loss": 1.704045009613037, "Train_acc": 0.2827921692472305, "Test_acc": 0.5118345499038697}}}