{"0": {"Train_loss": 0.002286726255367351, "Test_loss": 0.0258414459725221, "Train_acc": 0.982830443033358, "Test_acc": 0.9321973125139872}, "1": {"Train_loss": 0.0016004633054965073, "Test_loss": 0.03034256895383199, "Train_acc": 0.15699233694208992, "Test_acc": 0.7428587079048157}}