{"0": {"Train_loss": 0.0016007302627081006, "Test_loss": 0.025590411697824795, "Train_acc": 0.9786734035829219, "Test_acc": 0.9350874026616415}, "1": {"Train_loss": 0.0014479653780452078, "Test_loss": 0.030413455640276272, "Train_acc": 0.1539575101600753, "Test_acc": 0.7413672208786011}}