{"0": {"Train_loss": 0.0022387747530734576, "Test_loss": 0.018433525537451107, "Train_acc": 0.9831213078847746, "Test_acc": 0.9694636861483256}, "1": {"Train_loss": 0.0014698361467000926, "Test_loss": 0.01935723548134168, "Train_acc": 0.4893689387374454, "Test_acc": 0.857774039109548}}