{"0": {"Train_loss": 0.001468030821032277, "Test_loss": 0.023323165873686474, "Train_acc": 0.9813323922273589, "Test_acc": 0.9373509287834167}, "1": {"Train_loss": 0.001370694174612355, "Test_loss": 0.020572383577624958, "Train_acc": 0.4849201540152232, "Test_acc": 0.8558158675829569}}