{"0": {"Train_loss": 0.0007981651316385535, "Test_loss": 0.007288303536673387, "Train_acc": 0.984826164274681, "Test_acc": 0.9812191724777222}, "1": {"Train_loss": 0.0007627735257200482, "Test_loss": 0.005623104050755501, "Train_acc": 0.9558496475219727, "Test_acc": 0.9762449065844218}}