{"0": {"Train_loss": 0.001545772238963897, "Test_loss": 0.006623925796399514, "Train_acc": 0.9868482242270213, "Test_acc": 0.9832587242126465}, "1": {"Train_loss": 0.0007888971174704946, "Test_loss": 0.004588316815594832, "Train_acc": 0.9573500355084738, "Test_acc": 0.9777911305427551}}