{"0": {"Train_loss": 0.0019256538847306122, "Test_loss": 0.021455099806189537, "Train_acc": 0.976880302031835, "Test_acc": 0.9572696288426717}, "1": {"Train_loss": 0.0021251050779467514, "Test_loss": 0.01690679757545392, "Train_acc": 0.9847129696402056, "Test_acc": 0.9634595712025961}}