{"0": {"Train_loss": 0.000375735326265496, "Test_loss": 0.0023823362619926534, "Train_acc": 0.985029316529995, "Test_acc": 0.9873061180114746}, "1": {"Train_loss": 0.0006354656838488558, "Test_loss": 0.002892858271176616, "Train_acc": 0.9807875355084738, "Test_acc": 0.9850008289019266}}