{"0": {"Train_loss": 0.0015061203221415692, "Test_loss": 0.0021894981618970633, "Train_acc": 0.9855533256763365, "Test_acc": 0.9885700345039368}, "1": {"Train_loss": 0.0008764914075274848, "Test_loss": 0.002656584372743964, "Train_acc": 0.9827982816431258, "Test_acc": 0.9861019849777222}}