{"0": {"0": {"Train_loss": 0.270894748668601, "Test_loss": 0.9104334115982056, "Train_acc": 0.9032933494470415, "Test_acc": 0.7645568251609802}, "1": {"Train_loss": 0.16527921820090988, "Test_loss": 1.533219313621521, "Train_acc": 0.9460512379468498, "Test_acc": 0.5655472159385682}}, "1": {"0": {"Train_loss": 0.16450564808001483, "Test_loss": 1.0690701246261596, "Train_acc": 0.9418996450674795, "Test_acc": 0.7808109760284424}, "1": {"Train_loss": 0.09764941005130946, "Test_loss": 1.4606667518615724, "Train_acc": 0.9674641782954588, "Test_acc": 0.6586741209030151}}, "2": {"0": {"Train_loss": 0.12028992638318207, "Test_loss": 1.1653733730316163, "Train_acc": 0.9589205314643192, "Test_acc": 0.7841572165489197}, "1": {"Train_loss": 0.07606835914302175, "Test_loss": 1.3943100214004516, "Train_acc": 0.9736005795204034, "Test_acc": 0.6978636622428894}}, "3": {"0": {"Train_loss": 0.10808804995604675, "Test_loss": 1.101016139984131, "Train_acc": 0.9627251272654012, "Test_acc": 0.7949832320213318}, "1": {"Train_loss": 0.12776447434799146, "Test_loss": 1.3447552919387817, "Train_acc": 0.9593206401598655, "Test_acc": 0.7065792679786682}}, "4": {"0": {"Train_loss": 0.11254145449748004, "Test_loss": 1.1171987771987915, "Train_acc": 0.960814771425985, "Test_acc": 0.7958215236663818}, "1": {"Train_loss": 0.08852867491669573, "Test_loss": 1.5151955366134644, "Train_acc": 0.9729838037894945, "Test_acc": 0.7264795303344727}}, "5": {"0": {"Train_loss": 0.09437362966637541, "Test_loss": 0.9958053588867187, "Train_acc": 0.9684661122134132, "Test_acc": 0.8084062099456787}, "1": {"Train_loss": 0.07897382646293963, "Test_loss": 1.4472283601760865, "Train_acc": 0.9751686554844097, "Test_acc": 0.7400140047073365}}, "6": {"0": {"Train_loss": 0.06910551026681044, "Test_loss": 1.2649968147277832, "Train_acc": 0.9773397832891367, "Test_acc": 0.8017724990844727}, "1": {"Train_loss": 0.0725854079681054, "Test_loss": 1.7019528150558472, "Train_acc": 0.9782385987750555, "Test_acc": 0.7412308096885681}}, "7": {"0": {"Train_loss": 0.07463411860385516, "Test_loss": 1.3142021656036378, "Train_acc": 0.9758670364853239, "Test_acc": 0.8005807518959045}, "1": {"Train_loss": 0.043108996153824915, "Test_loss": 2.021754264831543, "Train_acc": 0.9862497216564113, "Test_acc": 0.7244088768959045}}, "8": {"0": {"Train_loss": 0.05717600683552505, "Test_loss": 1.1012211561203002, "Train_acc": 0.9807501587554486, "Test_acc": 0.8158211708068848}, "1": {"Train_loss": 0.06132204286059586, "Test_loss": 2.0598294734954834, "Train_acc": 0.981900925353422, "Test_acc": 0.7335375785827637}}, "9": {"0": {"Train_loss": 0.06672285552931963, "Test_loss": 1.3510714530944825, "Train_acc": 0.9784344256359295, "Test_acc": 0.8105339169502258}, "1": {"Train_loss": 0.0491803833283484, "Test_loss": 2.1717501640319825, "Train_acc": 0.9856329449152542, "Test_acc": 0.7383676767349243}}, "10": {"0": {"Train_loss": 0.06407675792864204, "Test_loss": 1.5414400577545166, "Train_acc": 0.9788732746221723, "Test_acc": 0.8120644330978394}, "1": {"Train_loss": 0.04037483874313786, "Test_loss": 2.175324726104736, "Train_acc": 0.9877481046369521, "Test_acc": 0.7487235546112061}}, "11": {"0": {"Train_loss": 0.05537856528263566, "Test_loss": 1.4450342416763307, "Train_acc": 0.9829444028165218, "Test_acc": 0.8056260347366333}, "1": {"Train_loss": 0.03759019086295265, "Test_loss": 2.1899324893951415, "Train_acc": 0.9883892728110492, "Test_acc": 0.7478904485702514}}, "12": {"0": {"Train_loss": 0.059997779568725255, "Test_loss": 1.7819027662277223, "Train_acc": 0.9812336363931642, "Test_acc": 0.8189643263816834}, "1": {"Train_loss": 0.030720762524682775, "Test_loss": 2.1312906742095947, "Train_acc": 0.9912571088742401, "Test_acc": 0.7571271777153015}}, "13": {"0": {"Train_loss": 0.06846087130915074, "Test_loss": 1.6470520734786986, "Train_acc": 0.9803608973530957, "Test_acc": 0.8148567080497742}, "1": {"Train_loss": 0.044376576177270734, "Test_loss": 1.9869153499603271, "Train_acc": 0.9878840042372882, "Test_acc": 0.7613203406333924}}, "14": {"0": {"Train_loss": 0.03381601605822679, "Test_loss": 1.4315508127212524, "Train_acc": 0.9892630812025418, "Test_acc": 0.8203375577926636}, "1": {"Train_loss": 0.016687939922183245, "Test_loss": 2.2477749824523925, "Train_acc": 0.9951215436903097, "Test_acc": 0.7467056155204773}}, "15": {"0": {"Train_loss": 0.04097904407344487, "Test_loss": 2.045357656478882, "Train_acc": 0.9877283503539371, "Test_acc": 0.8202710151672363}, "1": {"Train_loss": 0.03235784004110906, "Test_loss": 2.0113032579422, "Train_acc": 0.991567238912744, "Test_acc": 0.7737278699874878}}, "16": {"0": {"Train_loss": 0.031322076950684515, "Test_loss": 1.422386598587036, "Train_acc": 0.9910755018248175, "Test_acc": 0.822036612033844}, "1": {"Train_loss": 0.023441494702977145, "Test_loss": 2.8096781253814695, "Train_acc": 0.9941946369106487, "Test_acc": 0.7570442080497741}}, "17": {"0": {"Train_loss": 0.03989411212833612, "Test_loss": 1.53733389377594, "Train_acc": 0.9879452951633148, "Test_acc": 0.8165289640426636}, "1": {"Train_loss": 0.020003173779498912, "Test_loss": 2.394041728973389, "Train_acc": 0.9948358050847458, "Test_acc": 0.7495627045631409}}, "18": {"0": {"Train_loss": 0.031896527943262545, "Test_loss": 1.4888483524322509, "Train_acc": 0.9901866473420693, "Test_acc": 0.8230978608131408}, "1": {"Train_loss": 0.035090706283542314, "Test_loss": 2.2603722333908083, "Train_acc": 0.9932433376877995, "Test_acc": 0.7522581934928894}}, "19": {"0": {"Train_loss": 0.025891699112720625, "Test_loss": 2.089645791053772, "Train_acc": 0.9922333686021123, "Test_acc": 0.8179747939109803}, "1": {"Train_loss": 0.029542252131327357, "Test_loss": 3.834257936477661, "Train_acc": 0.994124943927183, "Test_acc": 0.7545699715614319}}}