{"0": {"0": {"Train_loss": 0.23139264342123575, "Test_loss": 9.159462356567383, "Train_acc": 0.9155042545638815, "Test_acc": 0.5888395309448242}, "1": {"Train_loss": 0.05502510665900121, "Test_loss": 21.32152099609375, "Train_acc": 0.9813886880874634, "Test_acc": 0.28871853947639464}}, "1": {"0": {"Train_loss": 0.14785613750454282, "Test_loss": 15.770613479614259, "Train_acc": 0.9476245141377414, "Test_acc": 0.5985005855560303}, "1": {"Train_loss": 0.03582783761607893, "Test_loss": 35.18741149902344, "Train_acc": 0.9866922669491526, "Test_acc": 0.29187551736831663}}, "2": {"0": {"Train_loss": 0.10593060882639711, "Test_loss": 13.664630317687989, "Train_acc": 0.9616292449679688, "Test_acc": 0.601104462146759}, "1": {"Train_loss": 0.01673252400902684, "Test_loss": 42.72075729370117, "Train_acc": 0.9939298064021741, "Test_acc": 0.2933922171592712}}, "3": {"0": {"Train_loss": 0.10259724381196238, "Test_loss": 13.345649719238281, "Train_acc": 0.9638073727162215, "Test_acc": 0.6039676070213318}, "1": {"Train_loss": 0.018320592972686737, "Test_loss": 27.77782287597656, "Train_acc": 0.9940622216564113, "Test_acc": 0.2931580126285553}}, "4": {"0": {"Train_loss": 0.0899876012691181, "Test_loss": 15.02085247039795, "Train_acc": 0.9690710789095747, "Test_acc": 0.6043262600898742}, "1": {"Train_loss": 0.010957807581674434, "Test_loss": 50.67673110961914, "Train_acc": 0.995365466101695, "Test_acc": 0.2933014750480652}}, "5": {"0": {"Train_loss": 0.06562444286244194, "Test_loss": 18.8022705078125, "Train_acc": 0.9783253334734562, "Test_acc": 0.606051230430603}, "1": {"Train_loss": 0.015235666641413029, "Test_loss": 43.85479965209961, "Train_acc": 0.9949229208089537, "Test_acc": 0.29337925314903257}}, "6": {"0": {"Train_loss": 0.06683488404990112, "Test_loss": 20.164316940307618, "Train_acc": 0.977195979469884, "Test_acc": 0.607704472541809}, "1": {"Train_loss": 0.008801424579884289, "Test_loss": 59.608341217041016, "Train_acc": 0.9968882415254238, "Test_acc": 0.2931778907775879}}, "7": {"0": {"Train_loss": 0.05603875643335772, "Test_loss": 21.20643424987793, "Train_acc": 0.9811307422436066, "Test_acc": 0.6078349709510803}, "1": {"Train_loss": 0.006294093414908275, "Test_loss": 79.31554412841797, "Train_acc": 0.9977454563318673, "Test_acc": 0.29346394538879395}}, "8": {"0": {"Train_loss": 0.0460077984136169, "Test_loss": 26.944425964355467, "Train_acc": 0.9837935875802144, "Test_acc": 0.6085833787918091}, "1": {"Train_loss": 0.011673837812850252, "Test_loss": 53.48271179199219, "Train_acc": 0.9958289194915254, "Test_acc": 0.29246145486831665}}, "9": {"0": {"Train_loss": 0.04616138380510311, "Test_loss": 26.21218032836914, "Train_acc": 0.985008479469884, "Test_acc": 0.6082964539527893}, "1": {"Train_loss": 0.008186215373008685, "Test_loss": 61.046058654785156, "Train_acc": 0.9971739801309877, "Test_acc": 0.29334036111831663}}, "10": {"0": {"Train_loss": 0.04534345199048084, "Test_loss": 33.20843391418457, "Train_acc": 0.9858576642335767, "Test_acc": 0.6079386711120606}, "1": {"Train_loss": 0.009565922895829209, "Test_loss": 53.91270065307617, "Train_acc": 0.9974388106394623, "Test_acc": 0.2930603563785553}}, "11": {"0": {"Train_loss": 0.04215832185815938, "Test_loss": 34.963321685791016, "Train_acc": 0.9865593266313093, "Test_acc": 0.6087786912918091}, "1": {"Train_loss": 0.012730280259131825, "Test_loss": 60.161075592041016, "Train_acc": 0.9954978813559322, "Test_acc": 0.29409568309783934}}, "12": {"0": {"Train_loss": 0.027096206439577424, "Test_loss": 70.5418197631836, "Train_acc": 0.9907965725355775, "Test_acc": 0.6102824211120605}, "1": {"Train_loss": 0.012696375919928206, "Test_loss": 51.20972442626953, "Train_acc": 0.9964909957627118, "Test_acc": 0.29341813921928406}}, "13": {"0": {"Train_loss": 0.03908170575962613, "Test_loss": 54.80486221313477, "Train_acc": 0.988230422900541, "Test_acc": 0.6119028329849243}, "1": {"Train_loss": 0.0093105978406946, "Test_loss": 48.454759979248045, "Train_acc": 0.9970868644067796, "Test_acc": 0.2940887689590454}}, "14": {"0": {"Train_loss": 0.03661836639563315, "Test_loss": 42.913550567626956, "Train_acc": 0.9888180342033832, "Test_acc": 0.6103411912918091}, "1": {"Train_loss": 0.0062048521176004245, "Test_loss": 70.0809097290039, "Train_acc": 0.9977907558618966, "Test_acc": 0.29390642046928406}}, "15": {"0": {"Train_loss": 0.05880863657968975, "Test_loss": 58.53927154541016, "Train_acc": 0.9827448134004635, "Test_acc": 0.6110446572303772}, "1": {"Train_loss": 0.004520373703614449, "Test_loss": 68.6370864868164, "Train_acc": 0.9985434322033898, "Test_acc": 0.29446643590927124}}, "16": {"0": {"Train_loss": 0.02878646289311132, "Test_loss": 56.122789001464845, "Train_acc": 0.9908362426897035, "Test_acc": 0.6135828614234924}, "1": {"Train_loss": 0.012594733546809608, "Test_loss": 91.39501190185547, "Train_acc": 0.9958289194915254, "Test_acc": 0.29692080020904543}}, "17": {"0": {"Train_loss": 0.03017418242882203, "Test_loss": 75.92634735107421, "Train_acc": 0.9904829320246286, "Test_acc": 0.6114214539527894}, "1": {"Train_loss": 0.006070522420055044, "Test_loss": 80.5952163696289, "Train_acc": 0.9986096398305084, "Test_acc": 0.2947982907295227}}, "18": {"0": {"Train_loss": 0.028756389288184143, "Test_loss": 65.27845840454101, "Train_acc": 0.9911957513676942, "Test_acc": 0.6110895991325378}, "1": {"Train_loss": 0.005546782881399356, "Test_loss": 130.84345397949218, "Train_acc": 0.9983657174191233, "Test_acc": 0.29319690465927123}}, "19": {"0": {"Train_loss": 0.028765937768901788, "Test_loss": 77.36813201904297, "Train_acc": 0.9909961619516359, "Test_acc": 0.6123591303825379}, "1": {"Train_loss": 0.004354001573135018, "Test_loss": 128.470068359375, "Train_acc": 0.9987420550847458, "Test_acc": 0.29319690465927123}}}