{"0": {"0": {"Train_loss": 0.238899838424077, "Test_loss": 1.824052619934082, "Train_acc": 0.9140786158777502, "Test_acc": 0.6219415426254272}, "1": {"Train_loss": 0.08593194647613218, "Test_loss": 3.6516396045684814, "Train_acc": 0.973841018595938, "Test_acc": 0.29658894538879393}}, "1": {"0": {"Train_loss": 0.16457178846110393, "Test_loss": 2.187569761276245, "Train_acc": 0.9418922071039242, "Test_acc": 0.6573492765426636}, "1": {"Train_loss": 0.03826772816226644, "Test_loss": 4.593900489807129, "Train_acc": 0.9865981825327469, "Test_acc": 0.3806433200836182}}, "2": {"0": {"Train_loss": 0.11175345746378829, "Test_loss": 2.9641040325164796, "Train_acc": 0.9614866810993556, "Test_acc": 0.6555646777153015}, "1": {"Train_loss": 0.03600852926245938, "Test_loss": 4.296474170684815, "Train_acc": 0.9889189338279982, "Test_acc": 0.4230088472366333}}, "3": {"0": {"Train_loss": 0.10027258182420348, "Test_loss": 3.0920769214630126, "Train_acc": 0.9655702061896777, "Test_acc": 0.6493552923202515}, "1": {"Train_loss": 0.10463721122024423, "Test_loss": 3.326431941986084, "Train_acc": 0.9666069634890152, "Test_acc": 0.43752506375312805}}, "4": {"0": {"Train_loss": 0.09309029402415248, "Test_loss": 2.7597365379333496, "Train_acc": 0.9668594794551821, "Test_acc": 0.6619045615196228}, "1": {"Train_loss": 0.024419786554556025, "Test_loss": 5.8769489288330075, "Train_acc": 0.9923408233513267, "Test_acc": 0.4438139498233795}}, "5": {"0": {"Train_loss": 0.08501539000031287, "Test_loss": 2.7161900997161865, "Train_acc": 0.9699549748949761, "Test_acc": 0.6689807415008545}, "1": {"Train_loss": 0.03697168462420419, "Test_loss": 6.31187801361084, "Train_acc": 0.9872637431500322, "Test_acc": 0.4764536082744598}}, "6": {"0": {"Train_loss": 0.06286879605783598, "Test_loss": 4.1032360076904295, "Train_acc": 0.9797051035574753, "Test_acc": 0.6595685839653015}, "1": {"Train_loss": 0.023223822616766823, "Test_loss": 6.924503326416016, "Train_acc": 0.993114406779661, "Test_acc": 0.47819759249687194}}, "7": {"0": {"Train_loss": 0.06993762077423778, "Test_loss": 3.600229835510254, "Train_acc": 0.9777674748949761, "Test_acc": 0.6748193740844727}, "1": {"Train_loss": 0.025653137888569953, "Test_loss": 6.006081295013428, "Train_acc": 0.9920097852157335, "Test_acc": 0.4982223153114319}}, "8": {"0": {"Train_loss": 0.051871826729472104, "Test_loss": 4.305620574951172, "Train_acc": 0.982545223984405, "Test_acc": 0.6598995804786683}, "1": {"Train_loss": 0.021308027894504495, "Test_loss": 7.649566555023194, "Train_acc": 0.992999414266166, "Test_acc": 0.46109824180603026}}, "9": {"0": {"Train_loss": 0.044722156701133636, "Test_loss": 4.439217948913575, "Train_acc": 0.9851002162390382, "Test_acc": 0.6548344135284424}, "1": {"Train_loss": 0.024654565766745767, "Test_loss": 6.819833087921142, "Train_acc": 0.9918111623343775, "Test_acc": 0.4679791212081909}}, "10": {"0": {"Train_loss": 0.04455992662395439, "Test_loss": 4.078145122528076, "Train_acc": 0.9854758412298494, "Test_acc": 0.6809328317642211}, "1": {"Train_loss": 0.01738079866765351, "Test_loss": 6.648764991760254, "Train_acc": 0.9947242979275979, "Test_acc": 0.4893226265907288}}, "11": {"0": {"Train_loss": 0.04180534835904837, "Test_loss": 4.839230918884278, "Train_acc": 0.9862345287399571, "Test_acc": 0.6620549321174621}, "1": {"Train_loss": 0.017932518045970444, "Test_loss": 10.893652153015136, "Train_acc": 0.9944141668788458, "Test_acc": 0.4652248680591583}}, "12": {"0": {"Train_loss": 0.03921236543759812, "Test_loss": 5.425100517272949, "Train_acc": 0.9876031418786432, "Test_acc": 0.6690196394920349}, "1": {"Train_loss": 0.015571368351120943, "Test_loss": 9.116586875915527, "Train_acc": 0.9952992584745762, "Test_acc": 0.4724306881427765}}, "13": {"0": {"Train_loss": 0.08099226556364855, "Test_loss": 4.0020599365234375, "Train_acc": 0.9777488795510174, "Test_acc": 0.6664546489715576}, "1": {"Train_loss": 0.028552259328396265, "Test_loss": 8.442775917053222, "Train_acc": 0.9920550847457628, "Test_acc": 0.4873297452926636}}, "14": {"0": {"Train_loss": 0.04396240700063479, "Test_loss": 5.31494255065918, "Train_acc": 0.9866337075720738, "Test_acc": 0.6692088961601257}, "1": {"Train_loss": 0.025842554800180814, "Test_loss": 8.304655361175538, "Train_acc": 0.992692768573761, "Test_acc": 0.5000578999519348}}, "15": {"0": {"Train_loss": 0.08404580341230561, "Test_loss": 4.244141387939453, "Train_acc": 0.9780910328356889, "Test_acc": 0.6742533206939697}, "1": {"Train_loss": 0.01407973608692666, "Test_loss": 7.4889655113220215, "Train_acc": 0.9958289194915254, "Test_acc": 0.48399128913879397}}, "16": {"0": {"Train_loss": 0.032831060115492694, "Test_loss": 4.1240636825561525, "Train_acc": 0.9897304429625072, "Test_acc": 0.6891022562980652}, "1": {"Train_loss": 0.02355001654902126, "Test_loss": 10.504890632629394, "Train_acc": 0.9924070309784453, "Test_acc": 0.48926472663879395}}, "17": {"0": {"Train_loss": 0.023724916315447184, "Test_loss": 7.078237438201905, "Train_acc": 0.9923474196970028, "Test_acc": 0.6770654678344726}, "1": {"Train_loss": 0.018281898238317315, "Test_loss": 14.77040958404541, "Train_acc": 0.9947695974576272, "Test_acc": 0.47757968306541443}}, "18": {"0": {"Train_loss": 0.08266607406855064, "Test_loss": 3.6926553726196287, "Train_acc": 0.9801675063850236, "Test_acc": 0.6852219343185425}, "1": {"Train_loss": 0.05704995695098552, "Test_loss": 10.71636905670166, "Train_acc": 0.9878805198911893, "Test_acc": 0.508853018283844}}, "19": {"0": {"Train_loss": 0.02902741887756236, "Test_loss": 7.06495304107666, "Train_acc": 0.9911783959743751, "Test_acc": 0.6774828910827637}, "1": {"Train_loss": 0.057103042310237946, "Test_loss": 10.540200424194335, "Train_acc": 0.9882359504699707, "Test_acc": 0.4881196439266205}}}