{"0": {"0": {"Train_loss": 0.2592087911210791, "Test_loss": 0.6320915341377258, "Train_acc": 0.9076892755327434, "Test_acc": 0.827798330783844}, "1": {"Train_loss": 0.3805172094854258, "Test_loss": 0.8455966472625732, "Train_acc": 0.8658285009658943, "Test_acc": 0.7488289833068847}}, "1": {"0": {"Train_loss": 0.1783534845296484, "Test_loss": 0.6374162316322327, "Train_acc": 0.9380157093932159, "Test_acc": 0.8405895709991456}, "1": {"Train_loss": 0.19735433476961264, "Test_loss": 0.7033209085464478, "Train_acc": 0.9300777770705142, "Test_acc": 0.8137436032295227}}, "2": {"0": {"Train_loss": 0.11711608368332369, "Test_loss": 0.7531227231025696, "Train_acc": 0.9607788202536367, "Test_acc": 0.8463573336601258}, "1": {"Train_loss": 0.29258056944709715, "Test_loss": 0.5432151079177856, "Train_acc": 0.8964303640995995, "Test_acc": 0.8361172556877137}}, "3": {"0": {"Train_loss": 0.12763359337827584, "Test_loss": 0.641785991191864, "Train_acc": 0.9564238042727004, "Test_acc": 0.8511157035827637}, "1": {"Train_loss": 0.23949890495356868, "Test_loss": 0.5628333449363708, "Train_acc": 0.9183520573680684, "Test_acc": 0.843719756603241}}, "4": {"0": {"Train_loss": 0.12261254775480632, "Test_loss": 0.6504950761795044, "Train_acc": 0.9569246373037352, "Test_acc": 0.8562249422073365}, "1": {"Train_loss": 0.18651152919914762, "Test_loss": 0.6254517197608948, "Train_acc": 0.9378867917141672, "Test_acc": 0.8459788084030151}}, "5": {"0": {"Train_loss": 0.07568405039717246, "Test_loss": 0.8244130969047546, "Train_acc": 0.9753215748028163, "Test_acc": 0.8563951849937439}, "1": {"Train_loss": 0.14653328604112237, "Test_loss": 0.7021389126777648, "Train_acc": 0.9479085358522706, "Test_acc": 0.8506861805915833}}, "6": {"0": {"Train_loss": 0.09802270565100395, "Test_loss": 0.7032353997230529, "Train_acc": 0.9675425460738857, "Test_acc": 0.8574296474456787}, "1": {"Train_loss": 0.12728656929428295, "Test_loss": 0.7451027393341064, "Train_acc": 0.9551704677484804, "Test_acc": 0.8509264349937439}}, "7": {"0": {"Train_loss": 0.0900249123627687, "Test_loss": 0.7643144726753235, "Train_acc": 0.9703244010027308, "Test_acc": 0.8598321676254272}, "1": {"Train_loss": 0.11144926146430484, "Test_loss": 0.690834927558899, "Train_acc": 0.9629202444674605, "Test_acc": 0.8549242973327636}}, "8": {"0": {"Train_loss": 0.0830152252974519, "Test_loss": 0.7879424333572388, "Train_acc": 0.9727194739954315, "Test_acc": 0.8576967000961304}, "1": {"Train_loss": 0.10627894753874359, "Test_loss": 0.777882719039917, "Train_acc": 0.9656730880171566, "Test_acc": 0.8542139053344726}}, "9": {"0": {"Train_loss": 0.05732350180564571, "Test_loss": 0.88750319480896, "Train_acc": 0.9820555478987032, "Test_acc": 0.8613419532775879}, "1": {"Train_loss": 0.09527230022822396, "Test_loss": 0.7898218989372253, "Train_acc": 0.9711265058840736, "Test_acc": 0.8557496190071106}}, "10": {"0": {"Train_loss": 0.04853685599255518, "Test_loss": 1.0043940424919129, "Train_acc": 0.9850196368502875, "Test_acc": 0.8619866609573364}, "1": {"Train_loss": 0.0797936156455238, "Test_loss": 0.857277250289917, "Train_acc": 0.9751198705980333, "Test_acc": 0.8591796875}}, "11": {"0": {"Train_loss": 0.05632125372135074, "Test_loss": 0.8755076050758361, "Train_acc": 0.9827497718978102, "Test_acc": 0.8630280375480652}, "1": {"Train_loss": 0.0692173798836894, "Test_loss": 0.9771183371543884, "Train_acc": 0.9795348745281414, "Test_acc": 0.8562387704849244}}, "12": {"0": {"Train_loss": 0.05864192486271588, "Test_loss": 1.0028697371482849, "Train_acc": 0.9823853042874023, "Test_acc": 0.8612581253051758}, "1": {"Train_loss": 0.07041276397846513, "Test_loss": 0.8665643453598022, "Train_acc": 0.9793850355229136, "Test_acc": 0.8574564456939697}}, "13": {"0": {"Train_loss": 0.0563890341682917, "Test_loss": 1.1418241143226624, "Train_acc": 0.9834241610373894, "Test_acc": 0.8630539655685425}, "1": {"Train_loss": 0.07864495085836468, "Test_loss": 0.7985941052436829, "Train_acc": 0.97808179107763, "Test_acc": 0.8603982329368591}}, "14": {"0": {"Train_loss": 0.04037630085214755, "Test_loss": 0.943766462802887, "Train_acc": 0.98800232071076, "Test_acc": 0.8613289833068848}, "1": {"Train_loss": 0.06720457746947216, "Test_loss": 0.9228123784065246, "Train_acc": 0.979848488912744, "Test_acc": 0.8632233500480652}}, "15": {"0": {"Train_loss": 0.03983014177218297, "Test_loss": 0.8520467042922973, "Train_acc": 0.9880816605839416, "Test_acc": 0.8626503705978393}, "1": {"Train_loss": 0.04557481855627591, "Test_loss": 1.0799555897712707, "Train_acc": 0.9869501287654295, "Test_acc": 0.8607430458068848}}, "16": {"0": {"Train_loss": 0.04733641651275493, "Test_loss": 1.0012263298034667, "Train_acc": 0.9865258549251695, "Test_acc": 0.8635361909866333}, "1": {"Train_loss": 0.06393552813047575, "Test_loss": 0.9243097305297852, "Train_acc": 0.9805976809081385, "Test_acc": 0.8607689738273621}}, "17": {"0": {"Train_loss": 0.0572407527140131, "Test_loss": 0.9104172587394714, "Train_acc": 0.9840737563850236, "Test_acc": 0.8633529782295227}, "1": {"Train_loss": 0.04202979287700886, "Test_loss": 0.9753462195396423, "Train_acc": 0.9880338422322678, "Test_acc": 0.8614396095275879}}, "18": {"0": {"Train_loss": 0.05655362432564262, "Test_loss": 0.8782192707061768, "Train_acc": 0.9837997860282007, "Test_acc": 0.8626901268959045}, "1": {"Train_loss": 0.06989080490449727, "Test_loss": 0.9253429889678955, "Train_acc": 0.9820124335208181, "Test_acc": 0.8604768753051758}}, "19": {"0": {"Train_loss": 0.031713940641659236, "Test_loss": 1.0186834812164307, "Train_acc": 0.9913383152363074, "Test_acc": 0.8652283191680908}, "1": {"Train_loss": 0.06269721852583905, "Test_loss": 0.9721166372299195, "Train_acc": 0.9818556258233927, "Test_acc": 0.8608726859092712}}}