{"0": {"1": {"Train_loss": 0.09823992050119809, "Test_loss": 11.845320701599121, "Train_acc": 0.9656940905415282, "Test_acc": 0.46296494603157046}, "0": {"Train_loss": 0.6119782255620373, "Test_loss": 10.050781631469727, "Train_acc": 0.0, "Test_acc": 0.4492489993572235}}, "1": {"1": {"Train_loss": 0.3656316074181576, "Test_loss": 9.693751335144043, "Train_acc": 0.8995383868412096, "Test_acc": 0.45094112753868104}, "0": {"Train_loss": 0.7406119430551723, "Test_loss": 8.537407112121581, "Train_acc": 0.0, "Test_acc": 0.44339048862457275}}, "2": {"1": {"Train_loss": 0.49760294203855554, "Test_loss": 7.740797805786133, "Train_acc": 0.8733467721209234, "Test_acc": 0.44204922318458556}, "0": {"Train_loss": 0.7692697644233704, "Test_loss": 8.82268238067627, "Train_acc": 0.0, "Test_acc": 0.4359953999519348}}, "3": {"1": {"Train_loss": 0.5397027362974323, "Test_loss": 8.214999961853028, "Train_acc": 0.8525134385848532, "Test_acc": 0.43568946719169616}, "0": {"Train_loss": 0.8000686034864309, "Test_loss": 8.644562911987304, "Train_acc": 0.0, "Test_acc": 0.4268364548683167}}, "4": {"1": {"Train_loss": 0.577746085974635, "Test_loss": 7.890713691711426, "Train_acc": 0.8444067361403484, "Test_acc": 0.4303451657295227}, "0": {"Train_loss": 0.8260330059090439, "Test_loss": 8.828924179077148, "Train_acc": 0.0, "Test_acc": 0.4255859375}}, "5": {"1": {"Train_loss": 0.6363880974905831, "Test_loss": 7.662427520751953, "Train_acc": 0.8316952896361448, "Test_acc": 0.42130289077758787}, "0": {"Train_loss": 0.8547119163737005, "Test_loss": 8.322707748413086, "Train_acc": 0.0, "Test_acc": 0.4148454785346985}}, "6": {"1": {"Train_loss": 0.6784829631143686, "Test_loss": 7.731432723999023, "Train_acc": 0.8213697313045969, "Test_acc": 0.4148714065551758}, "0": {"Train_loss": 0.8781052201378102, "Test_loss": 8.288803863525391, "Train_acc": 0.0, "Test_acc": 0.4091693162918091}}, "7": {"1": {"Train_loss": 0.733628265711726, "Test_loss": 6.956921577453613, "Train_acc": 0.8131909017660179, "Test_acc": 0.4119555473327637}, "0": {"Train_loss": 0.9187646696762163, "Test_loss": 7.747360801696777, "Train_acc": 0.0, "Test_acc": 0.40821176767349243}}, "8": {"1": {"Train_loss": 0.770903656677324, "Test_loss": 7.479067707061768, "Train_acc": 0.808066083460438, "Test_acc": 0.4044040381908417}, "0": {"Train_loss": 0.922157519325918, "Test_loss": 7.804675960540772, "Train_acc": 0.0, "Test_acc": 0.4005963087081909}}, "9": {"1": {"Train_loss": 0.7825871839815256, "Test_loss": 7.87982292175293, "Train_acc": 0.7891877737580514, "Test_acc": 0.3996586322784424}, "0": {"Train_loss": 0.9442504407191763, "Test_loss": 7.176344871520996, "Train_acc": 0.0, "Test_acc": 0.39420371055603026}}, "10": {"1": {"Train_loss": 0.8210092557936298, "Test_loss": 7.276319694519043, "Train_acc": 0.7817302145520035, "Test_acc": 0.3942227244377136}, "0": {"Train_loss": 0.9575427904420969, "Test_loss": 7.750878810882568, "Train_acc": 0.0, "Test_acc": 0.38934077620506286}}, "11": {"1": {"Train_loss": 0.8493623259116192, "Test_loss": 7.194278717041016, "Train_acc": 0.7677242774136213, "Test_acc": 0.3878042042255402}, "0": {"Train_loss": 0.9688400778235221, "Test_loss": 7.574220752716064, "Train_acc": 0.0, "Test_acc": 0.3818739652633667}}, "12": {"1": {"Train_loss": 0.8751935241173725, "Test_loss": 7.252040004730224, "Train_acc": 0.7617168517745271, "Test_acc": 0.3870099902153015}, "0": {"Train_loss": 0.9695335839475904, "Test_loss": 7.269753551483154, "Train_acc": 0.0, "Test_acc": 0.38029850125312803}}, "13": {"1": {"Train_loss": 0.8872842040597176, "Test_loss": 7.082246017456055, "Train_acc": 0.7526687012643231, "Test_acc": 0.38073492646217344}, "0": {"Train_loss": 0.9802195563608286, "Test_loss": 6.915126132965088, "Train_acc": 0.0, "Test_acc": 0.376106196641922}}, "14": {"1": {"Train_loss": 0.8987554475969198, "Test_loss": 6.391191101074218, "Train_acc": 0.7261999669123669, "Test_acc": 0.37289045453071595}, "0": {"Train_loss": 0.9742808183845209, "Test_loss": 7.309589481353759, "Train_acc": 0.0, "Test_acc": 0.3639587938785553}}, "15": {"1": {"Train_loss": 0.9096262461068679, "Test_loss": 6.98188533782959, "Train_acc": 0.7270673896585192, "Test_acc": 0.37281872034072877}, "0": {"Train_loss": 0.9910900160974386, "Test_loss": 7.352790832519531, "Train_acc": 0.0, "Test_acc": 0.36921840310096743}}, "16": {"1": {"Train_loss": 0.9095541056321592, "Test_loss": 7.229358291625976, "Train_acc": 0.7192453991393654, "Test_acc": 0.36650390625}, "0": {"Train_loss": 0.9917517821399533, "Test_loss": 7.040796756744385, "Train_acc": 0.0, "Test_acc": 0.36556623578071595}}, "17": {"1": {"Train_loss": 0.946381460038983, "Test_loss": 6.861835384368897, "Train_acc": 0.7119320941214659, "Test_acc": 0.3656509280204773}, "0": {"Train_loss": 1.0128984980437221, "Test_loss": 6.975421714782715, "Train_acc": 0.0, "Test_acc": 0.35908289551734923}}, "18": {"1": {"Train_loss": 0.9627720926489148, "Test_loss": 6.796483135223388, "Train_acc": 0.6896998754569462, "Test_acc": 0.35517664551734923}, "0": {"Train_loss": 1.0113096596026907, "Test_loss": 7.073490333557129, "Train_acc": 0.0, "Test_acc": 0.3526444971561432}}, "19": {"1": {"Train_loss": 0.9771225628804188, "Test_loss": 6.8864788055419925, "Train_acc": 0.6838253158695844, "Test_acc": 0.34991703629493714}, "0": {"Train_loss": 1.0280354850146236, "Test_loss": 6.834021949768067, "Train_acc": 0.0, "Test_acc": 0.34953332543373106}}}