{"0": {"0": {"Train_loss": 0.17489069989141154, "Test_loss": 3.672491455078125, "Train_acc": 0.9377277700268493, "Test_acc": 0.4636373043060303}, "1": {"Train_loss": 0.7239310230527606, "Test_loss": 3.127158689498901, "Train_acc": 0.011084791063806233, "Test_acc": 0.4140400290489197}}, "1": {"0": {"Train_loss": 0.5435410890043998, "Test_loss": 3.4314479351043703, "Train_acc": 0.7986193360114584, "Test_acc": 0.4054143071174622}, "1": {"Train_loss": 0.7894200469766345, "Test_loss": 3.519133472442627, "Train_acc": 0.00570183430741332, "Test_acc": 0.3859176218509674}}, "2": {"0": {"Train_loss": 0.6545953020757559, "Test_loss": 3.3565730094909667, "Train_acc": 0.7683886058476507, "Test_acc": 0.3896544873714447}, "1": {"Train_loss": 0.8303643975939069, "Test_loss": 3.352513313293457, "Train_acc": 0.004823022959183673, "Test_acc": 0.3827606439590454}}, "3": {"0": {"Train_loss": 0.7410830265405227, "Test_loss": 3.2799839973449707, "Train_acc": 0.7526876823026307, "Test_acc": 0.3822334766387939}, "1": {"Train_loss": 0.8986857953120251, "Test_loss": 3.1754287242889405, "Train_acc": 0.004264987244897959, "Test_acc": 0.3710756003856659}}, "4": {"0": {"Train_loss": 0.7813363671302795, "Test_loss": 3.23378529548645, "Train_acc": 0.7277089406032952, "Test_acc": 0.3683939456939697}, "1": {"Train_loss": 0.953373848175516, "Test_loss": 3.3229199409484864, "Train_acc": 0.004187165940066381, "Test_acc": 0.35967056155204774}}, "5": {"0": {"Train_loss": 0.8089098528939851, "Test_loss": 3.3188708782196046, "Train_acc": 0.7161382412423893, "Test_acc": 0.36127886176109314}, "1": {"Train_loss": 0.9116126767226628, "Test_loss": 3.4145808696746824, "Train_acc": 0.003946109693877551, "Test_acc": 0.355276894569397}}, "6": {"0": {"Train_loss": 0.8303920365109736, "Test_loss": 3.346923303604126, "Train_acc": 0.6943995234917621, "Test_acc": 0.353812050819397}, "1": {"Train_loss": 0.9342553402696337, "Test_loss": 3.4860341548919678, "Train_acc": 0.003946109693877551, "Test_acc": 0.3453358352184296}}, "7": {"0": {"Train_loss": 0.857666518007006, "Test_loss": 3.443236780166626, "Train_acc": 0.6735187379681334, "Test_acc": 0.3437016010284424}, "1": {"Train_loss": 0.9775491867746625, "Test_loss": 3.3965260982513428, "Train_acc": 0.00350765306122449, "Test_acc": 0.3382397651672363}}, "8": {"0": {"Train_loss": 0.8841349093281493, "Test_loss": 3.44254093170166, "Train_acc": 0.6564341138820259, "Test_acc": 0.3348157465457916}, "1": {"Train_loss": 0.962909207052114, "Test_loss": 3.496670436859131, "Train_acc": 0.0037468112244897957, "Test_acc": 0.3356428027153015}}, "9": {"0": {"Train_loss": 0.8874014628176786, "Test_loss": 3.5129314422607423, "Train_acc": 0.6568744687401519, "Test_acc": 0.33389795422554014}, "1": {"Train_loss": 0.988894701612239, "Test_loss": 3.562560558319092, "Train_acc": 0.0034677933673469387, "Test_acc": 0.3320035934448242}}, "10": {"0": {"Train_loss": 0.8973032375987695, "Test_loss": 3.6309916019439696, "Train_acc": 0.6507265853638552, "Test_acc": 0.33323423862457274}, "1": {"Train_loss": 0.9948941718558876, "Test_loss": 3.5924768447875977, "Train_acc": 0.0035683916435025782, "Test_acc": 0.3301878809928894}}, "11": {"0": {"Train_loss": 0.9025282373233717, "Test_loss": 3.6890311241149902, "Train_acc": 0.6369692969078921, "Test_acc": 0.32641212940216063}, "1": {"Train_loss": 0.9684530569582569, "Test_loss": 3.7868971824645996, "Train_acc": 0.0034677933673469387, "Test_acc": 0.3234893500804901}}, "12": {"0": {"Train_loss": 0.8897453485702982, "Test_loss": 3.80095853805542, "Train_acc": 0.6329093022005898, "Test_acc": 0.32633434534072875}, "1": {"Train_loss": 0.9572866552946518, "Test_loss": 3.8724367141723635, "Train_acc": 0.0033292334802372723, "Test_acc": 0.3224350094795227}}, "13": {"0": {"Train_loss": 0.8807202510687769, "Test_loss": 3.979195547103882, "Train_acc": 0.6238212919965083, "Test_acc": 0.3236846625804901}, "1": {"Train_loss": 0.9385069736412593, "Test_loss": 3.9841610908508303, "Train_acc": 0.0033880739795918366, "Test_acc": 0.3208854734897614}}, "14": {"0": {"Train_loss": 0.899001128819524, "Test_loss": 4.037835502624512, "Train_acc": 0.6193285353329717, "Test_acc": 0.31957014203071593}, "1": {"Train_loss": 0.9782515247257388, "Test_loss": 4.054882574081421, "Train_acc": 0.0035683916435025782, "Test_acc": 0.31602253913879397}}, "15": {"0": {"Train_loss": 0.9259790096964154, "Test_loss": 3.9667121887207033, "Train_acc": 0.616118880558987, "Test_acc": 0.31653674840927126}, "1": {"Train_loss": 0.9838566877404038, "Test_loss": 4.008673143386841, "Train_acc": 0.00350765306122449, "Test_acc": 0.31614612340927123}}, "16": {"0": {"Train_loss": 0.9438413624860802, "Test_loss": 4.013871097564698, "Train_acc": 0.6152134963444301, "Test_acc": 0.316764897108078}, "1": {"Train_loss": 1.0211845289687722, "Test_loss": 3.9363293170928957, "Train_acc": 0.0033880739795918366, "Test_acc": 0.3146752297878265}}, "17": {"0": {"Train_loss": 0.9813148908469141, "Test_loss": 3.9229331016540527, "Train_acc": 0.6096483237889349, "Test_acc": 0.315007084608078}, "1": {"Train_loss": 1.0404050216382863, "Test_loss": 3.87909140586853, "Train_acc": 0.0034677933673469387, "Test_acc": 0.31390694379806516}}, "18": {"0": {"Train_loss": 0.9780868510810696, "Test_loss": 3.953299617767334, "Train_acc": 0.6033998423693131, "Test_acc": 0.312468022108078}, "1": {"Train_loss": 1.0299561011547944, "Test_loss": 3.9854435443878176, "Train_acc": 0.0033880739795918366, "Test_acc": 0.3110947847366333}}, "19": {"0": {"Train_loss": 0.9818234005752875, "Test_loss": 3.9622785091400146, "Train_acc": 0.5960333912956471, "Test_acc": 0.3086075782775879}, "1": {"Train_loss": 1.04724970399117, "Test_loss": 3.939901256561279, "Train_acc": 0.0031887755102040817, "Test_acc": 0.3083085596561432}}}