{"0": {"1": {"Train_loss": 0.2975040584498522, "Test_loss": 0.6974272847175598, "Train_acc": 0.8957934738421927, "Test_acc": 0.7966347455978393}, "0": {"Train_loss": 0.6063516070039905, "Test_loss": 0.64748215675354, "Train_acc": 0.7850044035181707, "Test_acc": 0.7827105164527893}}, "1": {"1": {"Train_loss": 0.7204138630506943, "Test_loss": 0.6636582493782044, "Train_acc": 0.7849816266371279, "Test_acc": 0.7728688478469848}, "0": {"Train_loss": 0.7992486722615301, "Test_loss": 0.7113287091255188, "Train_acc": 0.7564382899780663, "Test_acc": 0.7612684965133667}}, "2": {"1": {"Train_loss": 0.8565027403588198, "Test_loss": 0.7364758372306823, "Train_acc": 0.7564572704081632, "Test_acc": 0.7550383687019349}, "0": {"Train_loss": 0.9137228678683845, "Test_loss": 0.7716651797294617, "Train_acc": 0.7349121570587158, "Test_acc": 0.743119990825653}}, "3": {"1": {"Train_loss": 0.9617413124259637, "Test_loss": 0.7909183740615845, "Train_acc": 0.7288174197381857, "Test_acc": 0.732391631603241}, "0": {"Train_loss": 1.001708135921128, "Test_loss": 0.8251625418663024, "Train_acc": 0.7141604411358736, "Test_acc": 0.724808144569397}}, "4": {"1": {"Train_loss": 1.0118417758114484, "Test_loss": 0.8554208874702454, "Train_acc": 0.7081568119477253, "Test_acc": 0.7174121975898743}, "0": {"Train_loss": 1.0304985174110957, "Test_loss": 0.8897661805152893, "Train_acc": 0.6966886088556173, "Test_acc": 0.7086248636245728}}, "5": {"1": {"Train_loss": 1.0885154884688708, "Test_loss": 0.9127878546714783, "Train_acc": 0.6857214983628721, "Test_acc": 0.6935356736183167}, "0": {"Train_loss": 1.1457723415627772, "Test_loss": 0.9517417669296264, "Train_acc": 0.6741583912956471, "Test_acc": 0.6835876941680908}}, "6": {"1": {"Train_loss": 1.1977519891699966, "Test_loss": 0.9666113138198853, "Train_acc": 0.6687830266903858, "Test_acc": 0.6826171875}, "0": {"Train_loss": 1.2443760438841216, "Test_loss": 1.0018092274665833, "Train_acc": 0.6592072096406197, "Test_acc": 0.6725473642349243}}, "7": {"1": {"Train_loss": 1.249486464626935, "Test_loss": 1.0032106161117553, "Train_acc": 0.6568630799955252, "Test_acc": 0.6731998443603515}, "0": {"Train_loss": 1.260136871921773, "Test_loss": 0.9994421243667603, "Train_acc": 0.6548662994589124, "Test_acc": 0.6686877727508544}}, "8": {"1": {"Train_loss": 1.3063113178525652, "Test_loss": 1.026201605796814, "Train_acc": 0.6493808462911722, "Test_acc": 0.6688113570213318}, "0": {"Train_loss": 1.3170624922732919, "Test_loss": 1.0485311508178712, "Train_acc": 0.6379012544544376, "Test_acc": 0.6537939071655273}}, "9": {"1": {"Train_loss": 1.3293561521841555, "Test_loss": 1.0623313903808593, "Train_acc": 0.6398448889352837, "Test_acc": 0.651899540424347}, "0": {"Train_loss": 1.3297305545028375, "Test_loss": 1.0656045436859132, "Train_acc": 0.630866967293681, "Test_acc": 0.6438398838043213}}, "10": {"1": {"Train_loss": 1.3434796600925678, "Test_loss": 1.0828083038330079, "Train_acc": 0.618060617422571, "Test_acc": 0.6376806259155273}, "0": {"Train_loss": 1.3462393332500846, "Test_loss": 1.0924397230148315, "Train_acc": 0.6139664570895993, "Test_acc": 0.6346152544021606}}, "11": {"1": {"Train_loss": 1.3598344204377155, "Test_loss": 1.0985661745071411, "Train_acc": 0.6116849640194251, "Test_acc": 0.6347388386726379}, "0": {"Train_loss": 1.370149911666403, "Test_loss": 1.1112706661224365, "Train_acc": 0.6035061344808462, "Test_acc": 0.6290626764297486}}, "12": {"1": {"Train_loss": 1.4031019040516444, "Test_loss": 1.144973373413086, "Train_acc": 0.5998409408695844, "Test_acc": 0.6185296297073364}, "0": {"Train_loss": 1.4245837513281374, "Test_loss": 1.1690652132034303, "Train_acc": 0.5846733785405451, "Test_acc": 0.6060313582420349}}, "13": {"1": {"Train_loss": 1.4344863782123642, "Test_loss": 1.2076818227767945, "Train_acc": 0.5722181730124415, "Test_acc": 0.5948674321174622}, "0": {"Train_loss": 1.4477746693455442, "Test_loss": 1.2180699825286865, "Train_acc": 0.5586886539751169, "Test_acc": 0.5846541404724122}}, "14": {"1": {"Train_loss": 1.4845646960394723, "Test_loss": 1.2163752317428589, "Train_acc": 0.568784545270764, "Test_acc": 0.5918011903762818}, "0": {"Train_loss": 1.488054901969676, "Test_loss": 1.2064276456832885, "Train_acc": 0.5699746420188826, "Test_acc": 0.5990787506103515}}, "15": {"1": {"Train_loss": 1.4884705725981264, "Test_loss": 1.2162592649459838, "Train_acc": 0.566411944068208, "Test_acc": 0.5911495804786682}, "0": {"Train_loss": 1.4999637311818648, "Test_loss": 1.2202617645263671, "Train_acc": 0.5705782314952539, "Test_acc": 0.5941311240196228}}, "16": {"1": {"Train_loss": 1.5003878243115483, "Test_loss": 1.2214906215667725, "Train_acc": 0.5637755102040817, "Test_acc": 0.588284707069397}, "0": {"Train_loss": 1.5181673120479195, "Test_loss": 1.228872585296631, "Train_acc": 0.5599299991617397, "Test_acc": 0.5886433601379395}}, "17": {"1": {"Train_loss": 1.5478227698073095, "Test_loss": 1.2511804342269897, "Train_acc": 0.5486572980880737, "Test_acc": 0.581580126285553}, "0": {"Train_loss": 1.5642259741316036, "Test_loss": 1.2628693342208863, "Train_acc": 0.553256347471354, "Test_acc": 0.580994188785553}}, "18": {"1": {"Train_loss": 1.567634256518617, "Test_loss": 1.2680773258209228, "Train_acc": 0.5531861186027527, "Test_acc": 0.5747122168540955}, "0": {"Train_loss": 1.5930383521683362, "Test_loss": 1.2760562658309937, "Train_acc": 0.5490407104394874, "Test_acc": 0.5728965044021607}}, "19": {"1": {"Train_loss": 1.5885905331494856, "Test_loss": 1.278492283821106, "Train_acc": 0.5546381497869686, "Test_acc": 0.5786452531814575}, "0": {"Train_loss": 1.5769197794855858, "Test_loss": 1.2780929803848267, "Train_acc": 0.5494468996719438, "Test_acc": 0.5743743062019349}}}