{"0": {"1": {"Train_loss": 0.12049274165563438, "Test_loss": 3.8589784622192385, "Train_acc": 0.9594740800711573, "Test_acc": 0.4923819422721863}, "0": {"Train_loss": 0.7905475503327896, "Test_loss": 2.751088047027588, "Train_acc": 0.043232583212761244, "Test_acc": 0.47672669887542723}}, "1": {"1": {"Train_loss": 0.43444483712011456, "Test_loss": 2.5215471267700194, "Train_acc": 0.8906420828128347, "Test_acc": 0.4703920066356659}, "0": {"Train_loss": 0.8974995959778221, "Test_loss": 2.49999680519104, "Train_acc": 0.027467125247479702, "Test_acc": 0.46002920866012575}}, "2": {"1": {"Train_loss": 0.5489721495886238, "Test_loss": 2.477901744842529, "Train_acc": 0.8709324136072275, "Test_acc": 0.4562206149101257}, "0": {"Train_loss": 0.9361175949476204, "Test_loss": 2.6221635818481444, "Train_acc": 0.014072370021699034, "Test_acc": 0.43480451703071593}}, "3": {"1": {"Train_loss": 0.645871061451581, "Test_loss": 2.743941831588745, "Train_acc": 0.8358957426888602, "Test_acc": 0.4329162061214447}, "0": {"Train_loss": 0.9781998006664977, "Test_loss": 2.7336572647094726, "Train_acc": 0.0121780855210536, "Test_acc": 0.42287230491638184}}, "4": {"1": {"Train_loss": 0.6815574503674799, "Test_loss": 2.7602423191070558, "Train_acc": 0.8331226463220558, "Test_acc": 0.4256455659866333}, "0": {"Train_loss": 1.0179066250518876, "Test_loss": 2.684256839752197, "Train_acc": 0.00560123603125768, "Test_acc": 0.4184129536151886}}, "5": {"1": {"Train_loss": 0.7513634988239833, "Test_loss": 2.6677605628967287, "Train_acc": 0.8086279156256695, "Test_acc": 0.41312742233276367}, "0": {"Train_loss": 1.0102456947978662, "Test_loss": 2.7641093730926514, "Train_acc": 0.004665482266596994, "Test_acc": 0.4077960789203644}}, "6": {"1": {"Train_loss": 0.8034494008336749, "Test_loss": 2.6856479167938234, "Train_acc": 0.7901576927730015, "Test_acc": 0.4052898585796356}, "0": {"Train_loss": 1.0314166983779596, "Test_loss": 2.693210744857788, "Train_acc": 0.004862882653061225, "Test_acc": 0.3944119870662689}}, "7": {"1": {"Train_loss": 0.8761956947190421, "Test_loss": 2.6391436100006103, "Train_acc": 0.7475154126177028, "Test_acc": 0.38742740750312804}, "0": {"Train_loss": 1.0910318189737749, "Test_loss": 2.6751664161682127, "Train_acc": 0.00440544521493115, "Test_acc": 0.3716736376285553}}, "8": {"1": {"Train_loss": 0.9153764217483754, "Test_loss": 2.6689881801605226, "Train_acc": 0.7251275510204082, "Test_acc": 0.37841105461120605}, "0": {"Train_loss": 1.0858990610862265, "Test_loss": 2.7150034427642824, "Train_acc": 0.004466183797209238, "Test_acc": 0.3735092282295227}}, "9": {"1": {"Train_loss": 0.9253440979792147, "Test_loss": 2.819848108291626, "Train_acc": 0.7216123056655027, "Test_acc": 0.37234426736831666}, "0": {"Train_loss": 1.0898258905021512, "Test_loss": 2.806623935699463, "Train_acc": 0.004065688775510204, "Test_acc": 0.36068515181541444}}, "10": {"1": {"Train_loss": 0.9321212391464078, "Test_loss": 2.9133511066436766, "Train_acc": 0.7021550809850499, "Test_acc": 0.3643113911151886}, "0": {"Train_loss": 1.081401882122974, "Test_loss": 2.810592460632324, "Train_acc": 0.004065688775510204, "Test_acc": 0.3608415722846985}}, "11": {"1": {"Train_loss": 0.9342427861933805, "Test_loss": 2.8474400520324705, "Train_acc": 0.6925583852797138, "Test_acc": 0.3592332661151886}, "0": {"Train_loss": 1.0859501483489056, "Test_loss": 2.875341272354126, "Train_acc": 0.004025829081632653, "Test_acc": 0.35349833965301514}}, "12": {"1": {"Train_loss": 0.9499930788059624, "Test_loss": 2.911578893661499, "Train_acc": 0.6910209400313241, "Test_acc": 0.35990390181541443}, "0": {"Train_loss": 1.0393896492160097, "Test_loss": 3.0541106700897216, "Train_acc": 0.0038872691945229867, "Test_acc": 0.3417744040489197}}, "13": {"1": {"Train_loss": 0.9543235022194532, "Test_loss": 3.0185734272003173, "Train_acc": 0.6750030371607566, "Test_acc": 0.35132397413253785}, "0": {"Train_loss": 1.0605413506225663, "Test_loss": 2.9971023082733153, "Train_acc": 0.003828428695168422, "Test_acc": 0.341956752538681}}, "14": {"1": {"Train_loss": 0.9379030745856616, "Test_loss": 3.028756093978882, "Train_acc": 0.6538413355545122, "Test_acc": 0.34078487753868103}, "0": {"Train_loss": 1.0355974934539016, "Test_loss": 3.0555718421936033, "Train_acc": 0.0034488125618699255, "Test_acc": 0.3263006448745728}}, "15": {"1": {"Train_loss": 0.9214505255222321, "Test_loss": 3.1827208042144775, "Train_acc": 0.6158037994589124, "Test_acc": 0.3240156590938568}, "0": {"Train_loss": 0.992811527179212, "Test_loss": 3.331737518310547, "Train_acc": 0.003209654398604619, "Test_acc": 0.31818307638168336}}, "16": {"1": {"Train_loss": 0.9512836920971773, "Test_loss": 3.4166666984558107, "Train_acc": 0.5892743261492982, "Test_acc": 0.3214117825031281}, "0": {"Train_loss": 1.029767106990425, "Test_loss": 3.321975564956665, "Train_acc": 0.003547512755102041, "Test_acc": 0.319856196641922}}, "17": {"1": {"Train_loss": 0.9578285417994674, "Test_loss": 3.296685886383057, "Train_acc": 0.5943896533275137, "Test_acc": 0.31742170453071594}, "0": {"Train_loss": 1.033057067467242, "Test_loss": 3.379192352294922, "Train_acc": 0.003469691450270463, "Test_acc": 0.3173629343509674}}, "18": {"1": {"Train_loss": 0.9873033755896042, "Test_loss": 3.246669054031372, "Train_acc": 0.6057515643080886, "Test_acc": 0.32021397948265073}, "0": {"Train_loss": 1.056728033386931, "Test_loss": 3.3069923400878904, "Train_acc": 0.003308354591836735, "Test_acc": 0.31639933586120605}}, "19": {"1": {"Train_loss": 0.9951889630483122, "Test_loss": 3.3216623306274413, "Train_acc": 0.6068999031368567, "Test_acc": 0.3185088813304901}, "0": {"Train_loss": 1.0729353099453205, "Test_loss": 3.3537110328674316, "Train_acc": 0.0033482142857142855, "Test_acc": 0.3169662594795227}}}