{"0": {"1": {"Train_loss": 0.24013524593747393, "Test_loss": 1.315753960609436, "Train_acc": 0.9208272598227676, "Test_acc": 0.6472103118896484}, "0": {"Train_loss": 0.9216674882538465, "Test_loss": 1.1899381637573243, "Train_acc": 0.3506286445320869, "Test_acc": 0.6241461515426636}}, "1": {"1": {"Train_loss": 0.5590769779317233, "Test_loss": 1.3396374225616454, "Train_acc": 0.8629433920188826, "Test_acc": 0.5900753617286683}, "0": {"Train_loss": 1.100503887448992, "Test_loss": 1.2793846607208252, "Train_acc": 0.27599041863363616, "Test_acc": 0.5875812411308289}}, "2": {"1": {"Train_loss": 0.729790951524462, "Test_loss": 1.3200270891189576, "Train_acc": 0.8355256166993356, "Test_acc": 0.5740156650543213}, "0": {"Train_loss": 1.2384083806251993, "Test_loss": 1.308615517616272, "Train_acc": 0.26475378110700726, "Test_acc": 0.577471649646759}}, "3": {"1": {"Train_loss": 0.8621911917413984, "Test_loss": 1.3218880414962768, "Train_acc": 0.8225218659761001, "Test_acc": 0.5593291997909546}, "0": {"Train_loss": 1.2928325144612058, "Test_loss": 1.322943663597107, "Train_acc": 0.2459703747715269, "Test_acc": 0.5632285356521607}}, "4": {"1": {"Train_loss": 0.9389622606793229, "Test_loss": 1.3014672994613647, "Train_acc": 0.8124145865440369, "Test_acc": 0.5620376467704773}, "0": {"Train_loss": 1.385557298757592, "Test_loss": 1.3200237035751343, "Train_acc": 0.23247122521303137, "Test_acc": 0.5499490141868592}}, "5": {"1": {"Train_loss": 1.0255532057917849, "Test_loss": 1.3445546627044678, "Train_acc": 0.8052550262334396, "Test_acc": 0.5398783206939697}, "0": {"Train_loss": 1.414236685451196, "Test_loss": 1.3640031576156617, "Train_acc": 0.219704734579641, "Test_acc": 0.5392992973327637}}, "6": {"1": {"Train_loss": 1.0763444669392643, "Test_loss": 1.380755567550659, "Train_acc": 0.7980594026799105, "Test_acc": 0.5244114637374878}, "0": {"Train_loss": 1.4313889413463825, "Test_loss": 1.4021568059921266, "Train_acc": 0.19340872506097873, "Test_acc": 0.5216122746467591}}, "7": {"1": {"Train_loss": 1.0997444269608478, "Test_loss": 1.417537236213684, "Train_acc": 0.7879350404350125, "Test_acc": 0.5160147547721863}, "0": {"Train_loss": 1.4405425568016208, "Test_loss": 1.4196400403976441, "Train_acc": 0.19025791117123195, "Test_acc": 0.5147322654724121}}, "8": {"1": {"Train_loss": 1.1618006497013325, "Test_loss": 1.446188259124756, "Train_acc": 0.7764478563045969, "Test_acc": 0.50791015625}, "0": {"Train_loss": 1.4627505930102602, "Test_loss": 1.4662860870361327, "Train_acc": 0.174091958269781, "Test_acc": 0.5038414359092712}}, "9": {"1": {"Train_loss": 1.1903333858567842, "Test_loss": 1.4745447874069213, "Train_acc": 0.7695540268810428, "Test_acc": 0.4968629002571106}, "0": {"Train_loss": 1.4718962056296212, "Test_loss": 1.4863762378692627, "Train_acc": 0.16337919098382092, "Test_acc": 0.49291775822639466}}, "10": {"1": {"Train_loss": 1.2053044876273797, "Test_loss": 1.4822693109512328, "Train_acc": 0.7651068239795918, "Test_acc": 0.4930352926254272}, "0": {"Train_loss": 1.4871260012899126, "Test_loss": 1.4950259685516358, "Train_acc": 0.1571743652528646, "Test_acc": 0.4918046534061432}}, "11": {"1": {"Train_loss": 1.2289769053459167, "Test_loss": 1.4957645416259766, "Train_acc": 0.7650252063663638, "Test_acc": 0.48207964301109313}, "0": {"Train_loss": 1.4920855468633223, "Test_loss": 1.532067322731018, "Train_acc": 0.14295014883486593, "Test_acc": 0.4742870211601257}}, "12": {"1": {"Train_loss": 1.2559230607383105, "Test_loss": 1.523163628578186, "Train_acc": 0.7608873911049902, "Test_acc": 0.4776462256908417}, "0": {"Train_loss": 1.5058319203707637, "Test_loss": 1.5410053730010986, "Train_acc": 0.12468302052239982, "Test_acc": 0.46413249969482423}}, "13": {"1": {"Train_loss": 1.2748143940555805, "Test_loss": 1.5370071887969972, "Train_acc": 0.7518563227994102, "Test_acc": 0.46451016068458556}, "0": {"Train_loss": 1.5346145009507939, "Test_loss": 1.5412135601043702, "Train_acc": 0.14094387755102042, "Test_acc": 0.46300643086433413}}, "14": {"1": {"Train_loss": 1.312678952606357, "Test_loss": 1.5574239253997804, "Train_acc": 0.7452927602797138, "Test_acc": 0.46459399461746215}, "0": {"Train_loss": 1.5330536024911063, "Test_loss": 1.5517032146453857, "Train_acc": 0.13065817845719202, "Test_acc": 0.46160640120506286}}, "15": {"1": {"Train_loss": 1.3410854996467123, "Test_loss": 1.5792599439620971, "Train_acc": 0.7409879133409384, "Test_acc": 0.45634679198265077}, "0": {"Train_loss": 1.5478671606706114, "Test_loss": 1.590484094619751, "Train_acc": 0.11850097182453895, "Test_acc": 0.4514510154724121}}, "16": {"1": {"Train_loss": 1.33413962685332, "Test_loss": 1.5960166931152344, "Train_acc": 0.7296810466416028, "Test_acc": 0.4469000637531281}, "0": {"Train_loss": 1.5324459939586872, "Test_loss": 1.6232940435409546, "Train_acc": 0.12005739795918367, "Test_acc": 0.4450653314590454}}, "17": {"1": {"Train_loss": 1.353957289335679, "Test_loss": 1.6258906364440917, "Train_acc": 0.7162597185494949, "Test_acc": 0.44266281723976136}, "0": {"Train_loss": 1.5580656273024422, "Test_loss": 1.648856234550476, "Train_acc": 0.11860157009594295, "Test_acc": 0.43957757353782656}}, "18": {"1": {"Train_loss": 1.394475860255105, "Test_loss": 1.6226410150527955, "Train_acc": 0.7118998273294799, "Test_acc": 0.44058005809783934}, "0": {"Train_loss": 1.536828520346661, "Test_loss": 1.6557884216308594, "Train_acc": 0.11086689141027782, "Test_acc": 0.4339204251766205}}, "19": {"1": {"Train_loss": 1.3694259767629662, "Test_loss": 1.6663156986236571, "Train_acc": 0.710398445324022, "Test_acc": 0.4357560157775879}, "0": {"Train_loss": 1.5354103750112105, "Test_loss": 1.6764900445938111, "Train_acc": 0.10354979047361686, "Test_acc": 0.4277101755142212}}}