{"0": {"Test_loss": 0.0916291818022728, "Test_acc": 0.756613838672638, "Train_loss": 0.08071994397561161, "Train_acc": 0.8098891900510204}, "1": {"Test_loss": 0.10439411252737045, "Test_acc": 0.34349246621131896, "Train_loss": 0.09432798164079384, "Train_acc": 0.4147839605504153}, "2": {"Test_loss": 0.09402249455451965, "Test_acc": 0.6565334677696228, "Train_loss": 0.08036837354302406, "Train_acc": 0.7351403063049122}, "3": {"Test_loss": 0.10363875925540925, "Test_acc": 0.3773221433162689, "Train_loss": 0.09222161906714342, "Train_acc": 0.4612882654277646}, "4": {"Test_loss": 0.09428795278072358, "Test_acc": 0.6373695015907288, "Train_loss": 0.0800823660149258, "Train_acc": 0.7272241708575463}, "5": {"Test_loss": 0.10216824114322662, "Test_acc": 0.4093309223651886, "Train_loss": 0.08948075049081627, "Train_acc": 0.5010363520408163}, "6": {"Test_loss": 0.094867143034935, "Test_acc": 0.6295449018478394, "Train_loss": 0.08001672472728759, "Train_acc": 0.7229870855808258}, "7": {"Test_loss": 0.10140602588653565, "Test_acc": 0.4311704933643341, "Train_loss": 0.08816544707788497, "Train_acc": 0.5208745218661367}, "8": {"Test_loss": 0.09401101171970368, "Test_acc": 0.6334831357002259, "Train_loss": 0.07897632523458831, "Train_acc": 0.727606824162055}, "9": {"Test_loss": 0.10147788971662522, "Test_acc": 0.44832428693771365, "Train_loss": 0.08803556597202408, "Train_acc": 0.5384805485302088}, "10": {"Test_loss": 0.09453781694173813, "Test_acc": 0.6298179984092712, "Train_loss": 0.07930685336492499, "Train_acc": 0.7236926020408163}, "11": {"Test_loss": 0.10060391873121262, "Test_acc": 0.47014484405517576, "Train_loss": 0.08654772729745933, "Train_acc": 0.560969387694281}, "12": {"Test_loss": 0.0957105204463005, "Test_acc": 0.6225983500480652, "Train_loss": 0.08018666536224131, "Train_acc": 0.7138233418975558}, "13": {"Test_loss": 0.09946909993886947, "Test_acc": 0.47999516129493713, "Train_loss": 0.08530206978321075, "Train_acc": 0.5773198343053156}, "14": {"Test_loss": 0.09604699015617371, "Test_acc": 0.614291512966156, "Train_loss": 0.0801138977463148, "Train_acc": 0.7058793047861177}, "15": {"Test_loss": 0.09925295412540436, "Test_acc": 0.4912627935409546, "Train_loss": 0.08497769712489478, "Train_acc": 0.5884406888971523}, "16": {"Test_loss": 0.09621822237968444, "Test_acc": 0.61322420835495, "Train_loss": 0.07989869924376206, "Train_acc": 0.7078842475098006}, "17": {"Test_loss": 0.0994183674454689, "Test_acc": 0.4952208876609802, "Train_loss": 0.08424209864163885, "Train_acc": 0.5991749042759136}, "18": {"Test_loss": 0.09598769396543502, "Test_acc": 0.6144539833068847, "Train_loss": 0.07980070951185664, "Train_acc": 0.7093949299685809}, "19": {"Test_loss": 0.09963585734367371, "Test_acc": 0.5057470321655273, "Train_loss": 0.08469406199850599, "Train_acc": 0.6030612245810275}, "20": {"Test_loss": 0.0961061492562294, "Test_acc": 0.6182755470275879, "Train_loss": 0.07953311632178267, "Train_acc": 0.7088887116738728}, "21": {"Test_loss": 0.10035280138254166, "Test_acc": 0.508364737033844, "Train_loss": 0.08519470919759906, "Train_acc": 0.6058035714893925}, "22": {"Test_loss": 0.09633840620517731, "Test_acc": 0.6100732803344726, "Train_loss": 0.07964276936741507, "Train_acc": 0.7079001914481727}, "23": {"Test_loss": 0.10131067335605622, "Test_acc": 0.5052587509155273, "Train_loss": 0.08577368001700664, "Train_acc": 0.6033681442542952}, "24": {"Test_loss": 0.0976907417178154, "Test_acc": 0.6028147459030151, "Train_loss": 0.08108259923756123, "Train_acc": 0.7004623726314428}, "25": {"Test_loss": 0.10162288993597031, "Test_acc": 0.508721649646759, "Train_loss": 0.08584331394154199, "Train_acc": 0.6131895728865449}, "26": {"Test_loss": 0.09820861965417862, "Test_acc": 0.6010698914527893, "Train_loss": 0.08112953831346667, "Train_acc": 0.7012555802963218}, "27": {"Test_loss": 0.1017119750380516, "Test_acc": 0.5128621101379395, "Train_loss": 0.08572237482484506, "Train_acc": 0.6148437501824632}, "28": {"Test_loss": 0.09885566383600235, "Test_acc": 0.5942408680915833, "Train_loss": 0.08150357962110821, "Train_acc": 0.6951530612244898}, "29": {"Test_loss": 0.10137346088886261, "Test_acc": 0.517190957069397, "Train_loss": 0.08530686377566687, "Train_acc": 0.6208824938049122}, "30": {"Test_loss": 0.09971411526203156, "Test_acc": 0.5916240334510803, "Train_loss": 0.08261637883831044, "Train_acc": 0.6882653063049122}, "31": {"Test_loss": 0.10049425959587097, "Test_acc": 0.526754355430603, "Train_loss": 0.08418904442568215, "Train_acc": 0.6275350764697912}, "32": {"Test_loss": 0.09897493720054626, "Test_acc": 0.592554795742035, "Train_loss": 0.08175927278946857, "Train_acc": 0.6911352042640958}, "33": {"Test_loss": 0.10001772940158844, "Test_acc": 0.5329386711120605, "Train_loss": 0.08384820860715544, "Train_acc": 0.6341358420191979}, "34": {"Test_loss": 0.09882902055978775, "Test_acc": 0.5950679302215576, "Train_loss": 0.08183653618456149, "Train_acc": 0.6916214924077598}, "35": {"Test_loss": 0.10005282610654831, "Test_acc": 0.5340906739234924, "Train_loss": 0.08358758649959856, "Train_acc": 0.6384486607751068}, "36": {"Test_loss": 0.09916294068098068, "Test_acc": 0.5939409852027893, "Train_loss": 0.08215515935147295, "Train_acc": 0.6915258290816326}, "37": {"Test_loss": 0.10011387765407562, "Test_acc": 0.5322421193122864, "Train_loss": 0.08359114681275523, "Train_acc": 0.6391222896624584}, "38": {"Test_loss": 0.09914713650941849, "Test_acc": 0.590126347541809, "Train_loss": 0.08188303020231578, "Train_acc": 0.6927335779277646}, "39": {"Test_loss": 0.10017451792955398, "Test_acc": 0.5352106928825379, "Train_loss": 0.08370493998637005, "Train_acc": 0.6405452806122449}}