{"0": {"0": {"Train_loss": 0.0015709238427613552, "Test_loss": 0.06523659949501355, "Train_acc": 0.9915260543425878, "Test_acc": 0.5948857267697653}, "1": {"Train_loss": 0.0035398172712403126, "Test_loss": 0.06666531413793564, "Train_acc": 0.13173919967536268, "Test_acc": 0.5737247069676717}}, "1": {"0": {"Train_loss": 0.0003644251347092601, "Test_loss": 0.06689669440189998, "Train_acc": 0.962453352411588, "Test_acc": 0.5708231131235758}, "1": {"Train_loss": 0.0011124244032042294, "Test_loss": 0.0705494334300359, "Train_acc": 0.14746522338225923, "Test_acc": 0.5465660492579142}}, "2": {"0": {"Train_loss": 0.00019843749032588676, "Test_loss": 0.06941976894934972, "Train_acc": 0.9049536208311717, "Test_acc": 0.5485076506932577}, "1": {"Train_loss": 0.0006909100875732135, "Test_loss": 0.07291812201340993, "Train_acc": 0.1354458511903368, "Test_acc": 0.5250211755434672}}, "3": {"0": {"Train_loss": 0.00013027446730120573, "Test_loss": 0.07486152152220409, "Train_acc": 0.8411374429861704, "Test_acc": 0.49936551849047345}, "1": {"Train_loss": 0.0004582208674601761, "Test_loss": 0.08006495734055837, "Train_acc": 0.11154854027875538, "Test_acc": 0.40438761313756305}}, "4": {"0": {"Train_loss": 0.0001134037929053496, "Test_loss": 0.08264635254939397, "Train_acc": 0.6286767075459162, "Test_acc": 0.3682519197463989}, "1": {"Train_loss": 0.00037008223719975174, "Test_loss": 0.08600149303674698, "Train_acc": 0.06502253125453818, "Test_acc": 0.34931986530621845}}, "5": {"0": {"Train_loss": 7.546452895136705e-05, "Test_loss": 0.08747069785992305, "Train_acc": 0.5625741650660833, "Test_acc": 0.3037937581539154}, "1": {"Train_loss": 0.000253003714345235, "Test_loss": 0.08926613132158916, "Train_acc": 0.005836721196577981, "Test_acc": 0.2916976312796275}}, "6": {"0": {"Train_loss": 7.230481278384105e-05, "Test_loss": 0.08902796606222789, "Train_acc": 0.5487526173392931, "Test_acc": 0.29194681843121845}, "1": {"Train_loss": 0.00023936422402239885, "Test_loss": 0.09012308220068614, "Train_acc": 0.0026039625758883253, "Test_acc": 0.28096840778986615}}, "7": {"0": {"Train_loss": 5.4063828550473166e-05, "Test_loss": 0.09091904759407043, "Train_acc": 0.4928140436609586, "Test_acc": 0.26834583282470703}, "1": {"Train_loss": 0.0001802460432498202, "Test_loss": 0.09198736151059468, "Train_acc": 0.002222521551724138, "Test_acc": 0.24861149489879608}}, "8": {"0": {"Train_loss": 4.6791299003719665e-05, "Test_loss": 0.09183770169814427, "Train_acc": 0.4542998949686686, "Test_acc": 0.24107122421264648}, "1": {"Train_loss": 0.00015129739742782288, "Test_loss": 0.09353942424058914, "Train_acc": 0.002177213944880099, "Test_acc": 0.22246612111727396}}, "9": {"0": {"Train_loss": 4.0231658749689815e-05, "Test_loss": 0.09306136518716812, "Train_acc": 0.410715340077877, "Test_acc": 0.21988356113433838}, "1": {"Train_loss": 0.00017090209113466073, "Test_loss": 0.09448298315207164, "Train_acc": 0.0018857758620689656, "Test_acc": 0.2020857830842336}}, "10": {"0": {"Train_loss": 3.136290815746179e-05, "Test_loss": 0.09338958064715068, "Train_acc": 0.3904004911581675, "Test_acc": 0.2051998327175776}, "1": {"Train_loss": 0.00014086574334089226, "Test_loss": 0.09388893842697144, "Train_acc": 0.0018857758620689656, "Test_acc": 0.1973506063222885}}, "11": {"0": {"Train_loss": 0.0009767272697596733, "Test_loss": 0.09428331504265468, "Train_acc": 0.3683650796612104, "Test_acc": 0.1973506063222885}, "1": {"Train_loss": 0.000122871653980712, "Test_loss": 0.09565231452385585, "Train_acc": 0.0019414919621214785, "Test_acc": 0.19629266361395517}}, "12": {"0": {"Train_loss": 0.0007311589427748307, "Test_loss": 0.09466004868348439, "Train_acc": 0.37335360248883565, "Test_acc": 0.19704669217268625}, "1": {"Train_loss": 0.00010633489351864133, "Test_loss": 0.09534068653980891, "Train_acc": 0.0018967966276124634, "Test_acc": 0.19621128340562186}}, "13": {"0": {"Train_loss": 0.0011098468392447102, "Test_loss": 0.09397962937752406, "Train_acc": 0.34095253398021064, "Test_acc": 0.19731243451436362}, "1": {"Train_loss": 6.98942472056309e-05, "Test_loss": 0.09441655377546947, "Train_acc": 0.0018521012931034483, "Test_acc": 0.19629266361395517}}, "14": {"0": {"Train_loss": 2.3800735228481547e-05, "Test_loss": 0.09448496997356415, "Train_acc": 0.37825319468975066, "Test_acc": 0.19690553347269693}, "1": {"Train_loss": 6.712982833740735e-05, "Test_loss": 0.09439827501773834, "Train_acc": 0.0018521012931034483, "Test_acc": 0.19623289008935293}}, "15": {"0": {"Train_loss": 2.065649605356157e-05, "Test_loss": 0.09433263043562572, "Train_acc": 0.37718703001737597, "Test_acc": 0.19666139284769693}, "1": {"Train_loss": 7.723367807870843e-05, "Test_loss": 0.09390395631392796, "Train_acc": 0.0018521012931034483, "Test_acc": 0.19604852298895517}}, "16": {"0": {"Train_loss": 2.047855581016241e-05, "Test_loss": 0.09395997474590938, "Train_acc": 0.3718847319483757, "Test_acc": 0.19508852561314902}, "1": {"Train_loss": 5.440444968779299e-05, "Test_loss": 0.09415457646052043, "Train_acc": 0.001818426724137931, "Test_acc": 0.19468162457148233}}, "17": {"0": {"Train_loss": 0.0005664830938258092, "Test_loss": 0.09408416599035263, "Train_acc": 0.3188926249742508, "Test_acc": 0.19219700495402017}, "1": {"Train_loss": 4.752220342323136e-05, "Test_loss": 0.09390272448460261, "Train_acc": 0.0015827047413793103, "Test_acc": 0.18987010916074118}}, "18": {"0": {"Train_loss": 1.609156615813845e-05, "Test_loss": 0.09375453492005666, "Train_acc": 0.3613341654340426, "Test_acc": 0.19070551792780557}, "1": {"Train_loss": 4.082249694780832e-05, "Test_loss": 0.09342564145723979, "Train_acc": 0.0017510775862068966, "Test_acc": 0.18944160143534342}}, "19": {"0": {"Train_loss": 0.0003455732122953729, "Test_loss": 0.09360327819983165, "Train_acc": 0.3013017475605011, "Test_acc": 0.18226501842339835}, "1": {"Train_loss": 3.472090645965213e-05, "Test_loss": 0.0934549868106842, "Train_acc": 0.0014816810344827585, "Test_acc": 0.17322821418444315}}}