{"0": {"0": {"Train_loss": 0.001833803664582471, "Test_loss": 0.0017691048948715131, "Train_acc": 0.9909518629312515, "Test_acc": 0.9902574221293131}, "1": {"Train_loss": 0.0003847544001724475, "Test_loss": 0.0026579601302122078, "Train_acc": 0.9838374308471022, "Test_acc": 0.9866118828455607}}, "1": {"0": {"Train_loss": 0.0002323533716359331, "Test_loss": 0.0033003827556967735, "Train_acc": 0.979626422127088, "Test_acc": 0.9834330081939697}, "1": {"Train_loss": 0.00022189857830606593, "Test_loss": 0.003873639740049839, "Train_acc": 0.9762833067055406, "Test_acc": 0.9815612634023031}}, "2": {"0": {"Train_loss": 0.0001577820889603269, "Test_loss": 0.004495466438432534, "Train_acc": 0.9734831392765045, "Test_acc": 0.9778292973836263}, "1": {"Train_loss": 0.00016167819445274352, "Test_loss": 0.004926526841397087, "Train_acc": 0.9712651834405702, "Test_acc": 0.9748347798983256}}, "3": {"0": {"Train_loss": 0.00012304925458010984, "Test_loss": 0.005271719225371878, "Train_acc": 0.9683738052845001, "Test_acc": 0.9744710922241211}, "1": {"Train_loss": 8.205801325324313e-05, "Test_loss": 0.005873499748607476, "Train_acc": 0.9662721629800468, "Test_acc": 0.9711078604062399}}, "4": {"0": {"Train_loss": 0.00011972798505060685, "Test_loss": 0.006211978693803151, "Train_acc": 0.9647424022356669, "Test_acc": 0.971395214398702}, "1": {"Train_loss": 7.388097884390375e-05, "Test_loss": 0.006434875229994456, "Train_acc": 0.9637006510948313, "Test_acc": 0.9698821107546488}}, "5": {"0": {"Train_loss": 5.686764749649834e-05, "Test_loss": 0.006716822274029255, "Train_acc": 0.9625822186470032, "Test_acc": 0.968943734963735}, "1": {"Train_loss": 8.408411078311599e-05, "Test_loss": 0.007146532802532117, "Train_acc": 0.9610066855775898, "Test_acc": 0.9681515296300253}}, "6": {"0": {"Train_loss": 7.52016864377462e-05, "Test_loss": 0.0074748316158850985, "Train_acc": 0.9590055167675018, "Test_acc": 0.9660305976867676}, "1": {"Train_loss": 6.90431918663872e-05, "Test_loss": 0.008172390051186085, "Train_acc": 0.9572920747872057, "Test_acc": 0.9644627769788107}}, "7": {"0": {"Train_loss": 4.48063394590766e-05, "Test_loss": 0.008157658235480389, "Train_acc": 0.9544663468996684, "Test_acc": 0.9625744620958964}, "1": {"Train_loss": 6.720320229290118e-05, "Test_loss": 0.008850465218226114, "Train_acc": 0.9512190191910185, "Test_acc": 0.9598190585772196}}, "8": {"0": {"Train_loss": 0.0001005475124353931, "Test_loss": 0.008960566793878874, "Train_acc": 0.94781800309817, "Test_acc": 0.9589022795359293}, "1": {"Train_loss": 7.925445048574053e-05, "Test_loss": 0.00944087157646815, "Train_acc": 0.9480646304015455, "Test_acc": 0.9571932951609293}}, "9": {"0": {"Train_loss": 4.328261441817934e-05, "Test_loss": 0.009779225879659256, "Train_acc": 0.946146101752917, "Test_acc": 0.9554576675097147}, "1": {"Train_loss": 4.0369033427098125e-05, "Test_loss": 0.010006876972814402, "Train_acc": 0.9447308480739594, "Test_acc": 0.9537652333577474}}, "10": {"0": {"Train_loss": 5.8389313471707284e-05, "Test_loss": 0.010084183265765509, "Train_acc": 0.9446188380320867, "Test_acc": 0.9548663894335429}, "1": {"Train_loss": 5.253856071594155e-05, "Test_loss": 0.010562455592056116, "Train_acc": 0.9438657174850332, "Test_acc": 0.9513022303581238}}, "11": {"0": {"Train_loss": 7.314309495995986e-05, "Test_loss": 0.010745064355432987, "Train_acc": 0.9412424822648366, "Test_acc": 0.9518934885660807}, "1": {"Train_loss": 3.4478216360278974e-05, "Test_loss": 0.011030559428036213, "Train_acc": 0.9414650273734125, "Test_acc": 0.9511013031005859}}, "12": {"0": {"Train_loss": 0.0001273555789036133, "Test_loss": 0.011555053604145845, "Train_acc": 0.93609925309817, "Test_acc": 0.9474672675132751}, "1": {"Train_loss": 3.3830958837542906e-05, "Test_loss": 0.011842389901479086, "Train_acc": 0.9352701306343079, "Test_acc": 0.9440010587374369}}, "13": {"0": {"Train_loss": 5.3962604397383984e-05, "Test_loss": 0.011977986743052801, "Train_acc": 0.9339887370665868, "Test_acc": 0.9453081687291464}, "1": {"Train_loss": 4.4808978882742695e-05, "Test_loss": 0.012570620204011599, "Train_acc": 0.9341460127255012, "Test_acc": 0.941944936911265}}, "14": {"0": {"Train_loss": 2.8441225579930082e-05, "Test_loss": 0.012582164257764816, "Train_acc": 0.9312204678853353, "Test_acc": 0.9421509106953939}, "1": {"Train_loss": 9.506465094404873e-05, "Test_loss": 0.012791233137249947, "Train_acc": 0.9326759648734125, "Test_acc": 0.9447601238886515}}, "15": {"0": {"Train_loss": 0.0001071210019896777, "Test_loss": 0.013080433942377567, "Train_acc": 0.9312087217966716, "Test_acc": 0.9432686368624369}, "1": {"Train_loss": 0.00010023627002173553, "Test_loss": 0.013425890356302261, "Train_acc": 0.9318114467735948, "Test_acc": 0.9435394207636515}}, "16": {"0": {"Train_loss": 3.737111507386241e-05, "Test_loss": 0.013678692591687044, "Train_acc": 0.929539504647255, "Test_acc": 0.941310465335846}, "1": {"Train_loss": 3.0272394253878355e-05, "Test_loss": 0.014012703982492289, "Train_acc": 0.9295662713461909, "Test_acc": 0.940333902835846}}, "17": {"0": {"Train_loss": 3.750714713532943e-05, "Test_loss": 0.014602765130499998, "Train_acc": 0.9264145046472549, "Test_acc": 0.9385817050933838}, "1": {"Train_loss": 2.976871803247346e-05, "Test_loss": 0.015073492502172789, "Train_acc": 0.9252681711624409, "Test_acc": 0.9360157052675883}}, "18": {"0": {"Train_loss": 8.174683395433628e-05, "Test_loss": 0.01526806689798832, "Train_acc": 0.9214679310719173, "Test_acc": 0.9350391427675883}, "1": {"Train_loss": 6.603838746427912e-05, "Test_loss": 0.015797211478153866, "Train_acc": 0.9201165745998251, "Test_acc": 0.9330212076505026}}, "19": {"0": {"Train_loss": 9.236643509211718e-05, "Test_loss": 0.015619859409828981, "Train_acc": 0.9172321329514186, "Test_acc": 0.9322340488433838}, "1": {"Train_loss": 2.118034418062648e-05, "Test_loss": 0.016016170072058838, "Train_acc": 0.919610843576234, "Test_acc": 0.9315563639005026}}}