{"0": {"0": {"Train_loss": 0.14587985830647604, "Test_loss": 13.202165412902833, "Train_acc": 0.9462008020099328, "Test_acc": 0.4416153907775879}, "1": {"Train_loss": 0.5872052816712127, "Test_loss": 10.306747436523438, "Train_acc": 0.0, "Test_acc": 0.41280420422554015}}, "1": {"0": {"Train_loss": 0.4984791409604403, "Test_loss": 8.726128005981446, "Train_acc": 0.835314929485321, "Test_acc": 0.41664391160011294}, "1": {"Train_loss": 0.687783382376846, "Test_loss": 9.420595169067383, "Train_acc": 0.0, "Test_acc": 0.40364439487457277}}, "2": {"0": {"Train_loss": 0.5922455374075442, "Test_loss": 8.874614715576172, "Train_acc": 0.8045090807943928, "Test_acc": 0.4037351369857788}, "1": {"Train_loss": 0.7535069432793832, "Test_loss": 9.079025840759277, "Train_acc": 0.0, "Test_acc": 0.397004634141922}}, "3": {"0": {"Train_loss": 0.6580185999675673, "Test_loss": 8.319404220581054, "Train_acc": 0.7850442632120482, "Test_acc": 0.3978895902633667}, "1": {"Train_loss": 0.7911347497482689, "Test_loss": 8.861100006103516, "Train_acc": 0.0, "Test_acc": 0.3873565375804901}}, "4": {"0": {"Train_loss": 0.7096159646705705, "Test_loss": 8.769037628173828, "Train_acc": 0.755508230048783, "Test_acc": 0.38367239236831663}, "1": {"Train_loss": 0.8352645288924782, "Test_loss": 7.708792304992675, "Train_acc": 0.0, "Test_acc": 0.37613471150398253}}, "5": {"0": {"Train_loss": 0.755576529064957, "Test_loss": 7.846317958831787, "Train_acc": 0.7340959821428571, "Test_acc": 0.3744814693927765}, "1": {"Train_loss": 0.8619240954214212, "Test_loss": 7.937960624694824, "Train_acc": 0.0, "Test_acc": 0.36986570358276366}}, "6": {"0": {"Train_loss": 0.7747064725476869, "Test_loss": 7.029538249969482, "Train_acc": 0.7171385294320632, "Test_acc": 0.36958569288253784}, "1": {"Train_loss": 0.8788932981539745, "Test_loss": 6.9263537406921385, "Train_acc": 0.0, "Test_acc": 0.3623919725418091}}, "7": {"0": {"Train_loss": 0.8316940421960792, "Test_loss": 7.749552249908447, "Train_acc": 0.7187025480124415, "Test_acc": 0.3632708787918091}, "1": {"Train_loss": 0.8901944938971071, "Test_loss": 7.7695880889892575, "Train_acc": 0.0, "Test_acc": 0.3564228415489197}}, "8": {"0": {"Train_loss": 0.8601512945428187, "Test_loss": 7.032519817352295, "Train_acc": 0.6978578263399552, "Test_acc": 0.3553875148296356}, "1": {"Train_loss": 0.929767651825535, "Test_loss": 7.235723876953125, "Train_acc": 0.0, "Test_acc": 0.34816786646842957}}, "9": {"0": {"Train_loss": 0.8863547705874151, "Test_loss": 7.271886157989502, "Train_acc": 0.68864264476056, "Test_acc": 0.3509610056877136}, "1": {"Train_loss": 0.9460170749498873, "Test_loss": 6.96616039276123, "Train_acc": 0.0, "Test_acc": 0.3440602540969849}}, "10": {"0": {"Train_loss": 0.9061904020455419, "Test_loss": 7.1357629776000975, "Train_acc": 0.6798412447073021, "Test_acc": 0.3428823292255402}, "1": {"Train_loss": 0.9872136195095218, "Test_loss": 6.804622554779053, "Train_acc": 0.0, "Test_acc": 0.34221861362457273}}, "11": {"0": {"Train_loss": 0.9705193219136219, "Test_loss": 6.684355545043945, "Train_acc": 0.6760242046142111, "Test_acc": 0.3413526713848114}, "1": {"Train_loss": 1.0452703791005271, "Test_loss": 6.459670925140381, "Train_acc": 0.0, "Test_acc": 0.33901582956314086}}, "12": {"0": {"Train_loss": 0.9958239781613253, "Test_loss": 6.501142787933349, "Train_acc": 0.6652905582165232, "Test_acc": 0.3382993996143341}, "1": {"Train_loss": 1.0462238703455244, "Test_loss": 6.831248950958252, "Train_acc": 0.0, "Test_acc": 0.33591070771217346}}, "13": {"0": {"Train_loss": 1.0185541145655574, "Test_loss": 6.2730615615844725, "Train_acc": 0.6621131714509458, "Test_acc": 0.33830631375312803}, "1": {"Train_loss": 1.0566077049897642, "Test_loss": 6.699790954589844, "Train_acc": 0.0, "Test_acc": 0.33383400440216066}}, "14": {"0": {"Train_loss": 1.0114660366457335, "Test_loss": 6.2363136291503904, "Train_acc": 0.6443015823558885, "Test_acc": 0.33265607953071596}, "1": {"Train_loss": 1.0487686730161005, "Test_loss": 6.695656204223633, "Train_acc": 0.0, "Test_acc": 0.3298828125}}, "15": {"0": {"Train_loss": 1.0200094300873426, "Test_loss": 6.389379501342773, "Train_acc": 0.6427052963753136, "Test_acc": 0.3306899905204773}, "1": {"Train_loss": 1.0585482728724578, "Test_loss": 6.384486865997315, "Train_acc": 0.0, "Test_acc": 0.3264907717704773}}, "16": {"0": {"Train_loss": 1.008345564409178, "Test_loss": 6.600398445129395, "Train_acc": 0.6405623634250797, "Test_acc": 0.3265694141387939}, "1": {"Train_loss": 1.0401215273506788, "Test_loss": 6.661392593383789, "Train_acc": 0.0, "Test_acc": 0.32305378913879396}}, "17": {"0": {"Train_loss": 1.018662158323794, "Test_loss": 6.033617115020752, "Train_acc": 0.6247190839173843, "Test_acc": 0.32095115184783934}, "1": {"Train_loss": 1.0569031639974944, "Test_loss": 6.650771522521973, "Train_acc": 0.0, "Test_acc": 0.32092522978782656}}, "18": {"0": {"Train_loss": 1.0020326765216128, "Test_loss": 6.855300521850586, "Train_acc": 0.6220086247337108, "Test_acc": 0.31867308616638185}, "1": {"Train_loss": 1.0408813260039504, "Test_loss": 6.820928955078125, "Train_acc": 0.0, "Test_acc": 0.3192261815071106}}, "19": {"0": {"Train_loss": 0.9923630551416047, "Test_loss": 6.550809383392334, "Train_acc": 0.6203155371607566, "Test_acc": 0.31909568309783937}, "1": {"Train_loss": 1.0396219808228162, "Test_loss": 6.863954544067383, "Train_acc": 0.0, "Test_acc": 0.3144997894763947}}}