{"0": {"0": {"Train_loss": 0.6256774493626186, "Test_loss": 0.7468154788017273, "Train_acc": 0.779209563318564, "Test_acc": 0.74873046875}, "1": {"Train_loss": 0.8153767299895384, "Test_loss": 0.7709025382995606, "Train_acc": 0.7278361119786088, "Test_acc": 0.7272815227508544}}, "1": {"0": {"Train_loss": 0.9746510909528149, "Test_loss": 0.8615082025527954, "Train_acc": 0.6967417549113838, "Test_acc": 0.6920500874519349}, "1": {"Train_loss": 1.0359781670327088, "Test_loss": 0.8562488198280335, "Train_acc": 0.6917687836958437, "Test_acc": 0.6984945416450501}}, "2": {"0": {"Train_loss": 1.0803295264438706, "Test_loss": 0.9161170840263366, "Train_acc": 0.6662320062822226, "Test_acc": 0.6733675003051758}, "1": {"Train_loss": 1.1217783202930374, "Test_loss": 0.9452080726623535, "Train_acc": 0.6503241925823445, "Test_acc": 0.6589091897010804}}, "3": {"0": {"Train_loss": 1.2034476448078544, "Test_loss": 0.9968945860862732, "Train_acc": 0.6424699346629941, "Test_acc": 0.6408185839653016}, "1": {"Train_loss": 1.2200828997456297, "Test_loss": 1.0465954303741456, "Train_acc": 0.615145165093091, "Test_acc": 0.6242965340614319}}, "4": {"0": {"Train_loss": 1.265085227635442, "Test_loss": 1.0860416650772096, "Train_acc": 0.6059053084071802, "Test_acc": 0.611654794216156}, "1": {"Train_loss": 1.2735636307268727, "Test_loss": 1.1174270391464234, "Train_acc": 0.5840337252130314, "Test_acc": 0.6030230164527893}}, "5": {"0": {"Train_loss": 1.2968230904365072, "Test_loss": 1.1798056364059448, "Train_acc": 0.577597333460438, "Test_acc": 0.5857983589172363}, "1": {"Train_loss": 1.3417003337217837, "Test_loss": 1.1523208618164062, "Train_acc": 0.5786412777949352, "Test_acc": 0.5879139542579651}}, "6": {"0": {"Train_loss": 1.371450322014945, "Test_loss": 1.188148522377014, "Train_acc": 0.5518251943344973, "Test_acc": 0.5718421578407288}, "1": {"Train_loss": 1.3762352928823354, "Test_loss": 1.2031368970870973, "Train_acc": 0.5595010324400298, "Test_acc": 0.5689314842224121}}, "7": {"0": {"Train_loss": 1.3868750881175607, "Test_loss": 1.2116203546524047, "Train_acc": 0.5436881227152688, "Test_acc": 0.5609841704368591}, "1": {"Train_loss": 1.382696848742816, "Test_loss": 1.229111123085022, "Train_acc": 0.5467402363310054, "Test_acc": 0.5601761221885682}}, "8": {"0": {"Train_loss": 1.389066642644454, "Test_loss": 1.2323572397232057, "Train_acc": 0.5417900419965083, "Test_acc": 0.5526894330978394}, "1": {"Train_loss": 1.4166921024419823, "Test_loss": 1.2556838274002076, "Train_acc": 0.5281827017969015, "Test_acc": 0.5439340829849243}}, "9": {"0": {"Train_loss": 1.4644055646293017, "Test_loss": 1.2457910060882569, "Train_acc": 0.5363937987356769, "Test_acc": 0.5465967178344726}, "1": {"Train_loss": 1.4861620080714324, "Test_loss": 1.251712942123413, "Train_acc": 0.5351201867570683, "Test_acc": 0.5465777039527893}}, "10": {"0": {"Train_loss": 1.4879926333622056, "Test_loss": 1.2599770069122314, "Train_acc": 0.5297619049646416, "Test_acc": 0.5351985931396485}, "1": {"Train_loss": 1.4995863826907412, "Test_loss": 1.287716794013977, "Train_acc": 0.5129145408163265, "Test_acc": 0.5231937885284423}}, "11": {"0": {"Train_loss": 1.5171307069914681, "Test_loss": 1.2795702934265136, "Train_acc": 0.5184379554524714, "Test_acc": 0.5295284867286683}, "1": {"Train_loss": 1.5027010489483268, "Test_loss": 1.304926300048828, "Train_acc": 0.4984264915086785, "Test_acc": 0.5090232610702514}}, "12": {"0": {"Train_loss": 1.5119098218119875, "Test_loss": 1.3079071760177612, "Train_acc": 0.5060871450268493, "Test_acc": 0.5065887689590454}, "1": {"Train_loss": 1.5278823120253426, "Test_loss": 1.3163275003433228, "Train_acc": 0.4987795340771578, "Test_acc": 0.5017906546592712}}, "13": {"0": {"Train_loss": 1.5370967789572112, "Test_loss": 1.3177239656448365, "Train_acc": 0.4976862398337345, "Test_acc": 0.5026107907295227}, "1": {"Train_loss": 1.5686119551561317, "Test_loss": 1.3317144632339477, "Train_acc": 0.4953724793633636, "Test_acc": 0.501928061246872}}, "14": {"0": {"Train_loss": 1.563214482093344, "Test_loss": 1.338610291481018, "Train_acc": 0.4884786505480202, "Test_acc": 0.4939271628856659}, "1": {"Train_loss": 1.5877906424658639, "Test_loss": 1.3348252534866334, "Train_acc": 0.4940855807187606, "Test_acc": 0.49671252965927126}}, "15": {"0": {"Train_loss": 1.578893013146459, "Test_loss": 1.3638947486877442, "Train_acc": 0.48658436597610005, "Test_acc": 0.48825618624687195}, "1": {"Train_loss": 1.6024070163162387, "Test_loss": 1.3548516511917115, "Train_acc": 0.485348715465896, "Test_acc": 0.4997925877571106}}, "16": {"0": {"Train_loss": 1.6107182928494044, "Test_loss": 1.3758598566055298, "Train_acc": 0.4812014090771578, "Test_acc": 0.4848390817642212}, "1": {"Train_loss": 1.616651007107326, "Test_loss": 1.401258373260498, "Train_acc": 0.4692852588332429, "Test_acc": 0.4715267241001129}}, "17": {"0": {"Train_loss": 1.6156874432855723, "Test_loss": 1.4041367530822755, "Train_acc": 0.4641490523912469, "Test_acc": 0.4659490823745728}, "1": {"Train_loss": 1.632280405686826, "Test_loss": 1.3895815134048461, "Train_acc": 0.46579658650622074, "Test_acc": 0.4777896821498871}}, "18": {"0": {"Train_loss": 1.625927100376207, "Test_loss": 1.39721782207489, "Train_acc": 0.464492605048783, "Test_acc": 0.4724842727184296}, "1": {"Train_loss": 1.629407740369135, "Test_loss": 1.453102135658264, "Train_acc": 0.4370292759671503, "Test_acc": 0.44715500473976133}}, "19": {"0": {"Train_loss": 1.60949138354282, "Test_loss": 1.46676607131958, "Train_acc": 0.43582968900398333, "Test_acc": 0.4400528907775879}, "1": {"Train_loss": 1.625605118517973, "Test_loss": 1.470798373222351, "Train_acc": 0.43244730939670484, "Test_acc": 0.4392655909061432}}}