{"0": {"0": {"Train_loss": 0.21613481823278932, "Test_loss": 1.6007535696029662, "Train_acc": 0.9257281039442334, "Test_acc": 0.656741738319397}, "1": {"Train_loss": 0.7985763501147835, "Test_loss": 1.0789055585861207, "Train_acc": 0.4806092083454132, "Test_acc": 0.6462743759155274}}, "1": {"0": {"Train_loss": 0.6991136767426316, "Test_loss": 1.0956724405288696, "Train_acc": 0.8099489795918368, "Test_acc": 0.6353576064109803}, "1": {"Train_loss": 0.9897395481868666, "Test_loss": 1.0733977794647216, "Train_acc": 0.45766710718067327, "Test_acc": 0.6341269731521606}}, "2": {"0": {"Train_loss": 0.8745166933049962, "Test_loss": 1.1149171590805054, "Train_acc": 0.7795398296142111, "Test_acc": 0.6154374599456787}, "1": {"Train_loss": 1.0531842021309599, "Test_loss": 1.1737156152725219, "Train_acc": 0.42527825856695367, "Test_acc": 0.6056536912918091}}, "3": {"0": {"Train_loss": 0.8935253656640345, "Test_loss": 1.2668763637542724, "Train_acc": 0.7427834971826903, "Test_acc": 0.576528799533844}, "1": {"Train_loss": 1.1219459017928766, "Test_loss": 1.2736627101898192, "Train_acc": 0.3671324557187606, "Test_acc": 0.5656768560409546}}, "4": {"0": {"Train_loss": 1.0079136101567014, "Test_loss": 1.2779263257980347, "Train_acc": 0.7198262117346939, "Test_acc": 0.558334481716156}, "1": {"Train_loss": 1.2149957868517662, "Test_loss": 1.2892458200454713, "Train_acc": 0.35610650510204084, "Test_acc": 0.5509852051734925}}, "5": {"0": {"Train_loss": 1.0750643878566974, "Test_loss": 1.3635281801223755, "Train_acc": 0.7003082487047935, "Test_acc": 0.531937050819397}, "1": {"Train_loss": 1.223709493267293, "Test_loss": 1.3496073484420776, "Train_acc": 0.3387941115972947, "Test_acc": 0.5298871278762818}}, "6": {"0": {"Train_loss": 1.1286576949820226, "Test_loss": 1.3652888536453247, "Train_acc": 0.6907001642548308, "Test_acc": 0.5240986227989197}, "1": {"Train_loss": 1.2603707070253334, "Test_loss": 1.3590195655822754, "Train_acc": 0.3428939656943691, "Test_acc": 0.5215025186538697}}, "7": {"0": {"Train_loss": 1.1758911974576054, "Test_loss": 1.351526927947998, "Train_acc": 0.6818076560691911, "Test_acc": 0.5243864059448242}, "1": {"Train_loss": 1.2892100543391949, "Test_loss": 1.3874444007873534, "Train_acc": 0.30999832980486813, "Test_acc": 0.5137228608131409}}, "8": {"0": {"Train_loss": 1.1909699172389752, "Test_loss": 1.4131958961486817, "Train_acc": 0.6646376185271204, "Test_acc": 0.49489681124687196}, "1": {"Train_loss": 1.2912048247395729, "Test_loss": 1.4534111022949219, "Train_acc": 0.28515625, "Test_acc": 0.47972293496131896}}, "9": {"0": {"Train_loss": 1.2090925428332115, "Test_loss": 1.479213809967041, "Train_acc": 0.656872570514679, "Test_acc": 0.4776462256908417}, "1": {"Train_loss": 1.3141774523014924, "Test_loss": 1.4422171115875244, "Train_acc": 0.27922284998455826, "Test_acc": 0.47511494159698486}}, "10": {"0": {"Train_loss": 1.250065338854887, "Test_loss": 1.4989416599273682, "Train_acc": 0.6505709430392907, "Test_acc": 0.46974989771842957}, "1": {"Train_loss": 1.3360477771077837, "Test_loss": 1.4966783761978149, "Train_acc": 0.25868561711846566, "Test_acc": 0.4595495700836182}}, "11": {"0": {"Train_loss": 1.2703198158011144, "Test_loss": 1.537371778488159, "Train_acc": 0.6247570459939995, "Test_acc": 0.4525909125804901}, "1": {"Train_loss": 1.3406900933810644, "Test_loss": 1.5352720260620116, "Train_acc": 0.25762458997113363, "Test_acc": 0.4559432029724121}}, "12": {"0": {"Train_loss": 1.2889099619826492, "Test_loss": 1.5402157306671143, "Train_acc": 0.6124214195475286, "Test_acc": 0.45182867646217345}, "1": {"Train_loss": 1.356258667245203, "Test_loss": 1.555264687538147, "Train_acc": 0.23510006678347684, "Test_acc": 0.44087907671928406}}, "13": {"0": {"Train_loss": 1.3261237837830369, "Test_loss": 1.610349464416504, "Train_acc": 0.5990589315793953, "Test_acc": 0.42567927241325376}, "1": {"Train_loss": 1.3632199983207547, "Test_loss": 1.6671827793121339, "Train_acc": 0.20361850106594515, "Test_acc": 0.41236690878868104}}, "14": {"0": {"Train_loss": 1.3076818828680077, "Test_loss": 1.6947858333587646, "Train_acc": 0.5764072373205301, "Test_acc": 0.3980123043060303}, "1": {"Train_loss": 1.3764590256068172, "Test_loss": 1.686726951599121, "Train_acc": 0.1880827108208014, "Test_acc": 0.40076655745506284}}, "15": {"0": {"Train_loss": 1.3566980532237463, "Test_loss": 1.6236680507659913, "Train_acc": 0.5880709430392907, "Test_acc": 0.4125362992286682}, "1": {"Train_loss": 1.4222012101387491, "Test_loss": 1.6154161930084228, "Train_acc": 0.19993622448979592, "Test_acc": 0.41115614771842957}}, "16": {"0": {"Train_loss": 1.3563445915981216, "Test_loss": 1.6686555862426757, "Train_acc": 0.5855635781677402, "Test_acc": 0.4059933304786682}, "1": {"Train_loss": 1.3976334588868278, "Test_loss": 1.7000138282775878, "Train_acc": 0.1893240555512662, "Test_acc": 0.3980062544345856}}, "17": {"0": {"Train_loss": 1.3681747499777346, "Test_loss": 1.7127443075180053, "Train_acc": 0.5768532862468642, "Test_acc": 0.40152792930603026}, "1": {"Train_loss": 1.4078448524280471, "Test_loss": 1.7532233953475953, "Train_acc": 0.16494320941214657, "Test_acc": 0.385285884141922}}, "18": {"0": {"Train_loss": 1.3886257847961114, "Test_loss": 1.7521385431289673, "Train_acc": 0.5612377767660179, "Test_acc": 0.3801377534866333}, "1": {"Train_loss": 1.4560015542166573, "Test_loss": 1.7217062950134276, "Train_acc": 0.167057671261077, "Test_acc": 0.3788094580173492}}, "19": {"0": {"Train_loss": 1.4273101796909256, "Test_loss": 1.7222352743148803, "Train_acc": 0.5688452836202116, "Test_acc": 0.38136062026023865}, "1": {"Train_loss": 1.487136536714982, "Test_loss": 1.7495465755462647, "Train_acc": 0.1587972242613228, "Test_acc": 0.37253352999687195}}}