{"0": {"Train_loss": 0.4740391667306858, "Test_loss": 0.5184572219848633, "Train_acc": 0.9002672764506653, "Test_acc": 0.827778446674347}, "1": {"Train_loss": 0.5585517640841209, "Test_loss": 0.635269033908844, "Train_acc": 0.83464819394936, "Test_acc": 0.7866755366325379}}