{"0": {"Train_loss": 0.9070907661514561, "Test_loss": 1.0311193704605102, "Train_acc": 0.9037917030118677, "Test_acc": 0.6094562411308289}, "1": {"Train_loss": 1.1911484609215945, "Test_loss": 1.296658420562744, "Train_acc": 0.11119745204509315, "Test_acc": 0.4569793939590454}}