{"0": {"Train_loss": 0.9570704476676718, "Test_loss": 0.9654495120048523, "Train_acc": 0.9138666295657193, "Test_acc": 0.6485152840614319}, "1": {"Train_loss": 1.212497353553772, "Test_loss": 1.1706787586212157, "Train_acc": 0.27374066134630626, "Test_acc": 0.5348537802696228}}