{"0": {"Train_loss": 0.8228881380853862, "Test_loss": 0.6552079081535339, "Train_acc": 0.9015106811140575, "Test_acc": 0.7937914848327636}, "1": {"Train_loss": 0.8200744885509297, "Test_loss": 0.8578167080879211, "Train_acc": 0.7916132363222413, "Test_acc": 0.7065222263336182}}