{"0": {"0": {"Train_loss": 0.0014980951110677174, "Test_loss": 0.06466977049907048, "Train_acc": 0.9916458596785863, "Test_acc": 0.59592205286026}, "1": {"Train_loss": 0.00215060629476472, "Test_loss": 0.067852683365345, "Train_acc": 0.9882818614614421, "Test_acc": 0.5888729492823283}}, "1": {"0": {"Train_loss": 0.0011060807106938835, "Test_loss": 0.04305073867241541, "Train_acc": 0.9944349358479182, "Test_acc": 0.7391289075215658}, "1": {"Train_loss": 0.0016592698189799257, "Test_loss": 0.05912914499640465, "Train_acc": 0.9908968446583584, "Test_acc": 0.6345402002334595}}, "2": {"0": {"Train_loss": 0.0010634412887156942, "Test_loss": 0.04055803517500559, "Train_acc": 0.9947057555119196, "Test_acc": 0.7566825350125631}, "1": {"Train_loss": 0.0014780222283724438, "Test_loss": 0.040626650055249534, "Train_acc": 0.99205341318558, "Test_acc": 0.7358211278915405}}, "3": {"0": {"Train_loss": 0.0009039702881030583, "Test_loss": 0.02842816524207592, "Train_acc": 0.9955417066812515, "Test_acc": 0.8203636407852173}, "1": {"Train_loss": 0.0011707102896942724, "Test_loss": 0.015147578281660875, "Train_acc": 0.9944436950930233, "Test_acc": 0.8991411129633585}}, "4": {"0": {"Train_loss": 0.0010684756077049922, "Test_loss": 0.027102777734398842, "Train_acc": 0.9945638010899226, "Test_acc": 0.8329329093297323}, "1": {"Train_loss": 0.0010824682675743603, "Test_loss": 0.01594087698807319, "Train_acc": 0.9950835119033682, "Test_acc": 0.8937613765398661}}, "5": {"0": {"Train_loss": 0.0008833553317041757, "Test_loss": 0.024744916707277298, "Train_acc": 0.9957695712645849, "Test_acc": 0.8452566067377726}, "1": {"Train_loss": 0.0010972048611588904, "Test_loss": 0.0141492805754145, "Train_acc": 0.9943653252618067, "Test_acc": 0.9076348940531412}}, "6": {"0": {"Train_loss": 0.0008057937089082164, "Test_loss": 0.01455305547763904, "Train_acc": 0.9959960927565893, "Test_acc": 0.9055111010869344}, "1": {"Train_loss": 0.0011012929989474602, "Test_loss": 0.014985385661323866, "Train_acc": 0.9947020709514618, "Test_acc": 0.9014694492022196}}, "7": {"0": {"Train_loss": 0.000726147943836016, "Test_loss": 0.015305695744852224, "Train_acc": 0.9966692835092544, "Test_acc": 0.8965124686559042}, "1": {"Train_loss": 0.0013233462939689193, "Test_loss": 0.012660669162869453, "Train_acc": 0.9933550881928411, "Test_acc": 0.9152198235193888}}, "8": {"0": {"Train_loss": 0.0007682677077051873, "Test_loss": 0.015599491695562998, "Train_acc": 0.9964427610238393, "Test_acc": 0.8949712713559469}, "1": {"Train_loss": 0.001089896909904602, "Test_loss": 0.015348591531316439, "Train_acc": 0.9945679851647081, "Test_acc": 0.8979701002438863}}, "9": {"0": {"Train_loss": 0.0007898082384296383, "Test_loss": 0.013142879121005535, "Train_acc": 0.9962695976098378, "Test_acc": 0.9137837886810303}, "1": {"Train_loss": 0.0013383065866194024, "Test_loss": 0.013429290304581324, "Train_acc": 0.993153040779048, "Test_acc": 0.9127568205197653}}, "10": {"0": {"Train_loss": 0.0007328415248290791, "Test_loss": 0.014107053168118, "Train_acc": 0.9966588805119196, "Test_acc": 0.9091667135556539}, "1": {"Train_loss": 0.0014596554753772016, "Test_loss": 0.012577886693179607, "Train_acc": 0.9925022032754175, "Test_acc": 0.9193486173947653}}, "11": {"0": {"Train_loss": 0.0007462710932789681, "Test_loss": 0.01319304263840119, "Train_acc": 0.9962904045979182, "Test_acc": 0.912975033124288}, "1": {"Train_loss": 0.002125760120869582, "Test_loss": 0.013221918605268002, "Train_acc": 0.9896961933579939, "Test_acc": 0.9111090501149496}}, "12": {"0": {"Train_loss": 0.0013790396760062626, "Test_loss": 0.013420971731344858, "Train_acc": 0.9927422275145849, "Test_acc": 0.9115267395973206}, "1": {"Train_loss": 0.0010555988079306252, "Test_loss": 0.016781568837662537, "Train_acc": 0.9949714675031859, "Test_acc": 0.8924974600474039}}, "13": {"0": {"Train_loss": 0.000912209325178992, "Test_loss": 0.014100118850668272, "Train_acc": 0.9951836337645849, "Test_acc": 0.9060757160186768}, "1": {"Train_loss": 0.0013266213033508894, "Test_loss": 0.015045791243513426, "Train_acc": 0.9933330468062697, "Test_acc": 0.9032533367474874}}, "14": {"0": {"Train_loss": 0.0013756986998487263, "Test_loss": 0.012876979385813078, "Train_acc": 0.9930560022592545, "Test_acc": 0.9140344063440958}, "1": {"Train_loss": 0.0010358953481170766, "Test_loss": 0.014931476985414823, "Train_acc": 0.9952071894859446, "Test_acc": 0.9018698732058207}}, "15": {"0": {"Train_loss": 0.000868368938730176, "Test_loss": 0.014767246010402838, "Train_acc": 0.9960521360238394, "Test_acc": 0.9000118176142374}, "1": {"Train_loss": 0.00120541132617228, "Test_loss": 0.014555421968301138, "Train_acc": 0.9941522571547278, "Test_acc": 0.9024510582288107}}, "16": {"0": {"Train_loss": 0.0009472238545034391, "Test_loss": 0.01340236080189546, "Train_acc": 0.9952369918425877, "Test_acc": 0.912964940071106}, "1": {"Train_loss": 0.001096874832251944, "Test_loss": 0.013684106369813284, "Train_acc": 0.9947804407826786, "Test_acc": 0.9110060532887777}}, "17": {"0": {"Train_loss": 0.0007009268849894094, "Test_loss": 0.014128648365537325, "Train_acc": 0.9970169534285863, "Test_acc": 0.9064559737841288}, "1": {"Train_loss": 0.002149591228426916, "Test_loss": 0.014606684756775698, "Train_acc": 0.989246790779048, "Test_acc": 0.900559147198995}}, "18": {"0": {"Train_loss": 0.0007413677226092356, "Test_loss": 0.015113182676335176, "Train_acc": 0.9965078651905059, "Test_acc": 0.8972780108451843}, "1": {"Train_loss": 0.0010487180697964504, "Test_loss": 0.01287748416264852, "Train_acc": 0.9949377929342205, "Test_acc": 0.9148078759511312}}, "19": {"0": {"Train_loss": 0.0008359303765852626, "Test_loss": 0.013092874238888422, "Train_acc": 0.9962890615065892, "Test_acc": 0.9147603511810303}, "1": {"Train_loss": 0.0011079129055423405, "Test_loss": 0.012979859486222267, "Train_acc": 0.9947804407826786, "Test_acc": 0.9137881199518839}}}