{"0": {"0": {"Train_loss": 0.002295345260063186, "Test_loss": 0.0020393040807296834, "Train_acc": 0.9878516962130864, "Test_acc": 0.9885268211364746}, "1": {"Train_loss": 0.0018965087606218354, "Test_loss": 0.0020202531401688852, "Train_acc": 0.990044572230043, "Test_acc": 0.988016943136851}}, "1": {"0": {"Train_loss": 0.0018148393971690287, "Test_loss": 0.0018413805325205128, "Train_acc": 0.9899883886178334, "Test_acc": 0.9900615215301514}, "1": {"Train_loss": 0.0015870756931313924, "Test_loss": 0.0017807033533851306, "Train_acc": 0.9919744308652549, "Test_acc": 0.9901810884475708}}, "2": {"0": {"Train_loss": 0.0017061841877875849, "Test_loss": 0.0016712992219254375, "Train_acc": 0.9907357434431712, "Test_acc": 0.9906477530797323}, "1": {"Train_loss": 0.0015312985613428313, "Test_loss": 0.0017617224560429652, "Train_acc": 0.9926369015512795, "Test_acc": 0.9902026851971945}}, "3": {"0": {"Train_loss": 0.0015240975480992347, "Test_loss": 0.001630068407393992, "Train_acc": 0.9925026168425878, "Test_acc": 0.9903222322463989}, "1": {"Train_loss": 0.0014252420825931918, "Test_loss": 0.0016059988993220031, "Train_acc": 0.9931199786991909, "Test_acc": 0.9902840654055277}}, "4": {"0": {"Train_loss": 0.0016134402598254383, "Test_loss": 0.0016178564013292391, "Train_acc": 0.991959634423256, "Test_acc": 0.991444985071818}, "1": {"Train_loss": 0.0013521903451403667, "Test_loss": 0.001762527662018935, "Train_acc": 0.9935687687890283, "Test_acc": 0.9901213049888611}}, "5": {"0": {"Train_loss": 0.0014814635990963627, "Test_loss": 0.001594851880023877, "Train_acc": 0.9930898964405059, "Test_acc": 0.9908105134963989}, "1": {"Train_loss": 0.0017142284185834356, "Test_loss": 0.0016414487035945058, "Train_acc": 0.990515403706452, "Test_acc": 0.9909351070721945}}, "6": {"0": {"Train_loss": 0.0014463585432774077, "Test_loss": 0.0016782028057302039, "Train_acc": 0.9930247922738393, "Test_acc": 0.9904036124547323}, "1": {"Train_loss": 0.0012710694051026527, "Test_loss": 0.0016481522858763735, "Train_acc": 0.9943206299995554, "Test_acc": 0.9901810884475708}}, "7": {"0": {"Train_loss": 0.0013640949022374117, "Test_loss": 0.0016207385148542623, "Train_acc": 0.9940872659285863, "Test_acc": 0.9907723466555277}, "1": {"Train_loss": 0.0013894468620178643, "Test_loss": 0.0016963686405991514, "Train_acc": 0.9931867153480135, "Test_acc": 0.9908105134963989}}, "8": {"0": {"Train_loss": 0.001446333221004655, "Test_loss": 0.0015510012938951452, "Train_acc": 0.9929700920979182, "Test_acc": 0.9911792476971945}, "1": {"Train_loss": 0.0012961232669426706, "Test_loss": 0.0016691230315094192, "Train_acc": 0.9940849080167967, "Test_acc": 0.9905282060305277}}, "9": {"0": {"Train_loss": 0.001876809624567007, "Test_loss": 0.0015133248137620587, "Train_acc": 0.9898346881071727, "Test_acc": 0.9915263652801514}, "1": {"Train_loss": 0.0012198734475532547, "Test_loss": 0.0016980068758130074, "Train_acc": 0.9947920739650726, "Test_acc": 0.9906311829884847}}, "10": {"0": {"Train_loss": 0.0013527506850853873, "Test_loss": 0.0015412470481048028, "Train_acc": 0.9938385943571727, "Test_acc": 0.9909783204396566}, "1": {"Train_loss": 0.001423996110980656, "Test_loss": 0.0016189709034127493, "Train_acc": 0.9928842567164322, "Test_acc": 0.9907341798146566}}, "11": {"0": {"Train_loss": 0.0015737647093677272, "Test_loss": 0.0015895702720930178, "Train_acc": 0.991808620095253, "Test_acc": 0.9908321301142374}, "1": {"Train_loss": 0.0012573193626253512, "Test_loss": 0.0016244198195636272, "Train_acc": 0.9940959287100825, "Test_acc": 0.9910380840301514}}, "12": {"0": {"Train_loss": 0.0015057165757752955, "Test_loss": 0.001512286369688809, "Train_acc": 0.9924375126759212, "Test_acc": 0.9911576509475708}, "1": {"Train_loss": 0.0013884909055597182, "Test_loss": 0.0017216513709475596, "Train_acc": 0.9932320230993731, "Test_acc": 0.9902408520380656}}, "13": {"0": {"Train_loss": 0.001329017883593527, "Test_loss": 0.0016577239924420912, "Train_acc": 0.9944231897592545, "Test_acc": 0.9905066092809042}, "1": {"Train_loss": 0.0013036004394084088, "Test_loss": 0.0016332410547571878, "Train_acc": 0.9940849080167967, "Test_acc": 0.9903488755226135}}, "14": {"0": {"Train_loss": 0.0013648986709692205, "Test_loss": 0.001566277991514653, "Train_acc": 0.9940664589405059, "Test_acc": 0.9907507499059042}, "1": {"Train_loss": 0.0013444456382221061, "Test_loss": 0.0015930657197410862, "Train_acc": 0.993456724388846, "Test_acc": 0.9903870423634847}}, "15": {"0": {"Train_loss": 0.001561539761799698, "Test_loss": 0.0015648814539114635, "Train_acc": 0.9922539462645849, "Test_acc": 0.9917705059051514}, "1": {"Train_loss": 0.0012646330362948556, "Test_loss": 0.001635521068237722, "Train_acc": 0.9944663489687031, "Test_acc": 0.9905879894892374}}, "16": {"0": {"Train_loss": 0.0014223272116699567, "Test_loss": 0.0016134854134482641, "Train_acc": 0.9936419397592544, "Test_acc": 0.9906909664471945}, "1": {"Train_loss": 0.0014129714681044348, "Test_loss": 0.0016730907761181395, "Train_acc": 0.993635505437851, "Test_acc": 0.9905714193979899}}, "17": {"0": {"Train_loss": 0.0013793981963923822, "Test_loss": 0.0016845688223838806, "Train_acc": 0.9938164462645849, "Test_acc": 0.9908321301142374}, "1": {"Train_loss": 0.0012992654700265747, "Test_loss": 0.0016896037850528955, "Train_acc": 0.9940732748344027, "Test_acc": 0.9905879894892374}}, "18": {"0": {"Train_loss": 0.0013608397974167019, "Test_loss": 0.0016251002865222592, "Train_acc": 0.9937409381071727, "Test_acc": 0.991444985071818}, "1": {"Train_loss": 0.0016783207127069734, "Test_loss": 0.0016041562582055728, "Train_acc": 0.9909415399206096, "Test_acc": 0.9901594718297323}}, "19": {"0": {"Train_loss": 0.0013506625778973102, "Test_loss": 0.0017078637223069866, "Train_acc": 0.9942382802565892, "Test_acc": 0.9908753236134847}, "1": {"Train_loss": 0.0016356997421725877, "Test_loss": 0.00150481592087696, "Train_acc": 0.9913009394859446, "Test_acc": 0.9910978674888611}}}