{"0": {"0": {"Train_loss": 0.0007293281218153424, "Test_loss": 0.07995195438464482, "Train_acc": 0.9966471344232559, "Test_acc": 0.5135062336921692}, "1": {"Train_loss": 0.0013118575001938332, "Test_loss": 0.08588718126217525, "Train_acc": 0.9933887627618067, "Test_acc": 0.4823981126149495}}, "1": {"0": {"Train_loss": 0.000821016211193637, "Test_loss": 0.08168959617614746, "Train_acc": 0.9958672275145849, "Test_acc": 0.5139131347338358}, "1": {"Train_loss": 0.0011536687264291185, "Test_loss": 0.0853697657585144, "Train_acc": 0.993871839909718, "Test_acc": 0.4826638499895732}}, "2": {"0": {"Train_loss": 0.0006302112863825945, "Test_loss": 0.0815596009294192, "Train_acc": 0.9973958323399226, "Test_acc": 0.5138317545255026}, "1": {"Train_loss": 0.0009764058576647898, "Test_loss": 0.08517345289389293, "Train_acc": 0.9955212812999199, "Test_acc": 0.4831521312395732}}, "3": {"0": {"Train_loss": 0.0006217968427032853, "Test_loss": 0.08060390502214432, "Train_acc": 0.9973203251759212, "Test_acc": 0.5139131347338358}, "1": {"Train_loss": 0.0011328552339771956, "Test_loss": 0.08503511796394984, "Train_acc": 0.9948141153516441, "Test_acc": 0.48303258419036865}}, "4": {"0": {"Train_loss": 0.0006828470366599503, "Test_loss": 0.08197103440761566, "Train_acc": 0.996842446923256, "Test_acc": 0.5137287775675455}, "1": {"Train_loss": 0.0009955694905988037, "Test_loss": 0.08438235769669215, "Train_acc": 0.9954992399133485, "Test_acc": 0.48327672481536865}}, "5": {"0": {"Train_loss": 0.000697201894945465, "Test_loss": 0.07991684973239899, "Train_acc": 0.9971028635899226, "Test_acc": 0.5137503743171692}, "1": {"Train_loss": 0.0010998194072805024, "Test_loss": 0.08498023450374603, "Train_acc": 0.9946683963824963, "Test_acc": 0.48295120398203534}}, "6": {"0": {"Train_loss": 0.0006077280988392886, "Test_loss": 0.08044792711734772, "Train_acc": 0.9974609365065893, "Test_acc": 0.5138101577758789}, "1": {"Train_loss": 0.0009541110467298181, "Test_loss": 0.08442543943723042, "Train_acc": 0.9956676127581761, "Test_acc": 0.4830923577149709}}, "7": {"0": {"Train_loss": 0.0006150685250759125, "Test_loss": 0.07939910888671875, "Train_acc": 0.9972656240065892, "Test_acc": 0.5139131347338358}, "1": {"Train_loss": 0.0009935020237302023, "Test_loss": 0.08467803647120793, "Train_acc": 0.9955665890512795, "Test_acc": 0.4827236334482829}}, "8": {"0": {"Train_loss": 0.0006264204853020298, "Test_loss": 0.0796363428235054, "Train_acc": 0.9974283844232559, "Test_acc": 0.5135876139005026}, "1": {"Train_loss": 0.0010400923397512465, "Test_loss": 0.08527797957261403, "Train_acc": 0.9952298433616243, "Test_acc": 0.48311396439870197}}, "9": {"0": {"Train_loss": 0.0006316784606800259, "Test_loss": 0.08065934975941975, "Train_acc": 0.9971354156732559, "Test_acc": 0.5137503743171692}, "1": {"Train_loss": 0.0009178457167481297, "Test_loss": 0.08497125407059987, "Train_acc": 0.9957123080204273, "Test_acc": 0.48319534460703534}}, "10": {"0": {"Train_loss": 0.0005839326481994552, "Test_loss": 0.0807283694545428, "Train_acc": 0.9974401305119197, "Test_acc": 0.5137287775675455}, "1": {"Train_loss": 0.0010979358103840836, "Test_loss": 0.08509808033704758, "Train_acc": 0.9950051420721514, "Test_acc": 0.48303258419036865}}, "11": {"0": {"Train_loss": 0.0005841792966142142, "Test_loss": 0.08005023499329884, "Train_acc": 0.9978411585092545, "Test_acc": 0.5138317545255026}, "1": {"Train_loss": 0.0009339181079071593, "Test_loss": 0.08469882359107335, "Train_acc": 0.995858026989575, "Test_acc": 0.48311396439870197}}, "12": {"0": {"Train_loss": 0.0006874221976128562, "Test_loss": 0.08111137648423512, "Train_acc": 0.9970169534285863, "Test_acc": 0.5137503743171692}, "1": {"Train_loss": 0.0010361036357012224, "Test_loss": 0.0861262505253156, "Train_acc": 0.9952745386238756, "Test_acc": 0.4829893708229065}}, "13": {"0": {"Train_loss": 0.0005772250600178571, "Test_loss": 0.08016861975193024, "Train_acc": 0.9975911448399226, "Test_acc": 0.5137503743171692}, "1": {"Train_loss": 0.0009517385082415722, "Test_loss": 0.0852079267303149, "Train_acc": 0.9958133317273239, "Test_acc": 0.48295120398203534}}, "14": {"0": {"Train_loss": 0.0005655599442737487, "Test_loss": 0.07997971028089523, "Train_acc": 0.9976783980925877, "Test_acc": 0.5138317545255026}, "1": {"Train_loss": 0.0008660287682593254, "Test_loss": 0.08461401363213857, "Train_acc": 0.9961274235412992, "Test_acc": 0.48292959729830426}}, "15": {"0": {"Train_loss": 0.0006669709509878885, "Test_loss": 0.07988602668046951, "Train_acc": 0.9973632802565893, "Test_acc": 0.5137503743171692}, "1": {"Train_loss": 0.001008504008621395, "Test_loss": 0.08585337549448013, "Train_acc": 0.9952635179305899, "Test_acc": 0.48311396439870197}}, "16": {"0": {"Train_loss": 0.0006176292168674991, "Test_loss": 0.07933460921049118, "Train_acc": 0.9973854293425878, "Test_acc": 0.5138317545255026}, "1": {"Train_loss": 0.0009720395213787861, "Test_loss": 0.08482021590073903, "Train_acc": 0.9957570032826786, "Test_acc": 0.4830923577149709}}, "17": {"0": {"Train_loss": 0.0005952395365360038, "Test_loss": 0.0788872167468071, "Train_acc": 0.9976236969232559, "Test_acc": 0.5139131347338358}, "1": {"Train_loss": 0.0010229772812855463, "Test_loss": 0.08583533515532811, "Train_acc": 0.9952745386238756, "Test_acc": 0.48352086544036865}}, "18": {"0": {"Train_loss": 0.0005686030531554327, "Test_loss": 0.07980787009000778, "Train_acc": 0.9976888010899226, "Test_acc": 0.5137287775675455}, "1": {"Train_loss": 0.0010127491881701581, "Test_loss": 0.0846952497959137, "Train_acc": 0.9956339381892105, "Test_acc": 0.48286982377370197}}, "19": {"0": {"Train_loss": 0.0005580905679380521, "Test_loss": 0.07920748988787334, "Train_acc": 0.9979388147592545, "Test_acc": 0.5138317545255026}, "1": {"Train_loss": 0.0009159120577507941, "Test_loss": 0.08570655683676402, "Train_acc": 0.9959033347409347, "Test_acc": 0.48327672481536865}}}