{"0": {"0": {"Train_loss": 0.0013438237712155873, "Test_loss": 0.005001334318270286, "Train_acc": 0.992882838845253, "Test_acc": 0.9722191095352173}, "1": {"Train_loss": 0.0018013978571679186, "Test_loss": 0.004114852442095677, "Train_acc": 0.989673539482314, "Test_acc": 0.9753180344899496}}, "1": {"0": {"Train_loss": 0.0011763502421672455, "Test_loss": 0.003862315866475304, "Train_acc": 0.9939141025145849, "Test_acc": 0.9784140785535177}, "1": {"Train_loss": 0.001403773279764272, "Test_loss": 0.004029183881357312, "Train_acc": 0.9928389489650726, "Test_acc": 0.9751221338907877}}, "2": {"0": {"Train_loss": 0.0009897650665758799, "Test_loss": 0.004008220741525292, "Train_acc": 0.9954323043425878, "Test_acc": 0.9761735995610555}, "1": {"Train_loss": 0.001356008586048245, "Test_loss": 0.00396378959218661, "Train_acc": 0.9931867153480135, "Test_acc": 0.9753777980804443}}, "3": {"0": {"Train_loss": 0.0009887282270938159, "Test_loss": 0.003625295590609312, "Train_acc": 0.995324245095253, "Test_acc": 0.9786531726519266}, "1": {"Train_loss": 0.001365580677821558, "Test_loss": 0.003224107359225551, "Train_acc": 0.9928389489650726, "Test_acc": 0.9801129897435507}}, "4": {"0": {"Train_loss": 0.0010429817518646208, "Test_loss": 0.0038215190482636294, "Train_acc": 0.9953672001759212, "Test_acc": 0.9763529300689697}, "1": {"Train_loss": 0.001282360265232173, "Test_loss": 0.0031208219782759747, "Train_acc": 0.9935908101755997, "Test_acc": 0.9794950683911642}}, "5": {"0": {"Train_loss": 0.0009802571788895876, "Test_loss": 0.003309740723731617, "Train_acc": 0.9954440504312515, "Test_acc": 0.9808122714360555}, "1": {"Train_loss": 0.00123708267798567, "Test_loss": 0.0035966667346656322, "Train_acc": 0.9940622541411169, "Test_acc": 0.9780784845352173}}, "6": {"0": {"Train_loss": 0.0009088561326886217, "Test_loss": 0.0039112321101129055, "Train_acc": 0.9959205855925878, "Test_acc": 0.9766186674435934}, "1": {"Train_loss": 0.001267072535922815, "Test_loss": 0.0035266905712584653, "Train_acc": 0.9936581593135307, "Test_acc": 0.9777263005574545}}, "7": {"0": {"Train_loss": 0.0009116106802442421, "Test_loss": 0.003591609032203754, "Train_acc": 0.9959648837645848, "Test_acc": 0.9786747892697653}, "1": {"Train_loss": 0.0016034716009644084, "Test_loss": 0.0035503626180191836, "Train_acc": 0.9919181024206096, "Test_acc": 0.977503776550293}}, "8": {"0": {"Train_loss": 0.0010061038396088407, "Test_loss": 0.003517224919050932, "Train_acc": 0.995421901345253, "Test_acc": 0.9796895186106364}, "1": {"Train_loss": 0.0015369377034748423, "Test_loss": 0.003688851992289225, "Train_acc": 0.9925022032754175, "Test_acc": 0.9777860840161642}}, "9": {"0": {"Train_loss": 0.001078027759407026, "Test_loss": 0.0035336401779204607, "Train_acc": 0.9949010680119197, "Test_acc": 0.9784090320269266}, "1": {"Train_loss": 0.0012341041904713574, "Test_loss": 0.003474408139785131, "Train_acc": 0.9940732748344027, "Test_acc": 0.9793971180915833}}, "10": {"0": {"Train_loss": 0.0010124337660575597, "Test_loss": 0.003662004213159283, "Train_acc": 0.9952161858479182, "Test_acc": 0.9786531726519266}, "1": {"Train_loss": 0.0011518786536882921, "Test_loss": 0.003678605736543735, "Train_acc": 0.9950051420721514, "Test_acc": 0.9771782557169596}}, "11": {"0": {"Train_loss": 0.0009466581963351927, "Test_loss": 0.0036573714266220727, "Train_acc": 0.9960611969232559, "Test_acc": 0.9789189298947653}, "1": {"Train_loss": 0.0011941983810112137, "Test_loss": 0.0032979358608524003, "Train_acc": 0.9941632778480135, "Test_acc": 0.9794187347094218}}, "12": {"0": {"Train_loss": 0.0009031260206635731, "Test_loss": 0.003797320260976752, "Train_acc": 0.9962461064259212, "Test_acc": 0.9778127272923788}, "1": {"Train_loss": 0.0011824432274744172, "Test_loss": 0.0036234175010273852, "Train_acc": 0.9942979761238756, "Test_acc": 0.977747917175293}}, "13": {"0": {"Train_loss": 0.00090190182478788, "Test_loss": 0.003600438552287718, "Train_acc": 0.9960729430119196, "Test_acc": 0.9771285653114319}, "1": {"Train_loss": 0.0015496396327166464, "Test_loss": 0.0033815898932516575, "Train_acc": 0.9918060580204273, "Test_acc": 0.9787460764249166}}, "14": {"0": {"Train_loss": 0.0009078673698240891, "Test_loss": 0.003608202561736107, "Train_acc": 0.9960286448399226, "Test_acc": 0.978983740011851}, "1": {"Train_loss": 0.0012364408557287193, "Test_loss": 0.003587260997543732, "Train_acc": 0.9940512334478313, "Test_acc": 0.9772978027661642}}, "15": {"0": {"Train_loss": 0.0010908931527713625, "Test_loss": 0.0033122932460779944, "Train_acc": 0.9948255608479182, "Test_acc": 0.9802858233451843}, "1": {"Train_loss": 0.001237166922033668, "Test_loss": 0.003556149390836557, "Train_acc": 0.9939165351719692, "Test_acc": 0.9780086080233256}}, "16": {"0": {"Train_loss": 0.0009894577635956618, "Test_loss": 0.0037837340108429394, "Train_acc": 0.9957474221785864, "Test_acc": 0.9771933754285177}, "1": {"Train_loss": 0.001244840283420515, "Test_loss": 0.0033752864692360163, "Train_acc": 0.9937708162028214, "Test_acc": 0.9793373545010885}}, "17": {"0": {"Train_loss": 0.0008564983193840211, "Test_loss": 0.003367481481594344, "Train_acc": 0.9963763147592545, "Test_acc": 0.9800251126289368}, "1": {"Train_loss": 0.0012089381434007324, "Test_loss": 0.0030828954186290503, "Train_acc": 0.9944100205240578, "Test_acc": 0.9805580576260885}}, "18": {"0": {"Train_loss": 0.0010925826320696312, "Test_loss": 0.0037129822885617614, "Train_acc": 0.9944245318571726, "Test_acc": 0.978148341178894}, "1": {"Train_loss": 0.0013163685974271584, "Test_loss": 0.003788324693838755, "Train_acc": 0.9936030558471022, "Test_acc": 0.9766301910082499}}, "19": {"0": {"Train_loss": 0.0013031484418509838, "Test_loss": 0.0036270862134794393, "Train_acc": 0.9930247922738393, "Test_acc": 0.9786315759023031}, "1": {"Train_loss": 0.001295786473904094, "Test_loss": 0.0032534776255488396, "Train_acc": 0.9938265321583584, "Test_acc": 0.980189323425293}}}