{"0": {"1": {"Train_loss": 0.18243381601511216, "Test_loss": 1.4510274648666381, "Train_acc": 0.9375132869700996, "Test_acc": 0.6409093260765075}, "0": {"Train_loss": 1.1297500461948162, "Test_loss": 1.3217776536941528, "Train_acc": 0.29420250243678386, "Test_acc": 0.5667182326316833}}, "1": {"1": {"Train_loss": 0.879636884952078, "Test_loss": 1.2885066270828247, "Train_acc": 0.8011456819213166, "Test_acc": 0.5597206830978394}, "0": {"Train_loss": 1.2507266913141524, "Test_loss": 1.3440738201141358, "Train_acc": 0.2551362062899434, "Test_acc": 0.5408038973808289}}, "2": {"1": {"Train_loss": 1.010657909573341, "Test_loss": 1.3825620412826538, "Train_acc": 0.7541473063887382, "Test_acc": 0.5308507323265076}, "0": {"Train_loss": 1.2635395563378626, "Test_loss": 1.4697021961212158, "Train_acc": 0.2433813927429063, "Test_acc": 0.5071090340614319}}, "3": {"1": {"Train_loss": 1.046691291794485, "Test_loss": 1.5449634790420532, "Train_acc": 0.7163887875420707, "Test_acc": 0.49706512689590454}, "0": {"Train_loss": 1.281020311676726, "Test_loss": 1.5621829748153686, "Train_acc": 0.234350325045537, "Test_acc": 0.4889475584030151}}, "4": {"1": {"Train_loss": 1.1167911850676244, "Test_loss": 1.63774573802948, "Train_acc": 0.678520180741135, "Test_acc": 0.47139017581939696}, "0": {"Train_loss": 1.3229485969154202, "Test_loss": 1.621280813217163, "Train_acc": 0.21878036932677639, "Test_acc": 0.47307021021842954}}, "5": {"1": {"Train_loss": 1.1842660149749444, "Test_loss": 1.6572791576385497, "Train_acc": 0.6674866378307343, "Test_acc": 0.45969908237457274}, "0": {"Train_loss": 1.3649275911097625, "Test_loss": 1.6644128084182739, "Train_acc": 0.2069572248325056, "Test_acc": 0.4573224902153015}}, "6": {"1": {"Train_loss": 1.2477005926930174, "Test_loss": 1.6068562030792237, "Train_acc": 0.6684129007008611, "Test_acc": 0.4687344431877136}, "0": {"Train_loss": 1.4210626641098334, "Test_loss": 1.6235848903656005, "Train_acc": 0.2202627702939267, "Test_acc": 0.4701275587081909}}, "7": {"1": {"Train_loss": 1.276757644147289, "Test_loss": 1.6839120864868165, "Train_acc": 0.6681984176441115, "Test_acc": 0.4572775483131409}, "0": {"Train_loss": 1.446510805159199, "Test_loss": 1.6605381965637207, "Train_acc": 0.20577661875559358, "Test_acc": 0.46245246529579165}}, "8": {"1": {"Train_loss": 1.3337803750622028, "Test_loss": 1.6728019714355469, "Train_acc": 0.6610198769034171, "Test_acc": 0.4606428027153015}, "0": {"Train_loss": 1.461116691024936, "Test_loss": 1.6915719747543334, "Train_acc": 0.2179262330945657, "Test_acc": 0.4605321824550629}}, "9": {"1": {"Train_loss": 1.344149267186924, "Test_loss": 1.6905834674835205, "Train_acc": 0.6512903151463489, "Test_acc": 0.4529158592224121}, "0": {"Train_loss": 1.4765320359444132, "Test_loss": 1.708727192878723, "Train_acc": 0.20022663093951285, "Test_acc": 0.44949875473976136}}, "10": {"1": {"Train_loss": 1.3918448102717498, "Test_loss": 1.7257555723190308, "Train_acc": 0.6511897171030239, "Test_acc": 0.43843767046928406}, "0": {"Train_loss": 1.5347553369950275, "Test_loss": 1.7218205213546753, "Train_acc": 0.17820320095942946, "Test_acc": 0.4360688626766205}}, "11": {"1": {"Train_loss": 1.4443265576751865, "Test_loss": 1.749712920188904, "Train_acc": 0.6307018344499626, "Test_acc": 0.4240968942642212}, "0": {"Train_loss": 1.556588245897877, "Test_loss": 1.7397337436676026, "Train_acc": 0.17481892312667807, "Test_acc": 0.4249559223651886}}, "12": {"1": {"Train_loss": 1.4801776701090288, "Test_loss": 1.7419532775878905, "Train_acc": 0.622067465465896, "Test_acc": 0.4319214940071106}, "0": {"Train_loss": 1.56979509519071, "Test_loss": 1.7398021697998047, "Train_acc": 0.19439003282055564, "Test_acc": 0.4345132768154144}}, "13": {"1": {"Train_loss": 1.5360382527721173, "Test_loss": 1.7539819002151489, "Train_acc": 0.6151034077819513, "Test_acc": 0.43643355965614317}, "0": {"Train_loss": 1.584873586284871, "Test_loss": 1.7601568937301635, "Train_acc": 0.2091001579347922, "Test_acc": 0.4328721284866333}}, "14": {"1": {"Train_loss": 1.5328196323647791, "Test_loss": 1.7549818992614745, "Train_acc": 0.6105878736291613, "Test_acc": 0.4349756300449371}, "0": {"Train_loss": 1.5788160781471097, "Test_loss": 1.7556103229522706, "Train_acc": 0.214335064346693, "Test_acc": 0.43438969254493714}}, "15": {"1": {"Train_loss": 1.5495868483368231, "Test_loss": 1.748628067970276, "Train_acc": 0.6134957330567496, "Test_acc": 0.4364007174968719}, "0": {"Train_loss": 1.5985964743458494, "Test_loss": 1.7458499670028687, "Train_acc": 0.2107780612244898, "Test_acc": 0.4325203955173492}}, "16": {"1": {"Train_loss": 1.566452987340032, "Test_loss": 1.7721038103103637, "Train_acc": 0.5949856505102041, "Test_acc": 0.42777585983276367}, "0": {"Train_loss": 1.6046449018984426, "Test_loss": 1.7537482738494874, "Train_acc": 0.2257425292414062, "Test_acc": 0.4245791256427765}}, "17": {"1": {"Train_loss": 1.5892300739580272, "Test_loss": 1.764109444618225, "Train_acc": 0.5777415876485863, "Test_acc": 0.4283159911632538}, "0": {"Train_loss": 1.6216154682392976, "Test_loss": 1.7521535158157349, "Train_acc": 0.22607469330636823, "Test_acc": 0.4225352585315704}}, "18": {"1": {"Train_loss": 1.6041210245112985, "Test_loss": 1.762729573249817, "Train_acc": 0.5570126492149976, "Test_acc": 0.42181882858276365}, "0": {"Train_loss": 1.6014464911149473, "Test_loss": 1.7932361364364624, "Train_acc": 0.22084358304130788, "Test_acc": 0.41187862753868104}}, "19": {"1": {"Train_loss": 1.6014968740696809, "Test_loss": 1.786976146697998, "Train_acc": 0.5623557458118517, "Test_acc": 0.4150814116001129}, "0": {"Train_loss": 1.6433441505140187, "Test_loss": 1.7801090955734253, "Train_acc": 0.21461598042930877, "Test_acc": 0.410420697927475}}}