{"0": {"1": {"Train_loss": 0.2896836436524683, "Test_loss": 0.7189991235733032, "Train_acc": 0.8961692938999254, "Test_acc": 0.7928538084030151}, "0": {"Train_loss": 0.7708751887691264, "Test_loss": 0.7876062154769897, "Train_acc": 0.7414984970676656, "Test_acc": 0.7295855164527894}}, "1": {"1": {"Train_loss": 0.8932273387908936, "Test_loss": 0.7787374258041382, "Train_acc": 0.7327046893080886, "Test_acc": 0.7253681540489196}, "0": {"Train_loss": 0.9814843146168456, "Test_loss": 0.8643608331680298, "Train_acc": 0.6927728683364635, "Test_acc": 0.6972258687019348}}, "2": {"1": {"Train_loss": 1.0458349725421594, "Test_loss": 0.8971743106842041, "Train_acc": 0.6860346818456844, "Test_acc": 0.6867585062980652}, "0": {"Train_loss": 1.0902812030850624, "Test_loss": 0.9292785048484802, "Train_acc": 0.662452927657536, "Test_acc": 0.6731989741325378}}, "3": {"1": {"Train_loss": 1.1234073724065508, "Test_loss": 0.9560381054878235, "Train_acc": 0.65739264476056, "Test_acc": 0.6644505262374878}, "0": {"Train_loss": 1.1705234512990834, "Test_loss": 0.9958757758140564, "Train_acc": 0.6420485608431757, "Test_acc": 0.647114384174347}}, "4": {"1": {"Train_loss": 1.1973053180441564, "Test_loss": 0.9941589117050171, "Train_acc": 0.6468203353638552, "Test_acc": 0.6508573055267334}, "0": {"Train_loss": 1.2216606857825298, "Test_loss": 1.0362740755081177, "Train_acc": 0.6325145017127601, "Test_acc": 0.6353057622909546}}, "5": {"1": {"Train_loss": 1.2613313380552797, "Test_loss": 1.0529832601547242, "Train_acc": 0.623938972852668, "Test_acc": 0.6310339450836182}, "0": {"Train_loss": 1.2964056280194496, "Test_loss": 1.0632755041122437, "Train_acc": 0.6105859754036884, "Test_acc": 0.6277145028114319}}, "6": {"1": {"Train_loss": 1.3096809484520737, "Test_loss": 1.0735177516937255, "Train_acc": 0.6176012815261374, "Test_acc": 0.6258011221885681}, "0": {"Train_loss": 1.3126471638679504, "Test_loss": 1.0887003898620606, "Train_acc": 0.6075737214818293, "Test_acc": 0.613348662853241}}, "7": {"1": {"Train_loss": 1.322825872168249, "Test_loss": 1.115555739402771, "Train_acc": 0.5986451500532578, "Test_acc": 0.6064409852027893}, "0": {"Train_loss": 1.3443401127445453, "Test_loss": 1.1199970483779906, "Train_acc": 0.5934842691129568, "Test_acc": 0.6018191695213317}}, "8": {"1": {"Train_loss": 1.3752965513540774, "Test_loss": 1.1455487251281737, "Train_acc": 0.5874009205370533, "Test_acc": 0.5963184475898743}, "0": {"Train_loss": 1.3872812475476946, "Test_loss": 1.178182554244995, "Train_acc": 0.5806950014464709, "Test_acc": 0.5807867765426635}}, "9": {"1": {"Train_loss": 1.4087224772998266, "Test_loss": 1.1888689279556275, "Train_acc": 0.5664897658387009, "Test_acc": 0.576306688785553}, "0": {"Train_loss": 1.4145016122837455, "Test_loss": 1.2041389703750611, "Train_acc": 0.5622266762110651, "Test_acc": 0.5680845499038696}}, "10": {"1": {"Train_loss": 1.4242405173729877, "Test_loss": 1.2044233798980712, "Train_acc": 0.5597914390417994, "Test_acc": 0.57310391664505}, "0": {"Train_loss": 1.4354414392490775, "Test_loss": 1.214745855331421, "Train_acc": 0.559466867422571, "Test_acc": 0.5666076064109802}}, "11": {"1": {"Train_loss": 1.4416637858565973, "Test_loss": 1.2663655996322631, "Train_acc": 0.5367164721294325, "Test_acc": 0.5500596284866333}, "0": {"Train_loss": 1.4654971020562308, "Test_loss": 1.2872218370437623, "Train_acc": 0.5252938227994102, "Test_acc": 0.5379779100418091}}, "12": {"1": {"Train_loss": 1.4575892029976358, "Test_loss": 1.331777811050415, "Train_acc": 0.5082148933897213, "Test_acc": 0.5177189946174622}, "0": {"Train_loss": 1.4712256995999082, "Test_loss": 1.3543798208236695, "Train_acc": 0.49608805593179195, "Test_acc": 0.5064055562019348}}, "13": {"1": {"Train_loss": 1.4792447892986997, "Test_loss": 1.3447376251220704, "Train_acc": 0.5011673198670757, "Test_acc": 0.5078505277633667}, "0": {"Train_loss": 1.4809458681515284, "Test_loss": 1.3656324386596679, "Train_acc": 0.4938938745430538, "Test_acc": 0.5026799321174622}}, "14": {"1": {"Train_loss": 1.4969571634214751, "Test_loss": 1.3525147914886475, "Train_acc": 0.505866967293681, "Test_acc": 0.5094778418540955}, "0": {"Train_loss": 1.487898633188131, "Test_loss": 1.3827521800994873, "Train_acc": 0.49998291718716525, "Test_acc": 0.4977340340614319}}, "15": {"1": {"Train_loss": 1.4859833048314464, "Test_loss": 1.3797943592071533, "Train_acc": 0.48529556941012947, "Test_acc": 0.49384765625}, "0": {"Train_loss": 1.4774295420062786, "Test_loss": 1.431586503982544, "Train_acc": 0.48142538265306123, "Test_acc": 0.4736086130142212}}, "16": {"1": {"Train_loss": 1.4882488177747142, "Test_loss": 1.4659162521362306, "Train_acc": 0.45088906099601667, "Test_acc": 0.456898158788681}, "0": {"Train_loss": 1.4823366440072352, "Test_loss": 1.4770169258117676, "Train_acc": 0.45036139476056003, "Test_acc": 0.4546002149581909}}, "17": {"1": {"Train_loss": 1.4734707316573785, "Test_loss": 1.495066499710083, "Train_acc": 0.4401971728217845, "Test_acc": 0.4483830571174622}, "0": {"Train_loss": 1.4712104468929523, "Test_loss": 1.5378017187118531, "Train_acc": 0.43778281430808863, "Test_acc": 0.43634713888168336}}, "18": {"1": {"Train_loss": 1.4877898875547915, "Test_loss": 1.5794196844100952, "Train_acc": 0.40634870012195745, "Test_acc": 0.42099695801734927}, "0": {"Train_loss": 1.4943694265521303, "Test_loss": 1.5528671026229859, "Train_acc": 0.4239477040816326, "Test_acc": 0.426335209608078}}, "19": {"1": {"Train_loss": 1.4972414106738812, "Test_loss": 1.557394552230835, "Train_acc": 0.4035642159228422, "Test_acc": 0.4195252001285553}, "0": {"Train_loss": 1.4998065549500135, "Test_loss": 1.619047212600708, "Train_acc": 0.39775039498903314, "Test_acc": 0.40081668496131895}}}