{"0": {"0": {"Train_loss": 0.41585693523591877, "Test_loss": 3.250679063796997, "Train_acc": 0.8536333064643704, "Test_acc": 0.4197498977184296}, "1": {"Train_loss": 0.8160477025168282, "Test_loss": 3.168546199798584, "Train_acc": 0.004623724489795918, "Test_acc": 0.3975646436214447}}, "1": {"0": {"Train_loss": 0.7462238140252172, "Test_loss": 3.402502489089966, "Train_acc": 0.761523247981558, "Test_acc": 0.39109253883361816}, "1": {"Train_loss": 0.9106467560845979, "Test_loss": 3.329813528060913, "Train_acc": 0.0042858661332984965, "Test_acc": 0.3830078125}}, "2": {"0": {"Train_loss": 0.843064910903269, "Test_loss": 3.3837096214294435, "Train_acc": 0.7461715711622822, "Test_acc": 0.37955095171928405}, "1": {"Train_loss": 0.9319737425872258, "Test_loss": 3.4285561561584474, "Train_acc": 0.003946109693877551, "Test_acc": 0.36715033650398254}}, "3": {"0": {"Train_loss": 0.9097451506828775, "Test_loss": 3.5193180561065676, "Train_acc": 0.7147792151996067, "Test_acc": 0.3665255129337311}, "1": {"Train_loss": 0.9948448331988587, "Test_loss": 3.418321943283081, "Train_acc": 0.0038075498067678846, "Test_acc": 0.36017872095108033}}, "4": {"0": {"Train_loss": 0.9612973867630472, "Test_loss": 3.520094108581543, "Train_acc": 0.6925261178795172, "Test_acc": 0.3564876616001129}, "1": {"Train_loss": 1.017625951037115, "Test_loss": 3.5636979579925536, "Train_acc": 0.003908148082923524, "Test_acc": 0.35243881344795225}}, "5": {"0": {"Train_loss": 1.001400039512284, "Test_loss": 3.5481479167938232, "Train_acc": 0.6740520985759034, "Test_acc": 0.3512150883674622}, "1": {"Train_loss": 1.0528020092419215, "Test_loss": 3.443697214126587, "Train_acc": 0.003706951530612245, "Test_acc": 0.34441890120506286}}, "6": {"0": {"Train_loss": 1.0280251375266485, "Test_loss": 3.5580135345458985, "Train_acc": 0.6543177542637806, "Test_acc": 0.34136476516723635}, "1": {"Train_loss": 1.058480176390434, "Test_loss": 3.466285753250122, "Train_acc": 0.00350765306122449, "Test_acc": 0.33505081534385683}}, "7": {"0": {"Train_loss": 1.057082632366492, "Test_loss": 3.425304651260376, "Train_acc": 0.6464445153061225, "Test_acc": 0.3416257619857788}, "1": {"Train_loss": 1.0880206361108897, "Test_loss": 3.4463366985321047, "Train_acc": 0.0034279336734693877, "Test_acc": 0.3305076420307159}}, "8": {"0": {"Train_loss": 1.0793950509051888, "Test_loss": 3.4904144287109373, "Train_acc": 0.6253226740019662, "Test_acc": 0.33811705112457274}, "1": {"Train_loss": 1.096024990081787, "Test_loss": 3.3852548599243164, "Train_acc": 0.0034886722557474765, "Test_acc": 0.32662126421928406}}, "9": {"0": {"Train_loss": 1.078679730697554, "Test_loss": 3.466441535949707, "Train_acc": 0.6070232780612245, "Test_acc": 0.3232482373714447}, "1": {"Train_loss": 1.0933871865272522, "Test_loss": 3.437364339828491, "Train_acc": 0.0033880739795918366, "Test_acc": 0.31936272978782654}}, "10": {"0": {"Train_loss": 1.0941292546233352, "Test_loss": 3.4480017185211183, "Train_acc": 0.5999168644146043, "Test_acc": 0.32227858901023865}, "1": {"Train_loss": 1.1124168378966195, "Test_loss": 3.4522610187530516, "Train_acc": 0.00335011236863781, "Test_acc": 0.31568376421928407}}, "11": {"0": {"Train_loss": 1.095503689075003, "Test_loss": 3.535623550415039, "Train_acc": 0.5808259686645196, "Test_acc": 0.3163155078887939}, "1": {"Train_loss": 1.1109690386421827, "Test_loss": 3.3859790325164796, "Train_acc": 0.0031489158163265306, "Test_acc": 0.31115355491638186}}, "12": {"0": {"Train_loss": 1.1220684671888546, "Test_loss": 3.417154836654663, "Train_acc": 0.5808031917834768, "Test_acc": 0.31003352999687195}, "1": {"Train_loss": 1.1685436623437064, "Test_loss": 3.4158238410949706, "Train_acc": 0.003389972062515361, "Test_acc": 0.31211023926734927}}, "13": {"0": {"Train_loss": 1.141123993056161, "Test_loss": 3.439073657989502, "Train_acc": 0.5701530612244898, "Test_acc": 0.30585418939590453}, "1": {"Train_loss": 1.1442151154790605, "Test_loss": 3.552572250366211, "Train_acc": 0.0031489158163265306, "Test_acc": 0.29740476608276367}}, "14": {"0": {"Train_loss": 1.134953532900129, "Test_loss": 3.5192539215087892, "Train_acc": 0.548902150319547, "Test_acc": 0.2935183882713318}, "1": {"Train_loss": 1.1005685378094108, "Test_loss": 3.524143362045288, "Train_acc": 0.002811057459829109, "Test_acc": 0.2869235694408417}}, "15": {"0": {"Train_loss": 1.1153262050784365, "Test_loss": 3.6527558326721192, "Train_acc": 0.5273095843743305, "Test_acc": 0.28293954133987426}, "1": {"Train_loss": 1.1273189101900374, "Test_loss": 3.441819095611572, "Train_acc": 0.0029496173469387753, "Test_acc": 0.2856021821498871}}, "16": {"0": {"Train_loss": 1.148923574661722, "Test_loss": 3.518731641769409, "Train_acc": 0.5335941296450946, "Test_acc": 0.2879390180110931}, "1": {"Train_loss": 1.1579636554328763, "Test_loss": 3.5043975830078127, "Train_acc": 0.0029097576530612247, "Test_acc": 0.287730747461319}}, "17": {"0": {"Train_loss": 1.1544036865234375, "Test_loss": 3.529367685317993, "Train_acc": 0.5318877551020408, "Test_acc": 0.28559526801109314}, "1": {"Train_loss": 1.1685900955784077, "Test_loss": 3.5034811019897463, "Train_acc": 0.002911655735984749, "Test_acc": 0.2892604053020477}}, "18": {"0": {"Train_loss": 1.1854617048283012, "Test_loss": 3.4802105903625487, "Train_acc": 0.5419494807720184, "Test_acc": 0.29154539108276367}, "1": {"Train_loss": 1.1686385882144072, "Test_loss": 3.518955039978027, "Train_acc": 0.0028698979591836736, "Test_acc": 0.28538699746131896}}, "19": {"0": {"Train_loss": 1.1649591971416862, "Test_loss": 3.5167912006378175, "Train_acc": 0.5307299260582242, "Test_acc": 0.28323251008987427}, "1": {"Train_loss": 1.1578333645450825, "Test_loss": 3.5891454219818115, "Train_acc": 0.002731338072074007, "Test_acc": 0.2798603415489197}}}