{"0": {"Test_loss": 0.09616025537252426, "Test_acc": 0.8139060735702515, "Train_loss": 0.6696650270296602, "Train_acc": 7.971938775510203e-05}, "1": {"Test_loss": 0.09871552884578705, "Test_acc": 0.6587864637374878, "Train_loss": 0.31657249176380586, "Train_acc": 0.7242546236636688}, "2": {"Test_loss": 0.09784631431102753, "Test_acc": 0.7949754595756531, "Train_loss": 0.9655928523564825, "Train_acc": 0.0474091199017605}, "3": {"Test_loss": 0.0971604824066162, "Test_acc": 0.6621318459510803, "Train_loss": 0.6683973454091013, "Train_acc": 0.4173030930818344}, "4": {"Test_loss": 0.09760969281196594, "Test_acc": 0.7815075397491456, "Train_loss": 1.25053406917319, "Train_acc": 0.03948102678571429}, "5": {"Test_loss": 0.09813441336154938, "Test_acc": 0.6548274993896485, "Train_loss": 0.9727449797245921, "Train_acc": 0.31462053574469623}, "6": {"Test_loss": 0.09757303893566131, "Test_acc": 0.7705389261245728, "Train_loss": 1.5049640384255623, "Train_acc": 0.04278938137755102}, "7": {"Test_loss": 0.09943892955780029, "Test_acc": 0.6467877149581909, "Train_loss": 1.2422092848894548, "Train_acc": 0.26132015306122447}, "8": {"Test_loss": 0.10242738276720047, "Test_acc": 0.7561851859092712, "Train_loss": 1.7459238274973266, "Train_acc": 0.04287707270598229}, "9": {"Test_loss": 0.10027247220277787, "Test_acc": 0.6476406931877137, "Train_loss": 1.4927000871726446, "Train_acc": 0.23561065051020408}, "10": {"Test_loss": 0.10273656100034714, "Test_acc": 0.7488678812980651, "Train_loss": 1.966134095678524, "Train_acc": 0.04855309312745017}, "11": {"Test_loss": 0.10146699994802474, "Test_acc": 0.6530766010284423, "Train_loss": 1.724194982830359, "Train_acc": 0.215389827836533}, "12": {"Test_loss": 0.10438567250967026, "Test_acc": 0.7450402736663818, "Train_loss": 2.182009980386617, "Train_acc": 0.05060586736214404}, "13": {"Test_loss": 0.10099249482154846, "Test_acc": 0.6555828213691711, "Train_loss": 1.947733031243694, "Train_acc": 0.20549665178571427}, "14": {"Test_loss": 0.1047051340341568, "Test_acc": 0.7463098049163819, "Train_loss": 2.3940882865263493, "Train_acc": 0.05385841835974431}, "15": {"Test_loss": 0.10070378482341766, "Test_acc": 0.6627307415008545, "Train_loss": 2.164503034280271, "Train_acc": 0.18896683678030968}, "16": {"Test_loss": 0.10641318261623382, "Test_acc": 0.7374498724937439, "Train_loss": 2.592186773309902, "Train_acc": 0.05469547194067617}, "17": {"Test_loss": 0.10048672258853912, "Test_acc": 0.6676645517349243, "Train_loss": 2.3653642377074884, "Train_acc": 0.18303970034633363}, "18": {"Test_loss": 0.10631604194641113, "Test_acc": 0.7359331727027894, "Train_loss": 2.775812358272319, "Train_acc": 0.05923150510204082}, "19": {"Test_loss": 0.10168466120958328, "Test_acc": 0.6627428412437439, "Train_loss": 2.5567630407761555, "Train_acc": 0.17627551018887636}, "20": {"Test_loss": 0.10663954764604569, "Test_acc": 0.7341295599937439, "Train_loss": 2.9529790294413663, "Train_acc": 0.06025589922709124}, "21": {"Test_loss": 0.10062092244625091, "Test_acc": 0.6720391988754273, "Train_loss": 2.740431622583039, "Train_acc": 0.16761399873969507}, "22": {"Test_loss": 0.10702500343322754, "Test_acc": 0.7276583194732666, "Train_loss": 3.124099095256961, "Train_acc": 0.062053571474187226}, "23": {"Test_loss": 0.10106710344552994, "Test_acc": 0.6759973049163819, "Train_loss": 2.9158242357020474, "Train_acc": 0.16597177932152943}, "24": {"Test_loss": 0.10797486752271652, "Test_acc": 0.7232188582420349, "Train_loss": 3.288348980095922, "Train_acc": 0.06358418367537004}, "25": {"Test_loss": 0.10195829719305038, "Test_acc": 0.6756135940551757, "Train_loss": 3.086666891769487, "Train_acc": 0.15748166452561105}, "26": {"Test_loss": 0.10827105194330215, "Test_acc": 0.7201007723808288, "Train_loss": 3.4459745263566774, "Train_acc": 0.06582031250760263}, "27": {"Test_loss": 0.10318883210420608, "Test_acc": 0.6706789255142211, "Train_loss": 3.245174524735431, "Train_acc": 0.15171396686714522}, "28": {"Test_loss": 0.10945166647434235, "Test_acc": 0.7179592490196228, "Train_loss": 3.599233932641088, "Train_acc": 0.0665776466912761}, "29": {"Test_loss": 0.10271788835525512, "Test_acc": 0.6753137111663818, "Train_loss": 3.4011882215130087, "Train_acc": 0.15165816327290876}, "30": {"Test_loss": 0.10910990238189697, "Test_acc": 0.7187016010284424, "Train_loss": 3.7532291935414683, "Train_acc": 0.06950334820668308}, "31": {"Test_loss": 0.10279155969619751, "Test_acc": 0.679330575466156, "Train_loss": 3.555767986239219, "Train_acc": 0.14436383929331692}, "32": {"Test_loss": 0.1111605629324913, "Test_acc": 0.7127644538879394, "Train_loss": 3.8881301977196516, "Train_acc": 0.07036830359423647}, "33": {"Test_loss": 0.10355997681617737, "Test_acc": 0.6797151565551758, "Train_loss": 3.701455110189866, "Train_acc": 0.14469467476010323}, "34": {"Test_loss": 0.11077111512422562, "Test_acc": 0.711944305896759, "Train_loss": 4.034621220462176, "Train_acc": 0.07088647959563806}, "35": {"Test_loss": 0.10368802100419998, "Test_acc": 0.6811143159866333, "Train_loss": 3.847413870753074, "Train_acc": 0.13847656251520526}, "36": {"Test_loss": 0.11160595417022705, "Test_acc": 0.7088002920150757, "Train_loss": 4.163926207289403, "Train_acc": 0.07281568878311284}, "37": {"Test_loss": 0.1044052854180336, "Test_acc": 0.6813096284866333, "Train_loss": 3.981812506305928, "Train_acc": 0.13766342473729531}, "38": {"Test_loss": 0.11263125538825988, "Test_acc": 0.7043150186538696, "Train_loss": 4.292683013847896, "Train_acc": 0.07295519771168427}, "39": {"Test_loss": 0.10500481724739075, "Test_acc": 0.682943856716156, "Train_loss": 4.109714899744306, "Train_acc": 0.13400829081632654}}