{"0": {"Test_loss": 0.0958074763417244, "Test_acc": 0.641248095035553, "Train_loss": 0.43738503495649417, "Train_acc": 9.964923469387755e-05}, "1": {"Test_loss": 0.1072190597653389, "Test_acc": 0.2990830659866333, "Train_loss": 0.20496797652877108, "Train_acc": 0.5007692920614262}, "2": {"Test_loss": 0.10052943080663682, "Test_acc": 0.5850508213043213, "Train_loss": 0.576814316669289, "Train_acc": 0.028328284440676168}, "3": {"Test_loss": 0.10979541093111038, "Test_acc": 0.33455475568771365, "Train_loss": 0.37724726525496466, "Train_acc": 0.30000398596938777}, "4": {"Test_loss": 0.10194597840309143, "Test_acc": 0.5671226859092713, "Train_loss": 0.7177620861603289, "Train_acc": 0.03489317602420948}, "5": {"Test_loss": 0.11049484014511109, "Test_acc": 0.36518943309783936, "Train_loss": 0.5309112984306958, "Train_acc": 0.23103475768347176}, "6": {"Test_loss": 0.10467922836542129, "Test_acc": 0.5551325678825378, "Train_loss": 0.8494439833626455, "Train_acc": 0.04287707270598229}, "7": {"Test_loss": 0.11317151337862015, "Test_acc": 0.3701370656490326, "Train_loss": 0.6719409449368107, "Train_acc": 0.2020926339437767}, "8": {"Test_loss": 0.10601128935813904, "Test_acc": 0.5616936922073364, "Train_loss": 0.9769086776947489, "Train_acc": 0.04759247448979592}, "9": {"Test_loss": 0.11472363620996476, "Test_acc": 0.3836118996143341, "Train_loss": 0.8026119300297329, "Train_acc": 0.18476163907622806}, "10": {"Test_loss": 0.10873598605394363, "Test_acc": 0.5553270220756531, "Train_loss": 1.093947241196827, "Train_acc": 0.052068718119847535}, "11": {"Test_loss": 0.1167561799287796, "Test_acc": 0.39047894477844236, "Train_loss": 0.9248738173319369, "Train_acc": 0.17397560589775748}, "12": {"Test_loss": 0.11032505333423615, "Test_acc": 0.5542467474937439, "Train_loss": 1.207969632683968, "Train_acc": 0.056321747448979595}, "13": {"Test_loss": 0.11779166460037231, "Test_acc": 0.40096532702445986, "Train_loss": 1.0401928275823593, "Train_acc": 0.16481186229051376}, "14": {"Test_loss": 0.1117278978228569, "Test_acc": 0.5407451272010804, "Train_loss": 1.311044305562973, "Train_acc": 0.0612404336772707}, "15": {"Test_loss": 0.1196453720331192, "Test_acc": 0.4095141410827637, "Train_loss": 1.1474531791648086, "Train_acc": 0.1558434311680648}, "16": {"Test_loss": 0.11294289231300354, "Test_acc": 0.5391765713691712, "Train_loss": 1.406851631038043, "Train_acc": 0.06606744260204081}, "17": {"Test_loss": 0.12139245122671127, "Test_acc": 0.41598451137542725, "Train_loss": 1.2518433770354913, "Train_acc": 0.1493343431122449}, "18": {"Test_loss": 0.1139057531952858, "Test_acc": 0.5367412209510803, "Train_loss": 1.4991725373024842, "Train_acc": 0.06745455995658223}, "19": {"Test_loss": 0.12230112999677659, "Test_acc": 0.42087942361831665, "Train_loss": 1.3434419212292652, "Train_acc": 0.14681521050479948}, "20": {"Test_loss": 0.11596625447273254, "Test_acc": 0.5340526461601257, "Train_loss": 1.5924514039438598, "Train_acc": 0.06844706631892798}, "21": {"Test_loss": 0.12297756224870682, "Test_acc": 0.42218698263168336, "Train_loss": 1.4388577682631356, "Train_acc": 0.14237085459943938}, "22": {"Test_loss": 0.11757216900587082, "Test_acc": 0.5277067184448242, "Train_loss": 1.675408394361029, "Train_acc": 0.07081074617346939}, "23": {"Test_loss": 0.12471047788858414, "Test_acc": 0.4261640965938568, "Train_loss": 1.5257874392733282, "Train_acc": 0.13973214287234811}, "24": {"Test_loss": 0.11862777173519135, "Test_acc": 0.5242040634155274, "Train_loss": 1.7620208245150897, "Train_acc": 0.0726084183825522}, "25": {"Test_loss": 0.12622627168893813, "Test_acc": 0.4300184965133667, "Train_loss": 1.611596559991642, "Train_acc": 0.13649154979051376}, "26": {"Test_loss": 0.12011552304029464, "Test_acc": 0.520474112033844, "Train_loss": 1.8359190328997008, "Train_acc": 0.07374840561414556}, "27": {"Test_loss": 0.12748770415782928, "Test_acc": 0.4281828999519348, "Train_loss": 1.6919790177929157, "Train_acc": 0.13213887118867465}, "28": {"Test_loss": 0.12183880358934403, "Test_acc": 0.5213780760765075, "Train_loss": 1.9126620420387812, "Train_acc": 0.07526705999459539}, "29": {"Test_loss": 0.12890952229499816, "Test_acc": 0.43151617646217344, "Train_loss": 1.7665341739751854, "Train_acc": 0.13423947708643214}, "30": {"Test_loss": 0.12339300662279129, "Test_acc": 0.5209684371948242, "Train_loss": 1.98852696406598, "Train_acc": 0.07634725765686254}, "31": {"Test_loss": 0.13058445751667022, "Test_acc": 0.4322386622428894, "Train_loss": 1.8435303672235839, "Train_acc": 0.13086734693117288}, "32": {"Test_loss": 0.12531245350837708, "Test_acc": 0.5189565420150757, "Train_loss": 2.060285755566188, "Train_acc": 0.07602838012484872}, "33": {"Test_loss": 0.13198284506797792, "Test_acc": 0.4321410059928894, "Train_loss": 1.9197486712008107, "Train_acc": 0.1279854910562233}, "34": {"Test_loss": 0.1263883739709854, "Test_acc": 0.5162679791450501, "Train_loss": 2.1332346109711393, "Train_acc": 0.07770248726770586}, "35": {"Test_loss": 0.1336856245994568, "Test_acc": 0.4335539937019348, "Train_loss": 1.9924210790468722, "Train_acc": 0.12825255103561342}, "36": {"Test_loss": 0.12758606374263765, "Test_acc": 0.5136641025543213, "Train_loss": 2.203354819088566, "Train_acc": 0.07801339284954023}, "37": {"Test_loss": 0.134644079208374, "Test_acc": 0.43549415469169617, "Train_loss": 2.0635411921812565, "Train_acc": 0.1253547512983181}, "38": {"Test_loss": 0.129306361079216, "Test_acc": 0.5087562203407288, "Train_loss": 2.2688833329142355, "Train_acc": 0.07849968112625029}, "39": {"Test_loss": 0.13575690388679504, "Test_acc": 0.4339964747428894, "Train_loss": 2.131804888953968, "Train_acc": 0.12637117349219565}}