{"0": {"1": {"Train_loss": 0.018307208520721416, "Test_loss": 0.031017766147851945, "Train_acc": 0.8744989067924266, "Test_acc": 0.791019082069397}, "0": {"Train_loss": 0.011969956445830817, "Test_loss": 0.03174991123378277, "Train_acc": 0.7737601740019662, "Test_acc": 0.774905800819397}}, "1": {"1": {"Train_loss": 0.004657624270386842, "Test_loss": 0.0335635706782341, "Train_acc": 0.7746560676973693, "Test_acc": 0.761365282535553}, "0": {"Train_loss": 0.0032026532690553945, "Test_loss": 0.03547109812498093, "Train_acc": 0.7445714893389721, "Test_acc": 0.7478014349937439}}, "2": {"1": {"Train_loss": 0.0024453776411008927, "Test_loss": 0.03700294569134712, "Train_acc": 0.7433586157098109, "Test_acc": 0.7418953895568847}, "0": {"Train_loss": 0.0022116512599477203, "Test_loss": 0.03744326084852219, "Train_acc": 0.7301062169123669, "Test_acc": 0.7331400394439698}}, "3": {"1": {"Train_loss": 0.0018270899867163781, "Test_loss": 0.03846513852477074, "Train_acc": 0.7224379711005152, "Test_acc": 0.7276721477508545}, "0": {"Train_loss": 0.001995473449137442, "Test_loss": 0.039404057711362836, "Train_acc": 0.7151702198447013, "Test_acc": 0.721898329257965}}, "4": {"1": {"Train_loss": 0.0015748033884494584, "Test_loss": 0.03983346372842789, "Train_acc": 0.7059075862777476, "Test_acc": 0.7159603118896485}, "0": {"Train_loss": 0.0016088138752597936, "Test_loss": 0.041501250863075254, "Train_acc": 0.6918162356834022, "Test_acc": 0.7042173624038697}}, "5": {"1": {"Train_loss": 0.0012794366891600419, "Test_loss": 0.042072007060050966, "Train_acc": 0.6945798409228422, "Test_acc": 0.7033514261245728}, "0": {"Train_loss": 0.0011988621904771319, "Test_loss": 0.043188735097646716, "Train_acc": 0.6837228196007865, "Test_acc": 0.6917770028114318}}, "6": {"1": {"Train_loss": 0.0010094106926734807, "Test_loss": 0.04342369139194489, "Train_acc": 0.6803480319830836, "Test_acc": 0.693228018283844}, "0": {"Train_loss": 0.0010744899883153563, "Test_loss": 0.0440605990588665, "Train_acc": 0.6768024174534545, "Test_acc": 0.6914451360702515}}, "7": {"1": {"Train_loss": 0.000965401984047981, "Test_loss": 0.045068603754043576, "Train_acc": 0.6654139337491016, "Test_acc": 0.6813225984573364}, "0": {"Train_loss": 0.0009518015342146843, "Test_loss": 0.045718911290168765, "Train_acc": 0.6625933853947387, "Test_acc": 0.6784905672073365}}, "8": {"1": {"Train_loss": 0.0008236040796001195, "Test_loss": 0.046053684502840045, "Train_acc": 0.6567890552841887, "Test_acc": 0.6728930473327637}, "0": {"Train_loss": 0.0008082007876435789, "Test_loss": 0.04774504378437996, "Train_acc": 0.6482970422627975, "Test_acc": 0.6650416493415833}}, "9": {"1": {"Train_loss": 0.0009120948035365008, "Test_loss": 0.048113156110048294, "Train_acc": 0.6345985939308089, "Test_acc": 0.6575299024581909}, "0": {"Train_loss": 0.0007236059036400473, "Test_loss": 0.04914666190743446, "Train_acc": 0.6312674624579293, "Test_acc": 0.6509998917579651}}, "10": {"1": {"Train_loss": 0.0007195536395278284, "Test_loss": 0.049081581830978396, "Train_acc": 0.629521228220998, "Test_acc": 0.6552509665489197}, "0": {"Train_loss": 0.0007542838967329233, "Test_loss": 0.04971358925104141, "Train_acc": 0.6276478226087532, "Test_acc": 0.6463720321655273}}, "11": {"1": {"Train_loss": 0.0006715892083534249, "Test_loss": 0.050060192495584487, "Train_acc": 0.6197214375953285, "Test_acc": 0.6426749110221863}, "0": {"Train_loss": 0.0006613175477357392, "Test_loss": 0.050133442133665086, "Train_acc": 0.6170261629990169, "Test_acc": 0.6375509858131408}}, "12": {"1": {"Train_loss": 0.0006031062809170737, "Test_loss": 0.051291877031326295, "Train_acc": 0.6090940839173843, "Test_acc": 0.6310218453407288}, "0": {"Train_loss": 0.0005587877064815019, "Test_loss": 0.051586785912513734, "Train_acc": 0.6116887604703709, "Test_acc": 0.6326431155204773}}, "13": {"1": {"Train_loss": 0.0005900696426634772, "Test_loss": 0.05200025513768196, "Train_acc": 0.6032935496495695, "Test_acc": 0.6269021391868591}, "0": {"Train_loss": 0.0006006977857062023, "Test_loss": 0.05262789055705071, "Train_acc": 0.5954089225554953, "Test_acc": 0.6167000770568848}}, "14": {"1": {"Train_loss": 0.0004936371878269414, "Test_loss": 0.05328591242432594, "Train_acc": 0.5952210128307343, "Test_acc": 0.6113626956939697}, "0": {"Train_loss": 0.000527840084218116, "Test_loss": 0.053740772604942325, "Train_acc": 0.5896235728750423, "Test_acc": 0.6123919725418091}}, "15": {"1": {"Train_loss": 0.0005202122425841054, "Test_loss": 0.05480589717626572, "Train_acc": 0.5776314990861076, "Test_acc": 0.5952641010284424}, "0": {"Train_loss": 0.0006145882739196056, "Test_loss": 0.055078421533107755, "Train_acc": 0.5808942999158587, "Test_acc": 0.5954594135284423}}, "16": {"1": {"Train_loss": 0.000502249245277644, "Test_loss": 0.05574198439717293, "Train_acc": 0.5702669462379144, "Test_acc": 0.5903562307357788}, "0": {"Train_loss": 0.0005169207327025087, "Test_loss": 0.05647490695118904, "Train_acc": 0.5722523386381111, "Test_acc": 0.5841070890426636}}, "17": {"1": {"Train_loss": 0.0004654248198731897, "Test_loss": 0.05723448395729065, "Train_acc": 0.555471407515662, "Test_acc": 0.5723961234092713}, "0": {"Train_loss": 0.00036344513634447846, "Test_loss": 0.05800900235772133, "Train_acc": 0.5563008687934097, "Test_acc": 0.5630349516868591}}, "18": {"1": {"Train_loss": 0.00044036655014437833, "Test_loss": 0.05805155336856842, "Train_acc": 0.5528046038686013, "Test_acc": 0.5652084469795227}, "0": {"Train_loss": 0.00039192916153055825, "Test_loss": 0.05799914449453354, "Train_acc": 0.5522237912732728, "Test_acc": 0.563796317577362}}, "19": {"1": {"Train_loss": 0.0003744723846689247, "Test_loss": 0.05928415954113007, "Train_acc": 0.5425872358740592, "Test_acc": 0.5539546489715577}, "0": {"Train_loss": 0.00044237605233116037, "Test_loss": 0.059474896639585495, "Train_acc": 0.5420576711090244, "Test_acc": 0.5545725584030151}}}