{"0": {"Test_loss": 0.09599449634552001, "Test_acc": 0.7338443756103515, "Train_loss": 0.08498533799940226, "Train_acc": 0.7950494262028713}, "1": {"Test_loss": 0.1071070596575737, "Test_acc": 0.28139604926109313, "Train_loss": 0.09582561056832878, "Train_acc": 0.3606704400510204}, "2": {"Test_loss": 0.09861071407794952, "Test_acc": 0.6255790233612061, "Train_loss": 0.08464718115877132, "Train_acc": 0.7129384568151163}, "3": {"Test_loss": 0.10633290559053421, "Test_acc": 0.32049916982650756, "Train_loss": 0.09337772052659064, "Train_acc": 0.4147201849489796}, "4": {"Test_loss": 0.10062315165996552, "Test_acc": 0.6169800877571106, "Train_loss": 0.08544177227482504, "Train_acc": 0.7107541454689843}, "5": {"Test_loss": 0.10583057403564453, "Test_acc": 0.3421235501766205, "Train_loss": 0.09187365520973595, "Train_acc": 0.4486447703473422}, "6": {"Test_loss": 0.10192238539457321, "Test_acc": 0.6082696676254272, "Train_loss": 0.08605316349742365, "Train_acc": 0.7003746811224489}, "7": {"Test_loss": 0.10554479956626892, "Test_acc": 0.3659698188304901, "Train_loss": 0.09072670249306426, "Train_acc": 0.4732979911626602}, "8": {"Test_loss": 0.10105377733707428, "Test_acc": 0.6026056051254273, "Train_loss": 0.08476049863562292, "Train_acc": 0.7021803253767441}, "9": {"Test_loss": 0.10535179078578949, "Test_acc": 0.3891065716743469, "Train_loss": 0.0905123669654131, "Train_acc": 0.4928531569181656}, "10": {"Test_loss": 0.10101094245910644, "Test_acc": 0.6154754877090454, "Train_loss": 0.0843441517529439, "Train_acc": 0.7123286033771477}, "11": {"Test_loss": 0.10499623715877533, "Test_acc": 0.40310944318771363, "Train_loss": 0.08966577144301667, "Train_acc": 0.5078603318151163}, "12": {"Test_loss": 0.1013476699590683, "Test_acc": 0.6101052641868592, "Train_loss": 0.08443433791399002, "Train_acc": 0.7139070471938775}, "13": {"Test_loss": 0.10333386659622193, "Test_acc": 0.42120609879493714, "Train_loss": 0.08777990230188078, "Train_acc": 0.5317761481416469}, "14": {"Test_loss": 0.10218779146671295, "Test_acc": 0.6090699315071106, "Train_loss": 0.0845439621076292, "Train_acc": 0.7153738840502135}, "15": {"Test_loss": 0.10198151916265488, "Test_acc": 0.4441466748714447, "Train_loss": 0.0861193804184393, "Train_acc": 0.5537946427963218}, "16": {"Test_loss": 0.10298017561435699, "Test_acc": 0.6068367958068848, "Train_loss": 0.08519784144448991, "Train_acc": 0.713317123906953}, "17": {"Test_loss": 0.10184678137302398, "Test_acc": 0.4586499214172363, "Train_loss": 0.08606542285759838, "Train_acc": 0.5621053889697912}, "18": {"Test_loss": 0.10303344577550888, "Test_acc": 0.605404794216156, "Train_loss": 0.0853765780600358, "Train_acc": 0.7123325892857143}, "19": {"Test_loss": 0.101878622174263, "Test_acc": 0.46571228504180906, "Train_loss": 0.08571095346492164, "Train_acc": 0.5675422512755102}, "20": {"Test_loss": 0.10214754492044449, "Test_acc": 0.6049484968185425, "Train_loss": 0.08440802972383644, "Train_acc": 0.7107501595604176}, "21": {"Test_loss": 0.10157720148563384, "Test_acc": 0.4764994144439697, "Train_loss": 0.08493234764556495, "Train_acc": 0.5808753188775511}, "22": {"Test_loss": 0.10141644924879074, "Test_acc": 0.610944414138794, "Train_loss": 0.08342996209251638, "Train_acc": 0.7161830356534646}, "23": {"Test_loss": 0.10156204104423523, "Test_acc": 0.4794351518154144, "Train_loss": 0.08462158936475005, "Train_acc": 0.585383450194281}, "24": {"Test_loss": 0.10200623869895935, "Test_acc": 0.6112054109573364, "Train_loss": 0.08399547127132513, "Train_acc": 0.7099011479591837}, "25": {"Test_loss": 0.10099688917398453, "Test_acc": 0.4873245656490326, "Train_loss": 0.08360799428607736, "Train_acc": 0.5971221300412197}, "26": {"Test_loss": 0.10286837518215179, "Test_acc": 0.6128327250480652, "Train_loss": 0.08440635904517708, "Train_acc": 0.7137436225098006}, "27": {"Test_loss": 0.10158107727766037, "Test_acc": 0.4922263860702515, "Train_loss": 0.08447506871758675, "Train_acc": 0.6008529976314428}, "28": {"Test_loss": 0.10305451303720474, "Test_acc": 0.6095780849456787, "Train_loss": 0.08496032172471893, "Train_acc": 0.7131935586126483}, "29": {"Test_loss": 0.10129607319831849, "Test_acc": 0.49432297348976134, "Train_loss": 0.08427955993280119, "Train_acc": 0.6025350765914333}, "30": {"Test_loss": 0.10313082337379456, "Test_acc": 0.6104500770568848, "Train_loss": 0.08476081114186317, "Train_acc": 0.7137874681122449}, "31": {"Test_loss": 0.10148327350616455, "Test_acc": 0.49495471715927125, "Train_loss": 0.08436010093713293, "Train_acc": 0.6058035714893925}, "32": {"Test_loss": 0.10313749611377716, "Test_acc": 0.610671317577362, "Train_loss": 0.08458013243365045, "Train_acc": 0.7151865433065259}, "33": {"Test_loss": 0.10102194547653198, "Test_acc": 0.5025779485702515, "Train_loss": 0.08364302288664847, "Train_acc": 0.6173389669583769}, "34": {"Test_loss": 0.10312267541885375, "Test_acc": 0.6061212301254273, "Train_loss": 0.08474672874625848, "Train_acc": 0.7142976723155197}, "35": {"Test_loss": 0.10167084634304047, "Test_acc": 0.5021743655204773, "Train_loss": 0.08435129446490687, "Train_acc": 0.6119339923773494}, "36": {"Test_loss": 0.10332517474889755, "Test_acc": 0.6061411142349243, "Train_loss": 0.08468427144143047, "Train_acc": 0.7131297831632653}, "37": {"Test_loss": 0.10196187645196915, "Test_acc": 0.5050055265426636, "Train_loss": 0.08450628984339383, "Train_acc": 0.6211495536322497}, "38": {"Test_loss": 0.10328522622585297, "Test_acc": 0.607748544216156, "Train_loss": 0.08506168900247739, "Train_acc": 0.7102359694485761}, "39": {"Test_loss": 0.10120469629764557, "Test_acc": 0.509321415424347, "Train_loss": 0.08366411506217353, "Train_acc": 0.6258928572036782}}