{"0": {"0": {"Train_loss": 0.018645628650045515, "Test_loss": 0.030109097063541413, "Train_acc": 0.8699947613842633, "Test_acc": 0.7946885347366333}, "1": {"Train_loss": 0.010990016927410449, "Test_loss": 0.03219535648822784, "Train_acc": 0.7756791333762967, "Test_acc": 0.7714886903762818}}, "1": {"0": {"Train_loss": 0.005341478785005759, "Test_loss": 0.03431906998157501, "Train_acc": 0.7649284047739846, "Test_acc": 0.7605330467224121}, "1": {"Train_loss": 0.0028107509382867386, "Test_loss": 0.035800518840551375, "Train_acc": 0.7481436772005898, "Test_acc": 0.7471091985702515}}, "2": {"0": {"Train_loss": 0.0022515872533775258, "Test_loss": 0.03701565712690354, "Train_acc": 0.74051149463167, "Test_acc": 0.7421555280685425}, "1": {"Train_loss": 0.0018881471193281515, "Test_loss": 0.03767377063632012, "Train_acc": 0.7257634078969761, "Test_acc": 0.7375207424163819}}, "3": {"0": {"Train_loss": 0.0015773618040245253, "Test_loss": 0.03977504000067711, "Train_acc": 0.7171062620318666, "Test_acc": 0.7244823336601257}, "1": {"Train_loss": 0.001462486473966998, "Test_loss": 0.04169136360287666, "Train_acc": 0.7055678300711573, "Test_acc": 0.7165929198265075}}, "4": {"0": {"Train_loss": 0.001248002365915751, "Test_loss": 0.04184356555342674, "Train_acc": 0.6960034017660179, "Test_acc": 0.7116772651672363}, "1": {"Train_loss": 0.0014197116721259924, "Test_loss": 0.04413270279765129, "Train_acc": 0.6748113309850499, "Test_acc": 0.6924795985221863}}, "5": {"0": {"Train_loss": 0.0010702440815702156, "Test_loss": 0.04504365399479866, "Train_acc": 0.6704704201951319, "Test_acc": 0.6898826360702515}, "1": {"Train_loss": 0.0010049805372991428, "Test_loss": 0.04583516716957092, "Train_acc": 0.6630356384783375, "Test_acc": 0.6709909081459046}}, "6": {"0": {"Train_loss": 0.0009771686983389817, "Test_loss": 0.04671763777732849, "Train_acc": 0.6547087589088751, "Test_acc": 0.6686800003051758}, "1": {"Train_loss": 0.0009405071513337673, "Test_loss": 0.04738262221217156, "Train_acc": 0.6428628369253508, "Test_acc": 0.658980917930603}}, "7": {"0": {"Train_loss": 0.0008283544721423971, "Test_loss": 0.049455920606851576, "Train_acc": 0.6339285714285714, "Test_acc": 0.6406111717224121}, "1": {"Train_loss": 0.0008083388098867192, "Test_loss": 0.048992598056793214, "Train_acc": 0.6331408680701742, "Test_acc": 0.6450065732002258}}, "8": {"0": {"Train_loss": 0.0008986452184570003, "Test_loss": 0.05105389803647995, "Train_acc": 0.6214354044320632, "Test_acc": 0.6336395502090454}, "1": {"Train_loss": 0.0007500640901841451, "Test_loss": 0.051097697019577025, "Train_acc": 0.6201409137978846, "Test_acc": 0.631633710861206}}, "9": {"0": {"Train_loss": 0.0008921387863145876, "Test_loss": 0.05092974305152893, "Train_acc": 0.6036636756390942, "Test_acc": 0.6275191903114319}, "1": {"Train_loss": 0.0006531354168201892, "Test_loss": 0.052897778898477556, "Train_acc": 0.6013138513175809, "Test_acc": 0.6151453614234924}}, "10": {"0": {"Train_loss": 0.0006065767196634291, "Test_loss": 0.052512145787477496, "Train_acc": 0.5987837101731982, "Test_acc": 0.6186601161956787}, "1": {"Train_loss": 0.0006667444505016034, "Test_loss": 0.05311834216117859, "Train_acc": 0.5899500427197437, "Test_acc": 0.6091174602508544}}, "11": {"0": {"Train_loss": 0.0005839478497141592, "Test_loss": 0.05279152542352676, "Train_acc": 0.5897203750756322, "Test_acc": 0.6139147162437439}, "1": {"Train_loss": 0.0008083360491805159, "Test_loss": 0.05310319066047668, "Train_acc": 0.5828531189840667, "Test_acc": 0.6123193740844727}}, "12": {"0": {"Train_loss": 0.0005569319990321005, "Test_loss": 0.05378584936261177, "Train_acc": 0.5885606475022375, "Test_acc": 0.6035450100898743}, "1": {"Train_loss": 0.0005027662976930031, "Test_loss": 0.05452486127614975, "Train_acc": 0.5817446398491762, "Test_acc": 0.5998539447784423}}, "13": {"0": {"Train_loss": 0.0004998642496279992, "Test_loss": 0.05472191497683525, "Train_acc": 0.5813061832165232, "Test_acc": 0.6046840429306031}, "1": {"Train_loss": 0.0004729798594632243, "Test_loss": 0.055618026107549665, "Train_acc": 0.5699993165171876, "Test_acc": 0.592127001285553}}, "14": {"0": {"Train_loss": 0.0005173779102232383, "Test_loss": 0.055971496552228925, "Train_acc": 0.5722504404126382, "Test_acc": 0.5951863288879394}, "1": {"Train_loss": 0.0005573527044046442, "Test_loss": 0.05627007484436035, "Train_acc": 0.567108539902434, "Test_acc": 0.5872251749038696}}, "15": {"0": {"Train_loss": 0.0004946411280222807, "Test_loss": 0.05624028518795967, "Train_acc": 0.5680917458874839, "Test_acc": 0.5858121871948242}, "1": {"Train_loss": 0.00040683199263092285, "Test_loss": 0.056383180618286136, "Train_acc": 0.5670762725022375, "Test_acc": 0.5869451761245728}}, "16": {"0": {"Train_loss": 0.0004980993247472168, "Test_loss": 0.0569170743227005, "Train_acc": 0.5605184040507492, "Test_acc": 0.58394376039505}, "1": {"Train_loss": 0.0003763537637756339, "Test_loss": 0.0572716236114502, "Train_acc": 0.561960945324022, "Test_acc": 0.5785078525543212}}, "17": {"0": {"Train_loss": 0.0003717113525323969, "Test_loss": 0.05846761465072632, "Train_acc": 0.5500808583230389, "Test_acc": 0.5668686032295227}, "1": {"Train_loss": 0.00038706585978709007, "Test_loss": 0.05807202011346817, "Train_acc": 0.550378856914384, "Test_acc": 0.569719648361206}}, "18": {"0": {"Train_loss": 0.0003556196393126774, "Test_loss": 0.05874935388565063, "Train_acc": 0.5483289300178995, "Test_acc": 0.5663215517997742}, "1": {"Train_loss": 0.00035119121561625173, "Test_loss": 0.05923289805650711, "Train_acc": 0.5477177476396367, "Test_acc": 0.5627160549163819}}, "19": {"0": {"Train_loss": 0.00032338489123800654, "Test_loss": 0.05952028259634971, "Train_acc": 0.543746963447454, "Test_acc": 0.5616288661956788}, "1": {"Train_loss": 0.0003027493188784895, "Test_loss": 0.060204267501831055, "Train_acc": 0.5395825742458811, "Test_acc": 0.55619295835495}}}