{"0": {"Test_loss": 0.0824939712882042, "Test_acc": 0.7789874911308289, "Train_loss": 0.0727803433808137, "Train_acc": 0.8248923788873517}, "1": {"Test_loss": 0.10156896114349365, "Test_acc": 0.495964115858078, "Train_loss": 0.09142724637474332, "Train_acc": 0.5610730231416469}, "2": {"Test_loss": 0.08352056294679641, "Test_acc": 0.7292795896530151, "Train_loss": 0.0710297311295052, "Train_acc": 0.794256218233887}, "3": {"Test_loss": 0.09959850460290909, "Test_acc": 0.5179670214653015, "Train_loss": 0.0877400174813003, "Train_acc": 0.5950972577747033}, "4": {"Test_loss": 0.08565069437026977, "Test_acc": 0.7205371975898742, "Train_loss": 0.07212717203917551, "Train_acc": 0.7840282208457285}, "5": {"Test_loss": 0.09710804671049118, "Test_acc": 0.5459191799163818, "Train_loss": 0.08450544070528478, "Train_acc": 0.6226682079081632}, "6": {"Test_loss": 0.08639621585607529, "Test_acc": 0.7101406931877137, "Train_loss": 0.07252067825471868, "Train_acc": 0.7746492347546986}, "7": {"Test_loss": 0.09405598789453506, "Test_acc": 0.5709165811538697, "Train_loss": 0.08119324552921617, "Train_acc": 0.6516262755102041}, "8": {"Test_loss": 0.08425509333610534, "Test_acc": 0.7090595602989197, "Train_loss": 0.07038077839403128, "Train_acc": 0.7736208545310157}, "9": {"Test_loss": 0.09367793649435044, "Test_acc": 0.5742429494857788, "Train_loss": 0.08021366869916721, "Train_acc": 0.6590282208457285}, "10": {"Test_loss": 0.08312492817640305, "Test_acc": 0.7029538869857788, "Train_loss": 0.06888004544438148, "Train_acc": 0.7706592794583769}, "11": {"Test_loss": 0.09352240562438965, "Test_acc": 0.5789235353469848, "Train_loss": 0.07947541134698051, "Train_acc": 0.6615712691326531}, "12": {"Test_loss": 0.08370742350816726, "Test_acc": 0.6984297156333923, "Train_loss": 0.06936682422398305, "Train_acc": 0.7694874043975558}, "13": {"Test_loss": 0.0930897131562233, "Test_acc": 0.5829983115196228, "Train_loss": 0.07907883081661195, "Train_acc": 0.6670240753767441}, "14": {"Test_loss": 0.08413566648960114, "Test_acc": 0.6941985249519348, "Train_loss": 0.06920798985781718, "Train_acc": 0.7661232461734694}, "15": {"Test_loss": 0.09171308726072311, "Test_acc": 0.5939617276191711, "Train_loss": 0.07808482027327528, "Train_acc": 0.6766661353865449}, "16": {"Test_loss": 0.08401833921670913, "Test_acc": 0.6943221092224121, "Train_loss": 0.06870422677650136, "Train_acc": 0.7670161033771477}, "17": {"Test_loss": 0.09106918275356293, "Test_acc": 0.6015581727027893, "Train_loss": 0.07704077372137381, "Train_acc": 0.6835857781828666}, "18": {"Test_loss": 0.08383468389511109, "Test_acc": 0.6910415530204773, "Train_loss": 0.06879580621512568, "Train_acc": 0.7627710459791884}, "19": {"Test_loss": 0.09064316153526306, "Test_acc": 0.604455029964447, "Train_loss": 0.076237325385517, "Train_acc": 0.6883729273567394}, "20": {"Test_loss": 0.08468043208122253, "Test_acc": 0.690109932422638, "Train_loss": 0.06961516059022776, "Train_acc": 0.7613042091228523}, "21": {"Test_loss": 0.09018761664628983, "Test_acc": 0.6028605461120605, "Train_loss": 0.07578271988551227, "Train_acc": 0.6917689731534646}, "22": {"Test_loss": 0.08505697548389435, "Test_acc": 0.6885482907295227, "Train_loss": 0.07016770520760697, "Train_acc": 0.7593989159379687}, "23": {"Test_loss": 0.0894409954547882, "Test_acc": 0.6101769924163818, "Train_loss": 0.0749549726214336, "Train_acc": 0.6948620856416469}, "24": {"Test_loss": 0.08459818363189697, "Test_acc": 0.6879623532295227, "Train_loss": 0.06985317835850376, "Train_acc": 0.7589166137028713}, "25": {"Test_loss": 0.088251231610775, "Test_acc": 0.6137574315071106, "Train_loss": 0.0740063581995818, "Train_acc": 0.7010403381926673}, "26": {"Test_loss": 0.08421890586614608, "Test_acc": 0.6854103326797485, "Train_loss": 0.06912111772262321, "Train_acc": 0.7592673788265306}, "27": {"Test_loss": 0.08937469273805618, "Test_acc": 0.6132890224456787, "Train_loss": 0.07420766593090125, "Train_acc": 0.7008529974489796}, "28": {"Test_loss": 0.08426847904920579, "Test_acc": 0.6843827724456787, "Train_loss": 0.06915575794267412, "Train_acc": 0.7589923468779545}, "29": {"Test_loss": 0.08944061696529389, "Test_acc": 0.6123314738273621, "Train_loss": 0.0752381363085338, "Train_acc": 0.6959861288873517}, "30": {"Test_loss": 0.08457723110914231, "Test_acc": 0.6822931051254273, "Train_loss": 0.06921984931948233, "Train_acc": 0.7589564733967489}, "31": {"Test_loss": 0.08955706506967545, "Test_acc": 0.6143044829368591, "Train_loss": 0.07495114165453279, "Train_acc": 0.7011519451530612}, "32": {"Test_loss": 0.08446234613656997, "Test_acc": 0.6824037313461304, "Train_loss": 0.06886336169376665, "Train_acc": 0.7606226084183674}, "33": {"Test_loss": 0.08908590972423554, "Test_acc": 0.6191803812980652, "Train_loss": 0.07476945825833448, "Train_acc": 0.7048110651726626}, "34": {"Test_loss": 0.08448773175477982, "Test_acc": 0.6808671474456787, "Train_loss": 0.06917728860007256, "Train_acc": 0.7574099171526578}, "35": {"Test_loss": 0.0888568788766861, "Test_acc": 0.6215500593185425, "Train_loss": 0.0744753397088878, "Train_acc": 0.7089923471212387}, "36": {"Test_loss": 0.08443503975868225, "Test_acc": 0.6775148630142211, "Train_loss": 0.06950457523367842, "Train_acc": 0.7545639349489796}, "37": {"Test_loss": 0.08906102180480957, "Test_acc": 0.6202416300773621, "Train_loss": 0.0749410552029707, "Train_acc": 0.706724330478785}, "38": {"Test_loss": 0.08451791107654572, "Test_acc": 0.6787057518959045, "Train_loss": 0.06919111910143069, "Train_acc": 0.7554807079081632}, "39": {"Test_loss": 0.08892274051904678, "Test_acc": 0.6246811032295227, "Train_loss": 0.07448840171706919, "Train_acc": 0.7091398278669435}}