{"0": {"1": {"Train_loss": 0.012189335503368353, "Test_loss": 0.06101977303624153, "Train_acc": 0.9184110030835989, "Test_acc": 0.5914537787437439}, "0": {"Train_loss": 0.010934776113349564, "Test_loss": 0.06133252084255218, "Train_acc": 0.2238026907553478, "Test_acc": 0.5537895798683167}}, "1": {"1": {"Train_loss": 0.0026511920387951695, "Test_loss": 0.06420485526323319, "Train_acc": 0.8414400359805749, "Test_acc": 0.5309985160827637}, "0": {"Train_loss": 0.0026017497875727713, "Test_loss": 0.06393569111824035, "Train_acc": 0.18116041060004914, "Test_acc": 0.5228290915489197}}, "2": {"1": {"Train_loss": 0.001134957385852895, "Test_loss": 0.06450700163841247, "Train_acc": 0.8296111974180961, "Test_acc": 0.5183835744857788}, "0": {"Train_loss": 0.0014846319313712266, "Test_loss": 0.0636980727314949, "Train_acc": 0.18514068576754356, "Test_acc": 0.519756805896759}}, "3": {"1": {"Train_loss": 0.0012904885931805307, "Test_loss": 0.0649883732199669, "Train_acc": 0.809662369441013, "Test_acc": 0.5082739949226379}, "0": {"Train_loss": 0.001050036167131965, "Test_loss": 0.06603398472070694, "Train_acc": 0.16189109579640992, "Test_acc": 0.500871992111206}}, "4": {"1": {"Train_loss": 0.0009345584673740502, "Test_loss": 0.06568944454193115, "Train_acc": 0.8047520348003933, "Test_acc": 0.4979742765426636}, "0": {"Train_loss": 0.0007770633662347587, "Test_loss": 0.0668487086892128, "Train_acc": 0.13351668797585428, "Test_acc": 0.4808222115039825}}, "5": {"1": {"Train_loss": 0.0006694204776253247, "Test_loss": 0.06732276231050491, "Train_acc": 0.7959677175599702, "Test_acc": 0.4772288084030151}, "0": {"Train_loss": 0.0009264167492059345, "Test_loss": 0.06703009158372879, "Train_acc": 0.11870027029392671, "Test_acc": 0.47257415056228635}}, "6": {"1": {"Train_loss": 0.0005691913467337739, "Test_loss": 0.06807101666927337, "Train_acc": 0.7829032284872872, "Test_acc": 0.468258261680603}, "0": {"Train_loss": 0.0006586181754792794, "Test_loss": 0.06943452656269074, "Train_acc": 0.10369404458573886, "Test_acc": 0.4553624510765076}}, "7": {"1": {"Train_loss": 0.0004450657419214139, "Test_loss": 0.07036448270082474, "Train_acc": 0.7711863767127601, "Test_acc": 0.45142335891723634}, "0": {"Train_loss": 0.00043825400554888634, "Test_loss": 0.07022674083709717, "Train_acc": 0.09523809526343735, "Test_acc": 0.44874170422554016}}, "8": {"1": {"Train_loss": 0.0004640286749737261, "Test_loss": 0.07134577631950378, "Train_acc": 0.7693186651687233, "Test_acc": 0.44370332956314085}, "0": {"Train_loss": 0.00043979057078772434, "Test_loss": 0.07109046280384064, "Train_acc": 0.07964726069904103, "Test_acc": 0.4454542279243469}}, "9": {"1": {"Train_loss": 0.0004938304853715877, "Test_loss": 0.07108123898506165, "Train_acc": 0.7608418367346939, "Test_acc": 0.44159464836120604}, "0": {"Train_loss": 0.0004458803064617499, "Test_loss": 0.07136900573968888, "Train_acc": 0.07525130589397586, "Test_acc": 0.4354552686214447}}, "10": {"1": {"Train_loss": 0.0003842278642042977, "Test_loss": 0.0718803122639656, "Train_acc": 0.7573569605545122, "Test_acc": 0.4324417531490326}, "0": {"Train_loss": 0.0003693935686154576, "Test_loss": 0.07169046849012375, "Train_acc": 0.07224474611635111, "Test_acc": 0.4299165189266205}}, "11": {"1": {"Train_loss": 0.00037071928031485985, "Test_loss": 0.07238190919160843, "Train_acc": 0.7452377159984744, "Test_acc": 0.42819759249687195}, "0": {"Train_loss": 0.00033819842406510546, "Test_loss": 0.07214735895395279, "Train_acc": 0.06571534865212683, "Test_acc": 0.42414183616638185}}, "12": {"1": {"Train_loss": 0.0002920066671118102, "Test_loss": 0.07266779839992524, "Train_acc": 0.7368899571652315, "Test_acc": 0.4210695505142212}, "0": {"Train_loss": 0.000301687651680906, "Test_loss": 0.07307325601577759, "Train_acc": 0.056891171679813037, "Test_acc": 0.41398040056228635}}, "13": {"1": {"Train_loss": 0.0002593051725927246, "Test_loss": 0.07341232746839524, "Train_acc": 0.7265814810383077, "Test_acc": 0.4126650631427765}, "0": {"Train_loss": 0.0002571724027654213, "Test_loss": 0.07283982932567597, "Train_acc": 0.05780414845414308, "Test_acc": 0.41625242233276366}}, "14": {"1": {"Train_loss": 0.0002644133300589379, "Test_loss": 0.07347566783428192, "Train_acc": 0.7278493989487084, "Test_acc": 0.4155169725418091}, "0": {"Train_loss": 0.00018514681631837002, "Test_loss": 0.07389151006937027, "Train_acc": 0.05328102223575115, "Test_acc": 0.40764052271842954}}, "15": {"1": {"Train_loss": 0.00029759658369881917, "Test_loss": 0.07501642405986786, "Train_acc": 0.7201374969920333, "Test_acc": 0.4054393649101257}, "0": {"Train_loss": 0.0001981064289088399, "Test_loss": 0.07539335936307907, "Train_acc": 0.047142629378608296, "Test_acc": 0.40055741667747496}}, "16": {"1": {"Train_loss": 0.00020592717310694066, "Test_loss": 0.07556732147932052, "Train_acc": 0.7165975765306123, "Test_acc": 0.399971479177475}, "0": {"Train_loss": 0.00017570720377321146, "Test_loss": 0.0759595587849617, "Train_acc": 0.04567351496341277, "Test_acc": 0.3977452635765076}}, "17": {"1": {"Train_loss": 0.00017575622338454752, "Test_loss": 0.0759904220700264, "Train_acc": 0.7177136479591837, "Test_acc": 0.39766748547554015}, "0": {"Train_loss": 0.00017655349163723426, "Test_loss": 0.07592742294073104, "Train_acc": 0.044415087496139566, "Test_acc": 0.3924726903438568}}, "18": {"1": {"Train_loss": 0.00019454750026295874, "Test_loss": 0.07593910992145539, "Train_acc": 0.7095974549955252, "Test_acc": 0.3929091215133667}, "0": {"Train_loss": 0.00018002557229994303, "Test_loss": 0.07652786821126938, "Train_acc": 0.04104409621534299, "Test_acc": 0.38661417961120603}}, "19": {"1": {"Train_loss": 0.000203535384385685, "Test_loss": 0.07671747803688049, "Train_acc": 0.7070084731189572, "Test_acc": 0.3862754046916962}, "0": {"Train_loss": 0.0002062700946318765, "Test_loss": 0.07667744010686875, "Train_acc": 0.03934341594006638, "Test_acc": 0.3854094624519348}}}