{"0": {"Test_loss": 0.09111815989017487, "Test_acc": 0.7989586234092713, "Train_loss": 0.07884718515739149, "Train_acc": 0.8525988520408163}, "1": {"Test_loss": 0.10581617653369904, "Test_acc": 0.5248669147491455, "Train_loss": 0.09101497735448029, "Train_acc": 0.6167091836734694}, "2": {"Test_loss": 0.0920100376009941, "Test_acc": 0.7422203421592712, "Train_loss": 0.07641285175115478, "Train_acc": 0.8140226404885856}, "3": {"Test_loss": 0.10532488524913788, "Test_acc": 0.5291888475418091, "Train_loss": 0.08891759945877961, "Train_acc": 0.6261678891522544}, "4": {"Test_loss": 0.09068985432386398, "Test_acc": 0.7318826079368591, "Train_loss": 0.07339912767008859, "Train_acc": 0.8125837052963218}, "5": {"Test_loss": 0.10268383473157883, "Test_acc": 0.5486328125, "Train_loss": 0.08569424101436625, "Train_acc": 0.6439413267130755}, "6": {"Test_loss": 0.09090985357761383, "Test_acc": 0.7258287787437439, "Train_loss": 0.07314920349388707, "Train_acc": 0.8058075573371382}, "7": {"Test_loss": 0.10156078636646271, "Test_acc": 0.5636710047721862, "Train_loss": 0.08411861005790379, "Train_acc": 0.6555883291424537}, "8": {"Test_loss": 0.09043231010437011, "Test_acc": 0.7140002727508545, "Train_loss": 0.0722871661110192, "Train_acc": 0.797560586917157}, "9": {"Test_loss": 0.09949304312467575, "Test_acc": 0.5814625978469848, "Train_loss": 0.08210885730020855, "Train_acc": 0.6703284440600142}, "10": {"Test_loss": 0.08941997587680817, "Test_acc": 0.7191043257713318, "Train_loss": 0.07148343818832417, "Train_acc": 0.8028938137755102}, "11": {"Test_loss": 0.09863475859165191, "Test_acc": 0.5900753617286683, "Train_loss": 0.08129566284466763, "Train_acc": 0.6744858099489796}, "12": {"Test_loss": 0.08986915946006775, "Test_acc": 0.7128024697303772, "Train_loss": 0.07198910282126494, "Train_acc": 0.7947903381926673}, "13": {"Test_loss": 0.09861104935407639, "Test_acc": 0.5924968838691711, "Train_loss": 0.08105208686724001, "Train_acc": 0.6806441326530612}, "14": {"Test_loss": 0.08923951387405396, "Test_acc": 0.7077960848808289, "Train_loss": 0.07107639920954802, "Train_acc": 0.7922791774783816}, "15": {"Test_loss": 0.09774082452058792, "Test_acc": 0.5998850584030151, "Train_loss": 0.08005523658832725, "Train_acc": 0.6871771365404129}, "16": {"Test_loss": 0.09002809226512909, "Test_acc": 0.7047626852989197, "Train_loss": 0.07188436043049608, "Train_acc": 0.7877830038873517}, "17": {"Test_loss": 0.09743152558803558, "Test_acc": 0.6013300299644471, "Train_loss": 0.07947259312685655, "Train_acc": 0.6920878507044851}, "18": {"Test_loss": 0.09023632854223251, "Test_acc": 0.7021000385284424, "Train_loss": 0.07157795895271156, "Train_acc": 0.7897720026726626}, "19": {"Test_loss": 0.09676310569047927, "Test_acc": 0.6053719520568848, "Train_loss": 0.07861072227967028, "Train_acc": 0.6961814414481727}, "20": {"Test_loss": 0.09018224030733109, "Test_acc": 0.6981289744377136, "Train_loss": 0.07160615510478312, "Train_acc": 0.7842594068877551}, "21": {"Test_loss": 0.09573093056678772, "Test_acc": 0.6093827724456787, "Train_loss": 0.0775650936958133, "Train_acc": 0.7038066007044851}, "22": {"Test_loss": 0.09085152000188827, "Test_acc": 0.6962026357650757, "Train_loss": 0.07269804134052626, "Train_acc": 0.7811702806122449}, "23": {"Test_loss": 0.09565983414649963, "Test_acc": 0.6115770220756531, "Train_loss": 0.07780138695878643, "Train_acc": 0.7041374362853109}, "24": {"Test_loss": 0.09013991206884384, "Test_acc": 0.6940023541450501, "Train_loss": 0.07242486196361025, "Train_acc": 0.7788265307947081}, "25": {"Test_loss": 0.09480942785739899, "Test_acc": 0.6173966407775879, "Train_loss": 0.07660780660808086, "Train_acc": 0.7079201212951115}, "26": {"Test_loss": 0.08949107825756072, "Test_acc": 0.6935339450836182, "Train_loss": 0.07146284546779126, "Train_acc": 0.7793008609085667}, "27": {"Test_loss": 0.09500873386859894, "Test_acc": 0.619147539138794, "Train_loss": 0.07648029284817832, "Train_acc": 0.7119658802236829}, "28": {"Test_loss": 0.08922958523035049, "Test_acc": 0.6934751749038697, "Train_loss": 0.07100599597455287, "Train_acc": 0.7767976723155197}, "29": {"Test_loss": 0.09412606507539749, "Test_acc": 0.6234634280204773, "Train_loss": 0.07578239156579485, "Train_acc": 0.7147560587951115}, "30": {"Test_loss": 0.09019706398248672, "Test_acc": 0.6930586218833923, "Train_loss": 0.07150889096819625, "Train_acc": 0.7783043685616279}, "31": {"Test_loss": 0.09441745281219482, "Test_acc": 0.6210289359092712, "Train_loss": 0.0757381192275456, "Train_acc": 0.7165138712342904}, "32": {"Test_loss": 0.09053331762552261, "Test_acc": 0.6906500577926635, "Train_loss": 0.07252078431145269, "Train_acc": 0.7716398278669435}, "33": {"Test_loss": 0.09383646249771119, "Test_acc": 0.6282675981521606, "Train_loss": 0.0750585105650279, "Train_acc": 0.7172791772350973}, "34": {"Test_loss": 0.0902816817164421, "Test_acc": 0.6878767967224121, "Train_loss": 0.07188164625240832, "Train_acc": 0.7743263712951115}, "35": {"Test_loss": 0.09317820817232132, "Test_acc": 0.6295172452926636, "Train_loss": 0.07449312762794447, "Train_acc": 0.7234175700922402}, "36": {"Test_loss": 0.09097733795642853, "Test_acc": 0.6856047749519348, "Train_loss": 0.07238983617601347, "Train_acc": 0.7745655294583769}, "37": {"Test_loss": 0.09306416064500808, "Test_acc": 0.6298162698745727, "Train_loss": 0.07450655193961396, "Train_acc": 0.7233936543367347}, "38": {"Test_loss": 0.09149527102708817, "Test_acc": 0.6830855965614319, "Train_loss": 0.0733929549020772, "Train_acc": 0.7673070792640958}, "39": {"Test_loss": 0.09304017126560211, "Test_acc": 0.6288794636726379, "Train_loss": 0.07446689801100566, "Train_acc": 0.7234454720604176}}