{"0": {"1": {"Train_loss": 0.0068305868070990755, "Test_loss": 0.09690215587615966, "Train_acc": 0.9557709243832803, "Test_acc": 0.4625414848327637}, "0": {"Train_loss": 0.012081759810751798, "Test_loss": 0.09324349313974381, "Train_acc": 0.0, "Test_acc": 0.43915929198265075}}, "1": {"1": {"Train_loss": 0.003409868127628401, "Test_loss": 0.08963684737682343, "Train_acc": 0.8856596210781409, "Test_acc": 0.44432124495506287}, "0": {"Train_loss": 0.0027307784137297043, "Test_loss": 0.09063341468572617, "Train_acc": 0.0, "Test_acc": 0.4369201123714447}}, "2": {"1": {"Train_loss": 0.0013676720756885348, "Test_loss": 0.08968132734298706, "Train_acc": 0.871796039902434, "Test_acc": 0.438020259141922}, "0": {"Train_loss": 0.0016724298689134267, "Test_loss": 0.08925290703773499, "Train_acc": 0.0, "Test_acc": 0.4319914937019348}}, "3": {"1": {"Train_loss": 0.0009811706864750202, "Test_loss": 0.08901095986366273, "Train_acc": 0.8549467781368567, "Test_acc": 0.4287956297397614}, "0": {"Train_loss": 0.0010268169084601865, "Test_loss": 0.0901569664478302, "Train_acc": 0.0, "Test_acc": 0.4237244188785553}}, "4": {"1": {"Train_loss": 0.0012616648954073234, "Test_loss": 0.08928109258413315, "Train_acc": 0.8263920527331683, "Test_acc": 0.42187586426734924}, "0": {"Train_loss": 0.0007975794314359296, "Test_loss": 0.0891045168042183, "Train_acc": 0.0, "Test_acc": 0.41808109879493716}}, "5": {"1": {"Train_loss": 0.0007780831092160803, "Test_loss": 0.08899910300970078, "Train_acc": 0.819853164711777, "Test_acc": 0.4155091941356659}, "0": {"Train_loss": 0.0006173829431051617, "Test_loss": 0.09022062122821808, "Train_acc": 0.0, "Test_acc": 0.40735273957252505}}, "6": {"1": {"Train_loss": 0.0005305278075179465, "Test_loss": 0.08999433368444443, "Train_acc": 0.80220101439223, "Test_acc": 0.40600542426109315}, "0": {"Train_loss": 0.0005838692794691734, "Test_loss": 0.09074393659830093, "Train_acc": 0.0, "Test_acc": 0.40090224146842957}}, "7": {"1": {"Train_loss": 0.0004391151442363554, "Test_loss": 0.08935306668281555, "Train_acc": 0.8004130222359482, "Test_acc": 0.40392267107963564}, "0": {"Train_loss": 0.0005173865659399984, "Test_loss": 0.09064661860466003, "Train_acc": 0.0, "Test_acc": 0.39699599146842957}}, "8": {"1": {"Train_loss": 0.0005914528143820258, "Test_loss": 0.08962697684764862, "Train_acc": 0.7882558156032952, "Test_acc": 0.4015789210796356}, "0": {"Train_loss": 0.0006904030760408056, "Test_loss": 0.09015251100063323, "Train_acc": 0.0, "Test_acc": 0.3969112992286682}}, "9": {"1": {"Train_loss": 0.00037234129766667526, "Test_loss": 0.09022516608238221, "Train_acc": 0.7785262544544376, "Test_acc": 0.3955380618572235}, "0": {"Train_loss": 0.0003727256389909747, "Test_loss": 0.09041407406330108, "Train_acc": 0.0, "Test_acc": 0.39210712909698486}}, "10": {"1": {"Train_loss": 0.0003851212481540457, "Test_loss": 0.09016093909740448, "Train_acc": 0.7725226252662892, "Test_acc": 0.39190576672554017}, "0": {"Train_loss": 0.0004389053436319287, "Test_loss": 0.09225664287805557, "Train_acc": 0.0, "Test_acc": 0.38540859818458556}}, "11": {"1": {"Train_loss": 0.00035206754902753103, "Test_loss": 0.09084081500768662, "Train_acc": 0.7601869988198183, "Test_acc": 0.3871793746948242}, "0": {"Train_loss": 0.00036970001606185143, "Test_loss": 0.0914007768034935, "Train_acc": 0.0, "Test_acc": 0.3830259621143341}}, "12": {"1": {"Train_loss": 0.0002683165190059559, "Test_loss": 0.09085488319396973, "Train_acc": 0.75418336963167, "Test_acc": 0.3840414106845856}, "0": {"Train_loss": 0.0002788550272994979, "Test_loss": 0.09066307097673416, "Train_acc": 0.0, "Test_acc": 0.3815291404724121}}, "13": {"1": {"Train_loss": 0.00025881673637017305, "Test_loss": 0.09199780374765396, "Train_acc": 0.7353695941214659, "Test_acc": 0.3711525142192841}, "0": {"Train_loss": 0.0002673977559220939, "Test_loss": 0.0928346112370491, "Train_acc": 0.0, "Test_acc": 0.3671356439590454}}, "14": {"1": {"Train_loss": 0.00025871013631516764, "Test_loss": 0.09280211180448532, "Train_acc": 0.7313266828352091, "Test_acc": 0.36904296875}, "0": {"Train_loss": 0.00032306161004698323, "Test_loss": 0.09295503497123718, "Train_acc": 0.0, "Test_acc": 0.36817097663879395}}, "15": {"1": {"Train_loss": 0.0002133697335197286, "Test_loss": 0.09205895364284515, "Train_acc": 0.7308085068148009, "Test_acc": 0.3706313967704773}, "0": {"Train_loss": 0.000215917495904937, "Test_loss": 0.09311405122280121, "Train_acc": 0.0, "Test_acc": 0.36445398926734923}}, "16": {"1": {"Train_loss": 0.0002935789843275193, "Test_loss": 0.0935599222779274, "Train_acc": 0.7168139578128347, "Test_acc": 0.35995575189590456}, "0": {"Train_loss": 0.0002587643451691719, "Test_loss": 0.0933233305811882, "Train_acc": 0.0, "Test_acc": 0.35594579577445984}}, "17": {"1": {"Train_loss": 0.0001663416709450349, "Test_loss": 0.09441040754318238, "Train_acc": 0.7077050689531832, "Test_acc": 0.3539995849132538}, "0": {"Train_loss": 0.00022151369461314563, "Test_loss": 0.09406171441078186, "Train_acc": 0.0, "Test_acc": 0.3541490912437439}}, "18": {"1": {"Train_loss": 0.0003106248595012941, "Test_loss": 0.09398627132177353, "Train_acc": 0.6975655221209234, "Test_acc": 0.3532252490520477}, "0": {"Train_loss": 0.00020871688335616029, "Test_loss": 0.0941450297832489, "Train_acc": 0.0, "Test_acc": 0.35150632858276365}}, "19": {"1": {"Train_loss": 0.00030062646380559144, "Test_loss": 0.09394540488719941, "Train_acc": 0.6902351342901891, "Test_acc": 0.34886355996131896}, "0": {"Train_loss": 0.00021763288755117136, "Test_loss": 0.09414023607969284, "Train_acc": 0.0, "Test_acc": 0.34837527871131896}}}