{"0": {"Test_loss": 0.09011791050434112, "Test_acc": 0.7340388178825379, "Train_loss": 0.08142414419170545, "Train_acc": 0.7845822703473422}, "1": {"Test_loss": 0.10411969870328903, "Test_acc": 0.30858683586120605, "Train_loss": 0.09369543993047305, "Train_acc": 0.3869260204385738}, "2": {"Test_loss": 0.09034349769353867, "Test_acc": 0.660152792930603, "Train_loss": 0.07832591338273213, "Train_acc": 0.7374123088559326}, "3": {"Test_loss": 0.10307700634002685, "Test_acc": 0.35858683586120604, "Train_loss": 0.09080649733695449, "Train_acc": 0.442562181122449}, "4": {"Test_loss": 0.09006247967481613, "Test_acc": 0.666278350353241, "Train_loss": 0.07723427655137315, "Train_acc": 0.7430165817542952}, "5": {"Test_loss": 0.1030094414949417, "Test_acc": 0.3708984375, "Train_loss": 0.09005147401167422, "Train_acc": 0.4663504463981609}, "6": {"Test_loss": 0.09053836166858673, "Test_acc": 0.6619296193122863, "Train_loss": 0.07677156941927209, "Train_acc": 0.749525669582036}, "7": {"Test_loss": 0.10236128866672516, "Test_acc": 0.3946064352989197, "Train_loss": 0.08890526859583903, "Train_acc": 0.4911152743259255}, "8": {"Test_loss": 0.09057525694370269, "Test_acc": 0.6629649519920349, "Train_loss": 0.07673908690256732, "Train_acc": 0.7497767857751068}, "9": {"Test_loss": 0.10114785581827164, "Test_acc": 0.4167069971561432, "Train_loss": 0.08762453310191631, "Train_acc": 0.5123086735910299}, "10": {"Test_loss": 0.09105876237154006, "Test_acc": 0.6656604290008545, "Train_loss": 0.07650870738589034, "Train_acc": 0.7548070790208116}, "11": {"Test_loss": 0.10152123123407364, "Test_acc": 0.4282624125480652, "Train_loss": 0.08728194324185654, "Train_acc": 0.5282286353865449}, "12": {"Test_loss": 0.09172421544790268, "Test_acc": 0.6613765239715577, "Train_loss": 0.0772897474163649, "Train_acc": 0.7479551978865449}, "13": {"Test_loss": 0.10139629244804382, "Test_acc": 0.43844977021217346, "Train_loss": 0.08669032160268754, "Train_acc": 0.542059949162055}, "14": {"Test_loss": 0.09195099920034408, "Test_acc": 0.6581936240196228, "Train_loss": 0.07739949271995195, "Train_acc": 0.7471540177963218}, "15": {"Test_loss": 0.10047254711389542, "Test_acc": 0.4521138668060303, "Train_loss": 0.08534018383646498, "Train_acc": 0.5600765307947081}, "16": {"Test_loss": 0.0924984484910965, "Test_acc": 0.6560590028762817, "Train_loss": 0.07745924835302392, "Train_acc": 0.7438695792640958}, "17": {"Test_loss": 0.10004246830940247, "Test_acc": 0.46557573676109315, "Train_loss": 0.08499868115296169, "Train_acc": 0.5680803571428571}, "18": {"Test_loss": 0.09230460226535797, "Test_acc": 0.6571133494377136, "Train_loss": 0.07729743181594781, "Train_acc": 0.7410156249391789}, "19": {"Test_loss": 0.10034517347812652, "Test_acc": 0.4779443800449371, "Train_loss": 0.08528867147254701, "Train_acc": 0.5773078762755102}, "20": {"Test_loss": 0.0925082266330719, "Test_acc": 0.6448294043540954, "Train_loss": 0.07686536188940613, "Train_acc": 0.7376474808065259}, "21": {"Test_loss": 0.10024477690458297, "Test_acc": 0.49200514554977415, "Train_loss": 0.08455319736837125, "Train_acc": 0.5944116708575463}, "22": {"Test_loss": 0.09273660778999329, "Test_acc": 0.6391463279724121, "Train_loss": 0.07716443275614661, "Train_acc": 0.7305923149901994}, "23": {"Test_loss": 0.15992927849292754, "Test_acc": 0.48502748012542723, "Train_loss": 0.14332528328713107, "Train_acc": 0.5476403061528595}, "24": {"Test_loss": 0.09222528636455536, "Test_acc": 0.6436445713043213, "Train_loss": 0.07662954816252601, "Train_acc": 0.7346340880102041}, "25": {"Test_loss": 0.16032996475696565, "Test_acc": 0.4860757768154144, "Train_loss": 0.14377233690145064, "Train_acc": 0.5496572067542952}, "26": {"Test_loss": 0.09203667938709259, "Test_acc": 0.644184696674347, "Train_loss": 0.07622158489361101, "Train_acc": 0.7371093749391789}, "27": {"Test_loss": 0.16067902743816376, "Test_acc": 0.48646640181541445, "Train_loss": 0.14368946690644538, "Train_acc": 0.5508250956024442}, "28": {"Test_loss": 0.09211496561765671, "Test_acc": 0.6458707809448242, "Train_loss": 0.07650299735215245, "Train_acc": 0.7382772640914333}, "29": {"Test_loss": 0.16060999631881714, "Test_acc": 0.48888792991638186, "Train_loss": 0.1441955901682377, "Train_acc": 0.5517219387146891}, "30": {"Test_loss": 0.09190242141485214, "Test_acc": 0.6444647073745727, "Train_loss": 0.0761112741441751, "Train_acc": 0.7393415177963218}, "31": {"Test_loss": 0.16061280071735382, "Test_acc": 0.4909317970275879, "Train_loss": 0.14372133471223772, "Train_acc": 0.5559829400510204}, "32": {"Test_loss": 0.17835233211517335, "Test_acc": 0.24310615956783294, "Train_loss": 0.15965185854203848, "Train_acc": 0.2769730548773493}, "33": {"Test_loss": 0.16061280071735382, "Test_acc": 0.4909317970275879, "Train_loss": 0.1441505787019827, "Train_acc": 0.5538823343053156}, "34": {"Test_loss": 0.17835233211517335, "Test_acc": 0.24310615956783294, "Train_loss": 0.1593001538849607, "Train_acc": 0.27734773606061935}, "35": {"Test_loss": 0.16061280071735382, "Test_acc": 0.4909317970275879, "Train_loss": 0.1437155421139026, "Train_acc": 0.5540377871722592}, "36": {"Test_loss": 0.17835233211517335, "Test_acc": 0.24310615956783294, "Train_loss": 0.15981164133670378, "Train_acc": 0.27883450261184145}, "37": {"Test_loss": 0.16061280071735382, "Test_acc": 0.4909317970275879, "Train_loss": 0.1438109602551071, "Train_acc": 0.5552774235910299}, "38": {"Test_loss": 0.17835233211517335, "Test_acc": 0.24310615956783294, "Train_loss": 0.1595437858177691, "Train_acc": 0.2787707270104058}, "39": {"Test_loss": 0.16061280071735382, "Test_acc": 0.4909317970275879, "Train_loss": 0.14329123040851283, "Train_acc": 0.5577168367346939}}