{"0": {"0": {"Train_loss": 0.012434165729970043, "Test_loss": 0.09604935348033905, "Train_acc": 0.9183768374579293, "Test_acc": 0.43893977999687195}, "1": {"Train_loss": 0.01194509576854049, "Test_loss": 0.09494219869375228, "Train_acc": 0.004743303571428571, "Test_acc": 0.4104405760765076}}, "1": {"0": {"Train_loss": 0.0027865588935852355, "Test_loss": 0.09213897585868835, "Train_acc": 0.8123899114375212, "Test_acc": 0.41028415560722353}, "1": {"Train_loss": 0.0019143459265956618, "Test_loss": 0.09329834580421448, "Train_acc": 0.004346604715576585, "Test_acc": 0.39263602495193484}}, "2": {"0": {"Train_loss": 0.0011134148267696478, "Test_loss": 0.09196077734231949, "Train_acc": 0.7800769860647163, "Test_acc": 0.39792242646217346}, "1": {"Train_loss": 0.0010259990819150163, "Test_loss": 0.09218205362558365, "Train_acc": 0.004583864795918368, "Test_acc": 0.38731160163879397}}, "3": {"0": {"Train_loss": 0.0007843793350823071, "Test_loss": 0.09118712246418, "Train_acc": 0.7612214532433724, "Test_acc": 0.39012375473976135}, "1": {"Train_loss": 0.0008068206364868626, "Test_loss": 0.09221646338701248, "Train_acc": 0.004464285714285714, "Test_acc": 0.37974021434783933}}, "4": {"0": {"Train_loss": 0.0006370263076767477, "Test_loss": 0.09255264103412628, "Train_acc": 0.741012588447454, "Test_acc": 0.380534428358078}, "1": {"Train_loss": 0.0007386487500019828, "Test_loss": 0.09315182566642762, "Train_acc": 0.0040068482761556395, "Test_acc": 0.3728593409061432}}, "5": {"0": {"Train_loss": 0.0005271623593550745, "Test_loss": 0.09242849200963973, "Train_acc": 0.7208246023071055, "Test_acc": 0.3727158784866333}, "1": {"Train_loss": 0.0005569223941740941, "Test_loss": 0.09318929761648179, "Train_acc": 0.004065688775510204, "Test_acc": 0.3645464599132538}}, "6": {"0": {"Train_loss": 0.0007287101827238744, "Test_loss": 0.09314741045236588, "Train_acc": 0.6967398566859109, "Test_acc": 0.3633486568927765}, "1": {"Train_loss": 0.0005526755267055705, "Test_loss": 0.09559366554021835, "Train_acc": 0.00390625, "Test_acc": 0.35486639142036436}}, "7": {"0": {"Train_loss": 0.000626653038162491, "Test_loss": 0.09488341212272644, "Train_acc": 0.682263195514679, "Test_acc": 0.3559207320213318}, "1": {"Train_loss": 0.00046545633278806143, "Test_loss": 0.09585600793361664, "Train_acc": 0.0038075498067678846, "Test_acc": 0.3493267774581909}}, "8": {"0": {"Train_loss": 0.0003812048796264987, "Test_loss": 0.0953851193189621, "Train_acc": 0.6676840380746492, "Test_acc": 0.34569448232650757}, "1": {"Train_loss": 0.0003891312368736811, "Test_loss": 0.09480475336313247, "Train_acc": 0.003667091836734694, "Test_acc": 0.3427518308162689}}, "9": {"0": {"Train_loss": 0.00047118506247025667, "Test_loss": 0.09494050890207291, "Train_acc": 0.6544885811757069, "Test_acc": 0.3426740527153015}, "1": {"Train_loss": 0.0004546267259034461, "Test_loss": 0.09596783518791199, "Train_acc": 0.003627232142857143, "Test_acc": 0.33602737784385683}}, "10": {"0": {"Train_loss": 0.0003616044879000045, "Test_loss": 0.09593679159879684, "Train_acc": 0.6437131774668791, "Test_acc": 0.33875483870506284}, "1": {"Train_loss": 0.0004433920946713461, "Test_loss": 0.09641613364219666, "Train_acc": 0.00350765306122449, "Test_acc": 0.33068307638168337}}, "11": {"0": {"Train_loss": 0.0004907208577995854, "Test_loss": 0.09682422131299973, "Train_acc": 0.6198713864598956, "Test_acc": 0.3260543406009674}, "1": {"Train_loss": 0.06270178544278047, "Test_loss": 0.18000466823577882, "Train_acc": 0.0027503188775510204, "Test_acc": 0.09997666627168655}}, "12": {"0": {"Train_loss": 0.001274008567569481, "Test_loss": 0.18000466823577882, "Train_acc": 0.19693725708187843, "Test_acc": 0.09997666627168655}, "1": {"Train_loss": 0.0009149748603908428, "Test_loss": 0.18000466823577882, "Train_acc": 0.002551020408163265, "Test_acc": 0.09997666627168655}}, "13": {"0": {"Train_loss": 0.0015339330318001286, "Test_loss": 0.18000466823577882, "Train_acc": 0.19930795975485627, "Test_acc": 0.09997666627168655}, "1": {"Train_loss": 0.0009035673506239729, "Test_loss": 0.18000466823577882, "Train_acc": 0.0007573341836734694, "Test_acc": 0.09997666627168655}}, "14": {"0": {"Train_loss": 0.0012658287125707104, "Test_loss": 0.18000466823577882, "Train_acc": 0.19829058860029494, "Test_acc": 0.09997666627168655}, "1": {"Train_loss": 0.0009140543264280436, "Test_loss": 0.18000466823577882, "Train_acc": 0.0008370535714285714, "Test_acc": 0.09997666627168655}}, "15": {"0": {"Train_loss": 0.0009156364189679532, "Test_loss": 0.18000466823577882, "Train_acc": 0.1976528334982541, "Test_acc": 0.09997666627168655}, "1": {"Train_loss": 0.0009248125650777535, "Test_loss": 0.18000466823577882, "Train_acc": 0.0028300382653061226, "Test_acc": 0.09997666627168655}}, "16": {"0": {"Train_loss": 0.001609346728850965, "Test_loss": 0.18000466823577882, "Train_acc": 0.1971365555512662, "Test_acc": 0.09997666627168655}, "1": {"Train_loss": 0.0009570883644022634, "Test_loss": 0.18000466823577882, "Train_acc": 0.0026705994897959183, "Test_acc": 0.09997666627168655}}, "17": {"0": {"Train_loss": 0.0010891908746433572, "Test_loss": 0.18000466823577882, "Train_acc": 0.198176703738923, "Test_acc": 0.09997666627168655}, "1": {"Train_loss": 0.0012746783301620063, "Test_loss": 0.18000466823577882, "Train_acc": 0.0007971938775510204, "Test_acc": 0.09997666627168655}}, "18": {"0": {"Train_loss": 0.0010411677958168022, "Test_loss": 0.18000466823577882, "Train_acc": 0.19890746474266052, "Test_acc": 0.09997666627168655}, "1": {"Train_loss": 0.0010441149375879945, "Test_loss": 0.18000466823577882, "Train_acc": 0.0027901785714285715, "Test_acc": 0.09997666627168655}}, "19": {"0": {"Train_loss": 0.0014146985242208866, "Test_loss": 0.18000466823577882, "Train_acc": 0.1973586310537494, "Test_acc": 0.09997666627168655}, "1": {"Train_loss": 0.0009059701076285848, "Test_loss": 0.18000466823577882, "Train_acc": 0.0009964923469387755, "Test_acc": 0.09997666627168655}}}