{"0": {"1": {"Train_loss": 0.09646489402773428, "Test_loss": 10.486185073852539, "Train_acc": 0.9653372509138924, "Test_acc": 0.46607611775398256}, "0": {"Train_loss": 0.7350827309550071, "Test_loss": 7.215328884124756, "Train_acc": 0.0, "Test_acc": 0.43292312026023866}}, "1": {"1": {"Train_loss": 0.537473300281836, "Test_loss": 8.322266006469727, "Train_acc": 0.8717561802085565, "Test_acc": 0.43693912625312803}, "0": {"Train_loss": 0.8823567428150956, "Test_loss": 6.6150213241577145, "Train_acc": 0.0, "Test_acc": 0.41872493624687196}}, "2": {"1": {"Train_loss": 0.6813785762202983, "Test_loss": 6.706956100463867, "Train_acc": 0.834335519951217, "Test_acc": 0.42038509249687195}, "0": {"Train_loss": 0.9216002542145398, "Test_loss": 6.268479251861573, "Train_acc": 0.0, "Test_acc": 0.4091494381427765}}, "3": {"1": {"Train_loss": 0.7524246330163917, "Test_loss": 6.832940292358399, "Train_acc": 0.7889087559009085, "Test_acc": 0.4053607225418091}, "0": {"Train_loss": 0.9374826331527866, "Test_loss": 5.865907096862793, "Train_acc": 0.0, "Test_acc": 0.39296615719795225}}, "4": {"1": {"Train_loss": 0.7988950537175549, "Test_loss": 6.20218505859375, "Train_acc": 0.7756772351508238, "Test_acc": 0.3977513134479523}, "0": {"Train_loss": 0.9651903540504222, "Test_loss": 6.005026626586914, "Train_acc": 0.0, "Test_acc": 0.3922574996948242}}, "5": {"1": {"Train_loss": 0.8518843596078911, "Test_loss": 6.315700340270996, "Train_acc": 0.7582889181010577, "Test_acc": 0.3904149949550629}, "0": {"Train_loss": 0.9935074010673834, "Test_loss": 5.802439117431641, "Train_acc": 0.0, "Test_acc": 0.3842436373233795}}, "6": {"1": {"Train_loss": 0.8950938314807658, "Test_loss": 5.957650279998779, "Train_acc": 0.75842178415279, "Test_acc": 0.38821470737457275}, "0": {"Train_loss": 1.0036217205378475, "Test_loss": 5.906306552886963, "Train_acc": 0.0, "Test_acc": 0.3835730075836182}}, "7": {"1": {"Train_loss": 0.9355298250305409, "Test_loss": 5.678374576568603, "Train_acc": 0.7509756136913689, "Test_acc": 0.3853308200836182}, "0": {"Train_loss": 1.0566663571766444, "Test_loss": 5.3655139923095705, "Train_acc": 0.0, "Test_acc": 0.3771026313304901}}, "8": {"1": {"Train_loss": 0.9928041696548462, "Test_loss": 5.53788194656372, "Train_acc": 0.7247232600134246, "Test_acc": 0.3688416063785553}, "0": {"Train_loss": 1.0529636083816996, "Test_loss": 5.508706378936767, "Train_acc": 0.0, "Test_acc": 0.36462942361831663}}, "9": {"1": {"Train_loss": 1.0094195884101245, "Test_loss": 5.59775390625, "Train_acc": 0.705070532706319, "Test_acc": 0.3591226518154144}, "0": {"Train_loss": 1.0846679064692284, "Test_loss": 5.440492343902588, "Train_acc": 0.0, "Test_acc": 0.35565282702445983}}, "10": {"1": {"Train_loss": 1.0532723616580575, "Test_loss": 5.44955997467041, "Train_acc": 0.7070084731189572, "Test_acc": 0.3609850287437439}, "0": {"Train_loss": 1.0931885497910636, "Test_loss": 5.311593246459961, "Train_acc": 0.0, "Test_acc": 0.35843905806541443}}, "11": {"1": {"Train_loss": 1.0625690404249697, "Test_loss": 5.341561985015869, "Train_acc": 0.7035103105768865, "Test_acc": 0.3620194971561432}, "0": {"Train_loss": 1.1061010652658891, "Test_loss": 5.323978996276855, "Train_acc": 0.0, "Test_acc": 0.3553598582744598}}, "12": {"1": {"Train_loss": 1.0677370672323265, "Test_loss": 5.357100200653076, "Train_acc": 0.7030528729059258, "Test_acc": 0.36057453155517577}, "0": {"Train_loss": 1.106653275538464, "Test_loss": 5.204802322387695, "Train_acc": 0.0, "Test_acc": 0.3562975287437439}}, "13": {"1": {"Train_loss": 1.0863430098611482, "Test_loss": 5.3071263313293455, "Train_acc": 0.6963355656789274, "Test_acc": 0.35531405806541444}, "0": {"Train_loss": 1.1043389488239677, "Test_loss": 5.213375186920166, "Train_acc": 0.0, "Test_acc": 0.34971567392349245}}, "14": {"1": {"Train_loss": 1.0915983781522633, "Test_loss": 5.380457496643066, "Train_acc": 0.6793002918058512, "Test_acc": 0.3498392581939697}, "0": {"Train_loss": 1.1070314098377616, "Test_loss": 5.346860027313232, "Train_acc": 0.0, "Test_acc": 0.3437595069408417}}, "15": {"1": {"Train_loss": 1.1086220266867657, "Test_loss": 5.344393062591553, "Train_acc": 0.6795906977994102, "Test_acc": 0.35201361775398254}, "0": {"Train_loss": 1.1437080015941543, "Test_loss": 5.2456306457519535, "Train_acc": 0.0, "Test_acc": 0.34838132858276366}}, "16": {"1": {"Train_loss": 1.1412017016994709, "Test_loss": 5.254282093048095, "Train_acc": 0.679598290093091, "Test_acc": 0.34534102082252505}, "0": {"Train_loss": 1.1290504603969806, "Test_loss": 5.27723913192749, "Train_acc": 0.0, "Test_acc": 0.34110982418060304}}, "17": {"1": {"Train_loss": 1.1278924869031322, "Test_loss": 5.366504669189453, "Train_acc": 0.6669134175290867, "Test_acc": 0.342672324180603}, "0": {"Train_loss": 1.1294120027094472, "Test_loss": 5.3420031547546385, "Train_acc": 0.0, "Test_acc": 0.3383693993091583}}, "18": {"1": {"Train_loss": 1.1333202634538924, "Test_loss": 5.605250835418701, "Train_acc": 0.6510359723957218, "Test_acc": 0.3320087790489197}, "0": {"Train_loss": 1.1235857204515107, "Test_loss": 5.3097900390625, "Train_acc": 0.0, "Test_acc": 0.3259947121143341}}, "19": {"1": {"Train_loss": 1.1422477997079188, "Test_loss": 5.665033912658691, "Train_acc": 0.6351604260960404, "Test_acc": 0.32546062469482423}, "0": {"Train_loss": 1.1497837803801711, "Test_loss": 5.180774211883545, "Train_acc": 0.0, "Test_acc": 0.32290254831314086}}}