{"0": {"1": {"Train_loss": 0.008452262563098754, "Test_loss": 0.09271230250597, "Train_acc": 0.9445285930925486, "Test_acc": 0.46293210983276367}, "0": {"Train_loss": 0.00999059329968782, "Test_loss": 0.08905195444822311, "Train_acc": 0.004724322765951558, "Test_acc": 0.44128785133361814}}, "1": {"1": {"Train_loss": 0.002185205460944194, "Test_loss": 0.0894799754023552, "Train_acc": 0.8675063775510204, "Test_acc": 0.44031733870506284}, "0": {"Train_loss": 0.0020330214910969442, "Test_loss": 0.08872770816087723, "Train_acc": 0.004684463072074007, "Test_acc": 0.42981799840927126}}, "2": {"1": {"Train_loss": 0.001057359993419781, "Test_loss": 0.08739227503538131, "Train_acc": 0.8504673078352091, "Test_acc": 0.43067097663879395}, "0": {"Train_loss": 0.0014190459267559405, "Test_loss": 0.08905108273029327, "Train_acc": 0.0045041454081632655, "Test_acc": 0.4228852689266205}}, "3": {"1": {"Train_loss": 0.0008273573214549343, "Test_loss": 0.08822363615036011, "Train_acc": 0.8346771743832803, "Test_acc": 0.42402430176734923}, "0": {"Train_loss": 0.0009655676804701512, "Test_loss": 0.08889434933662414, "Train_acc": 0.004466183797209238, "Test_acc": 0.4159006834030151}}, "4": {"1": {"Train_loss": 0.0007079260783716656, "Test_loss": 0.08854809403419495, "Train_acc": 0.819150874809343, "Test_acc": 0.4162645161151886}, "0": {"Train_loss": 0.0009408766149581239, "Test_loss": 0.08822997212409973, "Train_acc": 0.00440544521493115, "Test_acc": 0.41073873043060305}}, "5": {"1": {"Train_loss": 0.0005447822216095175, "Test_loss": 0.08822127133607864, "Train_acc": 0.8128055911891314, "Test_acc": 0.4147158443927765}, "0": {"Train_loss": 0.0006249435198474295, "Test_loss": 0.08852909207344055, "Train_acc": 0.004623724489795918, "Test_acc": 0.4103221774101257}}, "6": {"1": {"Train_loss": 0.0006862556670521557, "Test_loss": 0.08845112323760987, "Train_acc": 0.8034746263708387, "Test_acc": 0.41204715371131895}, "0": {"Train_loss": 0.0005393067932549902, "Test_loss": 0.08882412016391754, "Train_acc": 0.0044263241033316875, "Test_acc": 0.40622061491012573}}, "7": {"1": {"Train_loss": 0.0006732986322295262, "Test_loss": 0.08933880925178528, "Train_acc": 0.7881893831856397, "Test_acc": 0.4041309475898743}, "0": {"Train_loss": 0.00045474843218285894, "Test_loss": 0.08992215096950532, "Train_acc": 0.0042251275510204085, "Test_acc": 0.3985913276672363}}, "8": {"1": {"Train_loss": 0.000460970174813434, "Test_loss": 0.08906894028186799, "Train_acc": 0.7827912416993356, "Test_acc": 0.401038783788681}, "0": {"Train_loss": 0.0003972499722220498, "Test_loss": 0.08958103954792022, "Train_acc": 0.004424426020408163, "Test_acc": 0.3974453806877136}}, "9": {"1": {"Train_loss": 0.00032358440601418974, "Test_loss": 0.08995094001293183, "Train_acc": 0.7742783500223743, "Test_acc": 0.39722414016723634}, "0": {"Train_loss": 0.0003812614402481906, "Test_loss": 0.09000299721956254, "Train_acc": 0.0042858661332984965, "Test_acc": 0.3926671385765076}}, "10": {"1": {"Train_loss": 0.00047285838423258796, "Test_loss": 0.08992749303579331, "Train_acc": 0.7610544221741813, "Test_acc": 0.39308369159698486}, "0": {"Train_loss": 0.00040668240042726454, "Test_loss": 0.0907644048333168, "Train_acc": 0.004145408163265306, "Test_acc": 0.3858450293540955}}, "11": {"1": {"Train_loss": 0.000320945782361229, "Test_loss": 0.09006526619195938, "Train_acc": 0.7556354014240966, "Test_acc": 0.3883123636245728}, "0": {"Train_loss": 0.0002605523513178626, "Test_loss": 0.0906001016497612, "Train_acc": 0.004107446552311279, "Test_acc": 0.38398351073265075}}, "12": {"1": {"Train_loss": 0.0003839394128738846, "Test_loss": 0.09005737751722336, "Train_acc": 0.7489864248402265, "Test_acc": 0.3859297215938568}, "0": {"Train_loss": 0.0003274106312179653, "Test_loss": 0.09017886221408844, "Train_acc": 0.004185267857142857, "Test_acc": 0.3838659763336182}}, "13": {"1": {"Train_loss": 0.0003857205239390688, "Test_loss": 0.09004754722118377, "Train_acc": 0.7435085645743779, "Test_acc": 0.3816985249519348}, "0": {"Train_loss": 0.00027498127390720826, "Test_loss": 0.09016324579715729, "Train_acc": 0.004325725827176048, "Test_acc": 0.37733078598976133}}, "14": {"1": {"Train_loss": 0.0002959660267485876, "Test_loss": 0.09028937667608261, "Train_acc": 0.736956389582887, "Test_acc": 0.3794852733612061}, "0": {"Train_loss": 0.00026838543747043314, "Test_loss": 0.09026475548744202, "Train_acc": 0.004126427357788293, "Test_acc": 0.3765685498714447}}, "15": {"1": {"Train_loss": 0.00028160197184568425, "Test_loss": 0.09100802689790725, "Train_acc": 0.7259816874046715, "Test_acc": 0.3747848093509674}, "0": {"Train_loss": 0.00021802994710089146, "Test_loss": 0.09119316190481186, "Train_acc": 0.004086567663910742, "Test_acc": 0.3691345751285553}}, "16": {"1": {"Train_loss": 0.09966066694457312, "Test_loss": 0.1800254076719284, "Train_acc": 0.19703975350272898, "Test_acc": 0.09987296015024186}, "0": {"Train_loss": 0.0011695319203674016, "Test_loss": 0.1800254076719284, "Train_acc": 0.0009964923469387755, "Test_acc": 0.09987296015024186}}, "17": {"1": {"Train_loss": 0.0009206199961505374, "Test_loss": 0.1800254076719284, "Train_acc": 0.19674744897959184, "Test_acc": 0.09987296015024186}, "0": {"Train_loss": 0.0010340667846964857, "Test_loss": 0.1800254076719284, "Train_acc": 0.001793686224489796, "Test_acc": 0.09987296015024186}}, "18": {"1": {"Train_loss": 0.0009042691826649314, "Test_loss": 0.1800254076719284, "Train_acc": 0.19871575871900637, "Test_acc": 0.09987296015024186}, "0": {"Train_loss": 0.0012370769106943794, "Test_loss": 0.1800254076719284, "Train_acc": 0.0030293367346938774, "Test_acc": 0.09987296015024186}}, "19": {"1": {"Train_loss": 0.000906410929093641, "Test_loss": 0.1800254076719284, "Train_acc": 0.19681577992682553, "Test_acc": 0.09987296015024186}, "0": {"Train_loss": 0.001070281018584355, "Test_loss": 0.1800254076719284, "Train_acc": 0.0011559311224489796, "Test_acc": 0.09987296015024186}}}