{"0": {"Test_loss": 0.08637912720441818, "Test_acc": 0.7420846581459045, "Train_loss": 0.518048606356796, "Train_acc": 0.0001793686224489796}, "1": {"Test_loss": 0.09811337441205978, "Test_acc": 0.5386399030685425, "Train_loss": 0.2335458417632142, "Train_acc": 0.5946667729591837}, "2": {"Test_loss": 0.09057301133871079, "Test_acc": 0.6993276357650757, "Train_loss": 0.6853465982237641, "Train_acc": 0.04077248087114826}, "3": {"Test_loss": 0.10192847549915314, "Test_acc": 0.5450454592704773, "Train_loss": 0.4559241217009875, "Train_acc": 0.3539341517857143}, "4": {"Test_loss": 0.09260675758123398, "Test_acc": 0.6786331534385681, "Train_loss": 0.8630052941794298, "Train_acc": 0.042900988528010796}, "5": {"Test_loss": 0.1052058070898056, "Test_acc": 0.5475335359573364, "Train_loss": 0.6521246342026458, "Train_acc": 0.27078284444857614}, "6": {"Test_loss": 0.09569920152425766, "Test_acc": 0.6634454488754272, "Train_loss": 1.0354238243735567, "Train_acc": 0.04527662627931152}, "7": {"Test_loss": 0.10508042126893997, "Test_acc": 0.5581702828407288, "Train_loss": 0.8338302507692453, "Train_acc": 0.2262476084335726}, "8": {"Test_loss": 0.09867909997701645, "Test_acc": 0.6508814930915833, "Train_loss": 1.1923186833761177, "Train_acc": 0.04744897959563805}, "9": {"Test_loss": 0.10500844419002534, "Test_acc": 0.564614737033844, "Train_loss": 0.996452524953959, "Train_acc": 0.2012515943877551}, "10": {"Test_loss": 0.10092073380947113, "Test_acc": 0.6416966199874878, "Train_loss": 1.3325918091803182, "Train_acc": 0.05271444515306122}, "11": {"Test_loss": 0.10537137687206269, "Test_acc": 0.5648039937019348, "Train_loss": 1.14552349217084, "Train_acc": 0.18578204717867228}, "12": {"Test_loss": 0.10254647135734558, "Test_acc": 0.632876455783844, "Train_loss": 1.473019418059563, "Train_acc": 0.056951530619847535}, "13": {"Test_loss": 0.10652168393135071, "Test_acc": 0.5633063077926636, "Train_loss": 1.289612124769055, "Train_acc": 0.17592075892857142}, "14": {"Test_loss": 0.10440691411495209, "Test_acc": 0.6219787001609802, "Train_loss": 1.6027625373431615, "Train_acc": 0.06073820153821488}, "15": {"Test_loss": 0.10812207013368606, "Test_acc": 0.5617757916450501, "Train_loss": 1.4246617987447856, "Train_acc": 0.1649832589437767}, "16": {"Test_loss": 0.10477090030908584, "Test_acc": 0.6229811906814575, "Train_loss": 1.7364010768277305, "Train_acc": 0.05881297831632653}, "17": {"Test_loss": 0.10899359881877899, "Test_acc": 0.5602858781814575, "Train_loss": 1.5567373627302599, "Train_acc": 0.16038345024749942}, "18": {"Test_loss": 0.10610829889774323, "Test_acc": 0.6198890328407287, "Train_loss": 1.853125004744043, "Train_acc": 0.06290258292336853}, "19": {"Test_loss": 0.10799336731433869, "Test_acc": 0.5708249807357788, "Train_loss": 1.6791117586651627, "Train_acc": 0.15605070153061223}, "20": {"Test_loss": 0.10702030062675476, "Test_acc": 0.6151047468185424, "Train_loss": 1.9628207087516785, "Train_acc": 0.06627471300260145}, "21": {"Test_loss": 0.10886588394641876, "Test_acc": 0.5771717667579651, "Train_loss": 1.7961226945020714, "Train_acc": 0.14824617346178512}, "22": {"Test_loss": 0.10771883279085159, "Test_acc": 0.6135880470275878, "Train_loss": 2.069211224512178, "Train_acc": 0.06768574618867465}, "23": {"Test_loss": 0.11057662665843963, "Test_acc": 0.5783894538879395, "Train_loss": 1.9014815821939586, "Train_acc": 0.1451610332088811}, "24": {"Test_loss": 0.10901977568864822, "Test_acc": 0.6120912313461304, "Train_loss": 2.170263786705173, "Train_acc": 0.06889748086734694}, "25": {"Test_loss": 0.11174285113811493, "Test_acc": 0.5766644716262818, "Train_loss": 2.0079249222667848, "Train_acc": 0.14230309312745015}, "26": {"Test_loss": 0.1107542172074318, "Test_acc": 0.6094026565551758, "Train_loss": 2.277105376428487, "Train_acc": 0.06936782526270467}, "27": {"Test_loss": 0.11296537667512893, "Test_acc": 0.5767163276672364, "Train_loss": 2.1151814211388023, "Train_acc": 0.14040577168367346}, "28": {"Test_loss": 0.1127818614244461, "Test_acc": 0.60316561460495, "Train_loss": 2.3708448762796364, "Train_acc": 0.07205835459943936}, "29": {"Test_loss": 0.11451961398124695, "Test_acc": 0.577081024646759, "Train_loss": 2.215354228506283, "Train_acc": 0.14109933037995076}, "30": {"Test_loss": 0.11415103673934937, "Test_acc": 0.6023783206939697, "Train_loss": 2.4743528804000543, "Train_acc": 0.07366071428571429}, "31": {"Test_loss": 0.11605527400970458, "Test_acc": 0.5752195119857788, "Train_loss": 2.3196475542321497, "Train_acc": 0.13886320157622806}, "32": {"Test_loss": 0.11550516188144684, "Test_acc": 0.6005098819732666, "Train_loss": 2.577357846863416, "Train_acc": 0.07441406250380132}, "33": {"Test_loss": 0.1167416125535965, "Test_acc": 0.5741712212562561, "Train_loss": 2.424119751064145, "Train_acc": 0.13514827807642976}, "34": {"Test_loss": 0.11697950214147568, "Test_acc": 0.5992083787918091, "Train_loss": 2.678851537558497, "Train_acc": 0.07333785078811403}, "35": {"Test_loss": 0.11840506494045258, "Test_acc": 0.5742429494857788, "Train_loss": 2.5250420619030387, "Train_acc": 0.1340999681578607}, "36": {"Test_loss": 0.11807199120521546, "Test_acc": 0.5978869915008544, "Train_loss": 2.7744205861675497, "Train_acc": 0.07488440688015247}, "37": {"Test_loss": 0.11880209445953369, "Test_acc": 0.5746595025062561, "Train_loss": 2.626418616090502, "Train_acc": 0.1301060268769459}, "38": {"Test_loss": 0.11905799359083176, "Test_acc": 0.596480917930603, "Train_loss": 2.865168787995163, "Train_acc": 0.07653858417607083}, "39": {"Test_loss": 0.12092571556568146, "Test_acc": 0.5719320416450501, "Train_loss": 2.7218753756309044, "Train_acc": 0.13208705361704437}}