{"0": {"0": {"Train_loss": 0.010243380214182697, "Test_loss": 0.09802583158016205, "Train_acc": 0.9329863640726829, "Test_acc": 0.44268269538879396}, "1": {"Train_loss": 0.011788027227989264, "Test_loss": 0.09596148282289504, "Train_acc": 0.0, "Test_acc": 0.41161245107650757}}, "1": {"0": {"Train_loss": 0.002584545004742258, "Test_loss": 0.09377245754003524, "Train_acc": 0.8229337492767645, "Test_acc": 0.41532252430915834}, "1": {"Train_loss": 0.00216746609776794, "Test_loss": 0.09450941979885101, "Train_acc": 0.0, "Test_acc": 0.39728463888168336}}, "2": {"0": {"Train_loss": 0.001717924347090326, "Test_loss": 0.09276672303676606, "Train_acc": 0.7796442241084819, "Test_acc": 0.39939332008361816}, "1": {"Train_loss": 0.0012896031507157854, "Test_loss": 0.09458078742027283, "Train_acc": 0.0, "Test_acc": 0.386296147108078}}, "3": {"0": {"Train_loss": 0.0008176431672799648, "Test_loss": 0.09515362083911896, "Train_acc": 0.7482404794011798, "Test_acc": 0.38357473611831666}, "1": {"Train_loss": 0.0008427407984545796, "Test_loss": 0.09512088000774384, "Train_acc": 0.0, "Test_acc": 0.37381688952445985}}, "4": {"0": {"Train_loss": 0.0006682146376245941, "Test_loss": 0.09418396949768067, "Train_acc": 0.728597242613228, "Test_acc": 0.3749818503856659}, "1": {"Train_loss": 0.0006741112720563399, "Test_loss": 0.09390924721956254, "Train_acc": 0.0, "Test_acc": 0.36866098642349243}}, "5": {"0": {"Train_loss": 0.0005487922786340611, "Test_loss": 0.09379496425390244, "Train_acc": 0.7149405522005898, "Test_acc": 0.36722898483276367}, "1": {"Train_loss": 0.0005226001601989324, "Test_loss": 0.09473089873790741, "Train_acc": 0.0, "Test_acc": 0.35825843214988706}}, "6": {"0": {"Train_loss": 0.0008268536986754637, "Test_loss": 0.093561190366745, "Train_acc": 0.6924862581856397, "Test_acc": 0.36098675727844237}, "1": {"Train_loss": 0.00043381901329611334, "Test_loss": 0.09507518112659455, "Train_acc": 0.0, "Test_acc": 0.3507397651672363}}, "7": {"0": {"Train_loss": 0.00035869124569996657, "Test_loss": 0.09367995262145996, "Train_acc": 0.6832881594190792, "Test_acc": 0.3549130618572235}, "1": {"Train_loss": 0.00033798537467135954, "Test_loss": 0.09473268240690232, "Train_acc": 0.0, "Test_acc": 0.3479993402957916}}, "8": {"0": {"Train_loss": 0.0003899535555059889, "Test_loss": 0.09385308474302292, "Train_acc": 0.666801430741135, "Test_acc": 0.35186583995819093}, "1": {"Train_loss": 0.0002857090365402971, "Test_loss": 0.09419516175985336, "Train_acc": 0.0, "Test_acc": 0.3443800151348114}}, "9": {"0": {"Train_loss": 0.0004867323355307346, "Test_loss": 0.09385856688022613, "Train_acc": 0.6528220663265306, "Test_acc": 0.34209502935409547}, "1": {"Train_loss": 0.0003500439931058838, "Test_loss": 0.09429187029600143, "Train_acc": 0.0, "Test_acc": 0.3350577294826508}}, "10": {"0": {"Train_loss": 0.00035634750710581716, "Test_loss": 0.09416267722845077, "Train_acc": 0.6387990463753136, "Test_acc": 0.336164790391922}, "1": {"Train_loss": 0.00028866066357443985, "Test_loss": 0.09425712078809738, "Train_acc": 0.0, "Test_acc": 0.33113851547241213}}, "11": {"0": {"Train_loss": 0.0007814544191279886, "Test_loss": 0.09446477591991424, "Train_acc": 0.6186395317924266, "Test_acc": 0.33011701703071594}, "1": {"Train_loss": 0.00021665021572238292, "Test_loss": 0.09504548311233521, "Train_acc": 0.0, "Test_acc": 0.3268036127090454}}, "12": {"0": {"Train_loss": 0.0002152824984347847, "Test_loss": 0.0951461747288704, "Train_acc": 0.6176620204837955, "Test_acc": 0.3265694141387939}, "1": {"Train_loss": 0.00023170462788714628, "Test_loss": 0.09468255937099457, "Train_acc": 0.0, "Test_acc": 0.32398454546928407}}, "13": {"0": {"Train_loss": 0.0007602054392918944, "Test_loss": 0.09584182798862458, "Train_acc": 0.5963218996719438, "Test_acc": 0.32134091258049013}, "1": {"Train_loss": 0.00019322765699459469, "Test_loss": 0.09599896371364594, "Train_acc": 0.0, "Test_acc": 0.31995471715927126}}, "14": {"0": {"Train_loss": 0.0002382515382606118, "Test_loss": 0.09521381258964538, "Train_acc": 0.5970697433364635, "Test_acc": 0.3197334766387939}, "1": {"Train_loss": 0.00020640575501008188, "Test_loss": 0.09576996266841889, "Train_acc": 0.0, "Test_acc": 0.31582809090614317}}, "15": {"0": {"Train_loss": 0.0001702275419992642, "Test_loss": 0.09607557505369187, "Train_acc": 0.5888149902528647, "Test_acc": 0.3140443503856659}, "1": {"Train_loss": 0.0001882375793368793, "Test_loss": 0.09579604566097259, "Train_acc": 0.0, "Test_acc": 0.3104898393154144}}, "16": {"0": {"Train_loss": 0.0003775521056793098, "Test_loss": 0.09532500058412552, "Train_acc": 0.5717911051244152, "Test_acc": 0.3142457127571106}, "1": {"Train_loss": 0.00020131072396536035, "Test_loss": 0.09614609181880951, "Train_acc": 0.0, "Test_acc": 0.3063882768154144}}, "17": {"0": {"Train_loss": 0.00020683599248105583, "Test_loss": 0.09612717479467392, "Train_acc": 0.5682948401996067, "Test_acc": 0.30843905806541444}, "1": {"Train_loss": 0.0001628438779390512, "Test_loss": 0.09635243266820907, "Train_acc": 0.0, "Test_acc": 0.2972483396530151}}, "18": {"0": {"Train_loss": 0.00014704091287911776, "Test_loss": 0.0972858726978302, "Train_acc": 0.5488528001065157, "Test_acc": 0.29188416004180906}, "1": {"Train_loss": 0.00012731883061303738, "Test_loss": 0.09837141036987304, "Train_acc": 0.0, "Test_acc": 0.28182643055915835}}, "19": {"0": {"Train_loss": 0.0001238955269307516, "Test_loss": 0.09767181128263473, "Train_acc": 0.531511935044308, "Test_acc": 0.28766592741012575}, "1": {"Train_loss": 0.0002168026688622729, "Test_loss": 0.09852286726236344, "Train_acc": 0.0, "Test_acc": 0.2809674024581909}}}