{"0": {"Test_loss": 0.09486538171768188, "Test_acc": 0.7193514943122864, "Train_loss": 0.08532549927429277, "Train_acc": 0.7732581313775511}, "1": {"Test_loss": 0.10571087151765823, "Test_acc": 0.2933999955654144, "Train_loss": 0.09571684866535421, "Train_acc": 0.36524234696918606}, "2": {"Test_loss": 0.09651536047458649, "Test_acc": 0.6392820119857788, "Train_loss": 0.08377121183641102, "Train_acc": 0.7181760203473422}, "3": {"Test_loss": 0.1039613276720047, "Test_acc": 0.3417666256427765, "Train_loss": 0.0921844301403177, "Train_acc": 0.43325095669347413}, "4": {"Test_loss": 0.09719134718179703, "Test_acc": 0.6313191413879394, "Train_loss": 0.08335425997419017, "Train_acc": 0.7185825894073564}, "5": {"Test_loss": 0.10300426185131073, "Test_acc": 0.37090535163879396, "Train_loss": 0.09019025673671645, "Train_acc": 0.4736806441630636}, "6": {"Test_loss": 0.09685799479484558, "Test_acc": 0.6245367765426636, "Train_loss": 0.08210269635429188, "Train_acc": 0.7209901149783816}, "7": {"Test_loss": 0.10254182070493698, "Test_acc": 0.39381222128868104, "Train_loss": 0.08905583494627962, "Train_acc": 0.49649234693877553}, "8": {"Test_loss": 0.09595805257558823, "Test_acc": 0.637308144569397, "Train_loss": 0.08067277009237786, "Train_acc": 0.7355229593053156}, "9": {"Test_loss": 0.10284808427095413, "Test_acc": 0.40265918970108033, "Train_loss": 0.08877146700207068, "Train_acc": 0.5110570791424537}, "10": {"Test_loss": 0.09552040547132493, "Test_acc": 0.628559696674347, "Train_loss": 0.0801310732732622, "Train_acc": 0.7314253826530612}, "11": {"Test_loss": 0.10242603868246078, "Test_acc": 0.42320329546928404, "Train_loss": 0.08817115042130558, "Train_acc": 0.5325414541424537}, "12": {"Test_loss": 0.09582932591438294, "Test_acc": 0.6266523838043213, "Train_loss": 0.07989315707616661, "Train_acc": 0.7285873725706217}, "13": {"Test_loss": 0.10096153169870377, "Test_acc": 0.441828852891922, "Train_loss": 0.08632288017899406, "Train_acc": 0.5518056443151163}, "14": {"Test_loss": 0.0971139132976532, "Test_acc": 0.6230460047721863, "Train_loss": 0.0806271344879452, "Train_acc": 0.7224091200196013}, "15": {"Test_loss": 0.10013017207384109, "Test_acc": 0.4533306837081909, "Train_loss": 0.08540647609957627, "Train_acc": 0.5663026148567394}, "16": {"Test_loss": 0.09665299654006958, "Test_acc": 0.6163345217704773, "Train_loss": 0.07999346378658499, "Train_acc": 0.7183713329081632}, "17": {"Test_loss": 0.09922167509794236, "Test_acc": 0.46612192392349244, "Train_loss": 0.08449877007883422, "Train_acc": 0.5818757971330565}, "18": {"Test_loss": 0.09635967761278152, "Test_acc": 0.6172194719314575, "Train_loss": 0.07988079751328546, "Train_acc": 0.7232860332849075}, "19": {"Test_loss": 0.09932093918323517, "Test_acc": 0.4728990912437439, "Train_loss": 0.08468058861183878, "Train_acc": 0.5809948979591837}, "20": {"Test_loss": 0.09749605506658554, "Test_acc": 0.6097794532775879, "Train_loss": 0.08067938461139494, "Train_acc": 0.7167251277334836}, "21": {"Test_loss": 0.09891221523284913, "Test_acc": 0.48090603947639465, "Train_loss": 0.08398651669980312, "Train_acc": 0.592466517978785}, "22": {"Test_loss": 0.09696618169546127, "Test_acc": 0.6133538484573364, "Train_loss": 0.08015576195047826, "Train_acc": 0.716681281826934}, "23": {"Test_loss": 0.09852361977100373, "Test_acc": 0.49302751421928404, "Train_loss": 0.083645779297364, "Train_acc": 0.6026426976432606}, "24": {"Test_loss": 0.09730012118816375, "Test_acc": 0.6140564441680908, "Train_loss": 0.08056213288586966, "Train_acc": 0.7177375637146891}, "25": {"Test_loss": 0.09934986382722855, "Test_acc": 0.4952666997909546, "Train_loss": 0.0838194977948252, "Train_acc": 0.6073421556122449}, "26": {"Test_loss": 0.0970251813530922, "Test_acc": 0.6140166997909546, "Train_loss": 0.07985304596320707, "Train_acc": 0.7250000001216421}, "27": {"Test_loss": 0.09938856661319732, "Test_acc": 0.49613869190216064, "Train_loss": 0.0836997641896715, "Train_acc": 0.607306281826934}, "28": {"Test_loss": 0.09733746200799942, "Test_acc": 0.6147521376609802, "Train_loss": 0.08017204462417535, "Train_acc": 0.721747449162055}, "29": {"Test_loss": 0.09905303865671158, "Test_acc": 0.5008979201316833, "Train_loss": 0.08336144788380788, "Train_acc": 0.6169722575922402}, "30": {"Test_loss": 0.09672493189573288, "Test_acc": 0.6083146095275879, "Train_loss": 0.07947644005928721, "Train_acc": 0.7222895409379687}, "31": {"Test_loss": 0.09932807087898254, "Test_acc": 0.5040289640426636, "Train_loss": 0.08380828714188264, "Train_acc": 0.6182876274901994}, "32": {"Test_loss": 0.09618904888629913, "Test_acc": 0.6091019034385681, "Train_loss": 0.07889876541282449, "Train_acc": 0.7247568560498101}, "33": {"Test_loss": 0.10048497468233109, "Test_acc": 0.4999991297721863, "Train_loss": 0.08460731602901099, "Train_acc": 0.6116788904277646}, "34": {"Test_loss": 0.09598985314369202, "Test_acc": 0.6065887689590455, "Train_loss": 0.0788189699607236, "Train_acc": 0.7205835459183674}, "35": {"Test_loss": 0.1007989525794983, "Test_acc": 0.5067633390426636, "Train_loss": 0.08485686341870805, "Train_acc": 0.6113002233359278}, "36": {"Test_loss": 0.09596880823373795, "Test_acc": 0.6053849220275879, "Train_loss": 0.07876672439885382, "Train_acc": 0.7167889031828666}, "37": {"Test_loss": 0.10041284561157227, "Test_acc": 0.5081175684928894, "Train_loss": 0.08464242096002005, "Train_acc": 0.6191804846938775}, "38": {"Test_loss": 0.09605214595794678, "Test_acc": 0.6072723627090454, "Train_loss": 0.07889131300759558, "Train_acc": 0.7180245536930707}, "39": {"Test_loss": 0.10122934132814407, "Test_acc": 0.5074270606040955, "Train_loss": 0.08531500904687814, "Train_acc": 0.6127750320093972}}