{"0": {"1": {"Train_loss": 0.10833756116275885, "Test_loss": 3.449432373046875, "Train_acc": 0.962526193686894, "Test_acc": 0.4926031827926636}, "0": {"Train_loss": 0.9819532085438164, "Test_loss": 2.5810222148895265, "Train_acc": 0.04421389091531841, "Test_acc": 0.45269289016723635}}, "1": {"1": {"Train_loss": 0.6930588775751542, "Test_loss": 2.4437942028045656, "Train_acc": 0.8588966836734694, "Test_acc": 0.4558429539203644}, "0": {"Train_loss": 1.0788787591214082, "Test_loss": 2.400462436676025, "Train_acc": 0.03445016402675181, "Test_acc": 0.4407866060733795}}, "2": {"1": {"Train_loss": 0.8306609848324134, "Test_loss": 2.358273983001709, "Train_acc": 0.8307557397959183, "Test_acc": 0.44042882323265076}, "0": {"Train_loss": 1.120167616678744, "Test_loss": 2.4625034809112547, "Train_acc": 0.02559561772766162, "Test_acc": 0.4196427345275879}}, "3": {"1": {"Train_loss": 0.8929899012555882, "Test_loss": 2.4135972023010255, "Train_acc": 0.7983365223115805, "Test_acc": 0.4211205422878265}, "0": {"Train_loss": 1.1319573010717119, "Test_loss": 2.525516891479492, "Train_acc": 0.01510872206251536, "Test_acc": 0.4102236568927765}}, "4": {"1": {"Train_loss": 0.9272411824489126, "Test_loss": 2.581316089630127, "Train_acc": 0.7762105957585939, "Test_acc": 0.40730088353157046}, "0": {"Train_loss": 1.1020796128681727, "Test_loss": 2.6952112197875975, "Train_acc": 0.011141733480237273, "Test_acc": 0.3929272651672363}}, "5": {"1": {"Train_loss": 0.9425893322545655, "Test_loss": 2.6572902679443358, "Train_acc": 0.739782632005458, "Test_acc": 0.3909222900867462}, "0": {"Train_loss": 1.1329910998441735, "Test_loss": 2.69984655380249, "Train_acc": 0.010086400633943933, "Test_acc": 0.3779746234416962}}, "6": {"1": {"Train_loss": 0.9863054168467619, "Test_loss": 2.7215911865234377, "Train_acc": 0.7291628706211947, "Test_acc": 0.38402844667434693}, "0": {"Train_loss": 1.1629396409404522, "Test_loss": 2.660626935958862, "Train_acc": 0.00871029215370666, "Test_acc": 0.38167173862457277}}, "7": {"1": {"Train_loss": 1.045829754702899, "Test_loss": 2.6352282047271727, "Train_acc": 0.7432048716107194, "Test_acc": 0.38436722159385683}, "0": {"Train_loss": 1.2119867023156614, "Test_loss": 2.599087953567505, "Train_acc": 0.006199131439420946, "Test_acc": 0.3832411527633667}}, "8": {"1": {"Train_loss": 1.1337110655648368, "Test_loss": 2.465116786956787, "Train_acc": 0.737835201073666, "Test_acc": 0.3873159229755402}, "0": {"Train_loss": 1.2842479481989024, "Test_loss": 2.5243764877319337, "Train_acc": 0.00466358418367347, "Test_acc": 0.37662731409072875}}, "9": {"1": {"Train_loss": 1.1637504563039662, "Test_loss": 2.519199085235596, "Train_acc": 0.7301119109805749, "Test_acc": 0.38225767612457273}, "0": {"Train_loss": 1.27821762099558, "Test_loss": 2.579096794128418, "Train_acc": 0.004065688775510204, "Test_acc": 0.37433542013168336}}, "10": {"1": {"Train_loss": 1.1749102339452626, "Test_loss": 2.5182478427886963, "Train_acc": 0.7161724068680588, "Test_acc": 0.37667917013168334}, "0": {"Train_loss": 1.302640619326611, "Test_loss": 2.5399347305297852, "Train_acc": 0.004025829081632653, "Test_acc": 0.36953125}}, "11": {"1": {"Train_loss": 1.2212968310531305, "Test_loss": 2.5729896068572997, "Train_acc": 0.709430423926334, "Test_acc": 0.3712951123714447}, "0": {"Train_loss": 1.3331998817774715, "Test_loss": 2.5527448654174805, "Train_acc": 0.003985969387755102, "Test_acc": 0.36564487814903257}}, "12": {"1": {"Train_loss": 1.2454207490901559, "Test_loss": 2.5189230918884276, "Train_acc": 0.7108729651996067, "Test_acc": 0.3725387156009674}, "0": {"Train_loss": 1.358478149589227, "Test_loss": 2.5125848770141603, "Train_acc": 0.0037676901128903336, "Test_acc": 0.366960209608078}}, "13": {"1": {"Train_loss": 1.3017738412837594, "Test_loss": 2.4897170066833496, "Train_acc": 0.7030016250756322, "Test_acc": 0.3693877875804901}, "0": {"Train_loss": 1.3825008893499569, "Test_loss": 2.5014435768127443, "Train_acc": 0.0037468112244897957, "Test_acc": 0.3648835062980652}}, "14": {"1": {"Train_loss": 1.316344947231059, "Test_loss": 2.4614134788513184, "Train_acc": 0.705782313127907, "Test_acc": 0.3670440375804901}, "0": {"Train_loss": 1.3830704980966997, "Test_loss": 2.578301954269409, "Train_acc": 0.003927128888400537, "Test_acc": 0.36548845171928407}}, "15": {"1": {"Train_loss": 1.3137575971836946, "Test_loss": 2.5333130836486815, "Train_acc": 0.6955117984693877, "Test_acc": 0.3629761815071106}, "0": {"Train_loss": 1.3832582478620568, "Test_loss": 2.535893440246582, "Train_acc": 0.0037487093074133203, "Test_acc": 0.35739681124687195}}, "16": {"1": {"Train_loss": 1.2834399062760022, "Test_loss": 2.590716600418091, "Train_acc": 0.6823732840771578, "Test_acc": 0.3579179346561432}, "0": {"Train_loss": 1.3575694950259463, "Test_loss": 2.5734407901763916, "Train_acc": 0.003547512755102041, "Test_acc": 0.35611518025398253}}, "17": {"1": {"Train_loss": 1.249278864082025, "Test_loss": 2.628282642364502, "Train_acc": 0.6655202258606346, "Test_acc": 0.34884973168373107}, "0": {"Train_loss": 1.338829619543893, "Test_loss": 2.674777030944824, "Train_acc": 0.0034488125618699255, "Test_acc": 0.3499498724937439}}, "18": {"1": {"Train_loss": 1.2600532417394676, "Test_loss": 2.642047166824341, "Train_acc": 0.6553142466107194, "Test_acc": 0.3432781398296356}, "0": {"Train_loss": 1.3026766035021569, "Test_loss": 2.747050094604492, "Train_acc": 0.0034279336734693877, "Test_acc": 0.34023783206939695}}, "19": {"1": {"Train_loss": 1.2564220732572127, "Test_loss": 2.7053763389587404, "Train_acc": 0.6544828871074988, "Test_acc": 0.34548447728157045}, "0": {"Train_loss": 1.2894056244772307, "Test_loss": 2.763059949874878, "Train_acc": 0.003308354591836735, "Test_acc": 0.33803063035011294}}}