{"0": {"0": {"Train_loss": 0.014762167400699489, "Test_loss": 0.061755403876304626, "Train_acc": 0.9011365710472574, "Test_acc": 0.6033038973808289}, "1": {"Train_loss": 0.014118484287921871, "Test_loss": 0.05779926255345345, "Train_acc": 0.3873621994743542, "Test_acc": 0.5802794814109802}}, "1": {"0": {"Train_loss": 0.0032213547229006582, "Test_loss": 0.057914663851261136, "Train_acc": 0.7851220849825411, "Test_acc": 0.5725525379180908}, "1": {"Train_loss": 0.0024572391459737352, "Test_loss": 0.05904613584280014, "Train_acc": 0.3536503886689945, "Test_acc": 0.5630548238754273}}, "2": {"0": {"Train_loss": 0.0019161289258460914, "Test_loss": 0.06258906796574593, "Train_acc": 0.7351551110647163, "Test_acc": 0.5334165811538696}, "1": {"Train_loss": 0.0013857650325861664, "Test_loss": 0.06360118314623833, "Train_acc": 0.3236113643767882, "Test_acc": 0.523208487033844}}, "3": {"0": {"Train_loss": 0.0015173692717121877, "Test_loss": 0.06647958606481552, "Train_acc": 0.6962501522229643, "Test_acc": 0.5117706060409546}, "1": {"Train_loss": 0.0011889431673121086, "Test_loss": 0.06880884915590287, "Train_acc": 0.27623147471826903, "Test_acc": 0.484371542930603}}, "4": {"0": {"Train_loss": 0.0007589273362620068, "Test_loss": 0.07023969441652297, "Train_acc": 0.662115069068208, "Test_acc": 0.4705899119377136}, "1": {"Train_loss": 0.0006811022776302559, "Test_loss": 0.0713291734457016, "Train_acc": 0.24832779108261577, "Test_acc": 0.4556113421916962}}, "5": {"0": {"Train_loss": 0.0006448250392817759, "Test_loss": 0.07331499457359314, "Train_acc": 0.6435404517212693, "Test_acc": 0.44491668939590456}, "1": {"Train_loss": 0.0004903140257478558, "Test_loss": 0.07392680644989014, "Train_acc": 0.21737578967396093, "Test_acc": 0.4371111035346985}}, "6": {"0": {"Train_loss": 0.0005027585213276919, "Test_loss": 0.07332879155874253, "Train_acc": 0.6381157375111872, "Test_acc": 0.4414658784866333}, "1": {"Train_loss": 0.0004796648694425631, "Test_loss": 0.07372752130031586, "Train_acc": 0.22163887884543867, "Test_acc": 0.436296147108078}}, "7": {"0": {"Train_loss": 0.00040768771266032545, "Test_loss": 0.07472318261861802, "Train_acc": 0.6196132472583226, "Test_acc": 0.42588149905204775}, "1": {"Train_loss": 0.0003690122892814023, "Test_loss": 0.07490675151348114, "Train_acc": 0.221614203738923, "Test_acc": 0.42143511176109316}}, "8": {"0": {"Train_loss": 0.00030564893647667247, "Test_loss": 0.07522700130939483, "Train_acc": 0.605990722471354, "Test_acc": 0.41668279767036437}, "1": {"Train_loss": 0.00030667544416821925, "Test_loss": 0.07557546645402909, "Train_acc": 0.20569500129441826, "Test_acc": 0.4134082913398743}}, "9": {"0": {"Train_loss": 0.00032752129214825296, "Test_loss": 0.07714035958051682, "Train_acc": 0.6044456849292833, "Test_acc": 0.4017759621143341}, "1": {"Train_loss": 0.00035162280819720914, "Test_loss": 0.07683719396591186, "Train_acc": 0.18265989438003424, "Test_acc": 0.4032667279243469}}, "10": {"0": {"Train_loss": 0.0002938454282619724, "Test_loss": 0.07729432880878448, "Train_acc": 0.6030714742991389, "Test_acc": 0.4010465621948242}, "1": {"Train_loss": 0.0004360738999747234, "Test_loss": 0.07726551592350006, "Train_acc": 0.1807333424079175, "Test_acc": 0.39961456060409545}}, "11": {"0": {"Train_loss": 0.000226354621005083, "Test_loss": 0.07734602987766266, "Train_acc": 0.5977283770940742, "Test_acc": 0.3970953762531281}, "1": {"Train_loss": 0.0002711232293074076, "Test_loss": 0.07758097648620606, "Train_acc": 0.17525168553907045, "Test_acc": 0.3950575590133667}}, "12": {"0": {"Train_loss": 0.000220157662068009, "Test_loss": 0.07845531105995178, "Train_acc": 0.5861481872140145, "Test_acc": 0.3865692377090454}, "1": {"Train_loss": 0.00024631445216518656, "Test_loss": 0.07820206880569458, "Train_acc": 0.17489484636759273, "Test_acc": 0.3843629002571106}}, "13": {"0": {"Train_loss": 0.0001948050756960138, "Test_loss": 0.07842395901679992, "Train_acc": 0.5732412386913689, "Test_acc": 0.37876365184783933}, "1": {"Train_loss": 0.00041045349866997605, "Test_loss": 0.08043948113918305, "Train_acc": 0.15705858247012508, "Test_acc": 0.36614093780517576}}, "14": {"0": {"Train_loss": 0.00021204578319602475, "Test_loss": 0.07998545467853546, "Train_acc": 0.5553290515529866, "Test_acc": 0.37048361301422117}, "1": {"Train_loss": 0.00019172294322539082, "Test_loss": 0.08099908977746964, "Train_acc": 0.1484261115594786, "Test_acc": 0.35862918496131896}}, "15": {"0": {"Train_loss": 0.00022199528252620402, "Test_loss": 0.08167385160923005, "Train_acc": 0.5484883687934097, "Test_acc": 0.35491219758987425}, "1": {"Train_loss": 0.00019218628986724369, "Test_loss": 0.08261921107769013, "Train_acc": 0.139713921261077, "Test_acc": 0.3477711915969849}}, "16": {"0": {"Train_loss": 0.00019572679682786824, "Test_loss": 0.08322322964668274, "Train_acc": 0.5317700742458811, "Test_acc": 0.33967350125312806}, "1": {"Train_loss": 0.0002076446679503923, "Test_loss": 0.08444688469171524, "Train_acc": 0.13297573492235068, "Test_acc": 0.3312361717224121}}, "17": {"0": {"Train_loss": 0.00015686645409524708, "Test_loss": 0.08458599746227265, "Train_acc": 0.5172991071428571, "Test_acc": 0.3300642967224121}, "1": {"Train_loss": 0.0001695498826198413, "Test_loss": 0.08525246679782868, "Train_acc": 0.12415915028173097, "Test_acc": 0.32229846715927124}}, "18": {"0": {"Train_loss": 0.00019122070629311232, "Test_loss": 0.08572356700897217, "Train_acc": 0.5002391581632653, "Test_acc": 0.31868518590927125}, "1": {"Train_loss": 0.00014979179163952832, "Test_loss": 0.08625231981277466, "Train_acc": 0.11128636723270222, "Test_acc": 0.3114793598651886}}, "19": {"0": {"Train_loss": 0.0001379377830076288, "Test_loss": 0.0853169709444046, "Train_acc": 0.5029078597316936, "Test_acc": 0.31934285163879395}, "1": {"Train_loss": 0.0001846283309848276, "Test_loss": 0.08500764220952987, "Train_acc": 0.11224299988576344, "Test_acc": 0.3171754002571106}}}