{"0": {"Test_loss": 0.10738271176815033, "Test_acc": 0.825134813785553, "Train_loss": 0.09017228597432983, "Train_acc": 0.8942362882044851}, "1": {"Test_loss": 0.10542266070842743, "Test_acc": 0.6881585359573364, "Train_loss": 0.08732303669105987, "Train_acc": 0.7840401785714286}, "2": {"Test_loss": 0.10777471363544464, "Test_acc": 0.8087631344795227, "Train_loss": 0.08754820570501747, "Train_acc": 0.8794642857142857}, "3": {"Test_loss": 0.10428165495395661, "Test_acc": 0.6567296385765076, "Train_loss": 0.08418286660191965, "Train_acc": 0.7620495855808258}, "4": {"Test_loss": 0.10732122510671616, "Test_acc": 0.7990381240844726, "Train_loss": 0.08529123629690433, "Train_acc": 0.8732142858967489}, "5": {"Test_loss": 0.10286308377981186, "Test_acc": 0.6667605757713317, "Train_loss": 0.08246635596210859, "Train_acc": 0.7649553573253204}, "6": {"Test_loss": 0.10492337495088577, "Test_acc": 0.7916231632232666, "Train_loss": 0.0826893933877653, "Train_acc": 0.869826211917157}, "7": {"Test_loss": 0.10372930169105529, "Test_acc": 0.6567616105079651, "Train_loss": 0.082162792357255, "Train_acc": 0.7681680485910299}, "8": {"Test_loss": 0.10303454697132111, "Test_acc": 0.7843257427215576, "Train_loss": 0.07962919471367282, "Train_acc": 0.8664500956632653}, "9": {"Test_loss": 0.10216448903083801, "Test_acc": 0.6775857329368591, "Train_loss": 0.08105085512661205, "Train_acc": 0.7778101086008306}, "10": {"Test_loss": 0.10094594657421112, "Test_acc": 0.7788967370986939, "Train_loss": 0.07753680182658897, "Train_acc": 0.860594706571832}, "11": {"Test_loss": 0.10073932856321335, "Test_acc": 0.6894470691680908, "Train_loss": 0.07918300802762411, "Train_acc": 0.7837890626824632}, "12": {"Test_loss": 0.09850036203861237, "Test_acc": 0.7762989163398742, "Train_loss": 0.07520230855716735, "Train_acc": 0.8572783801628618}, "13": {"Test_loss": 0.10027751624584198, "Test_acc": 0.6877013564109802, "Train_loss": 0.07850645391308532, "Train_acc": 0.7838767538873517}, "14": {"Test_loss": 0.09731208682060241, "Test_acc": 0.7734418153762818, "Train_loss": 0.07439671350376946, "Train_acc": 0.8564094387146891}, "15": {"Test_loss": 0.09973481744527816, "Test_acc": 0.6898696780204773, "Train_loss": 0.07734047708918854, "Train_acc": 0.7895448022350973}, "16": {"Test_loss": 0.09704561680555343, "Test_acc": 0.7705838680267334, "Train_loss": 0.07385243441225314, "Train_acc": 0.8528260524783816}, "17": {"Test_loss": 0.09936421513557434, "Test_acc": 0.6888023734092712, "Train_loss": 0.07663176710508307, "Train_acc": 0.7896205357142857}, "18": {"Test_loss": 0.09636455327272415, "Test_acc": 0.7681364059448242, "Train_loss": 0.07242821860222184, "Train_acc": 0.8533482144073564}, "19": {"Test_loss": 0.09882325977087021, "Test_acc": 0.6843430280685425, "Train_loss": 0.07609672487086179, "Train_acc": 0.7897241708575463}, "20": {"Test_loss": 0.09624380767345428, "Test_acc": 0.7658056259155274, "Train_loss": 0.07242724196795298, "Train_acc": 0.8507971939991932}, "21": {"Test_loss": 0.09895430356264115, "Test_acc": 0.6819534659385681, "Train_loss": 0.07639984383570905, "Train_acc": 0.7870176978865449}, "22": {"Test_loss": 0.09607549011707306, "Test_acc": 0.7640028715133667, "Train_loss": 0.07207322759287697, "Train_acc": 0.8509167730808258}, "23": {"Test_loss": 0.09789098501205444, "Test_acc": 0.6908851265907288, "Train_loss": 0.07534993949289225, "Train_acc": 0.7923708545918368}, "24": {"Test_loss": 0.09605831503868104, "Test_acc": 0.7604613184928894, "Train_loss": 0.07171845766810739, "Train_acc": 0.8465282208457285}, "25": {"Test_loss": 0.09800048023462296, "Test_acc": 0.6872787594795227, "Train_loss": 0.07528983991669148, "Train_acc": 0.7918287628159231}, "26": {"Test_loss": 0.09622966647148132, "Test_acc": 0.7551040530204773, "Train_loss": 0.07204465644091976, "Train_acc": 0.842219387694281}, "27": {"Test_loss": 0.09738451093435288, "Test_acc": 0.6850326657295227, "Train_loss": 0.07440922496726318, "Train_acc": 0.7905492667032747}, "28": {"Test_loss": 0.09629466533660888, "Test_acc": 0.7564444422721863, "Train_loss": 0.07177145600470962, "Train_acc": 0.8426419006926673}, "29": {"Test_loss": 0.09688194543123245, "Test_acc": 0.6888213872909545, "Train_loss": 0.07375959101684239, "Train_acc": 0.7901347258261272}, "30": {"Test_loss": 0.09609888345003129, "Test_acc": 0.7561843156814575, "Train_loss": 0.07174908894361282, "Train_acc": 0.8421476404277646}, "31": {"Test_loss": 0.09678996950387955, "Test_acc": 0.6885673046112061, "Train_loss": 0.07408888463158997, "Train_acc": 0.791633450255102}, "32": {"Test_loss": 0.09564736485481262, "Test_acc": 0.7547981142997742, "Train_loss": 0.07165390946807301, "Train_acc": 0.8397480866738728}, "33": {"Test_loss": 0.09728125482797623, "Test_acc": 0.6893027544021606, "Train_loss": 0.07417581302627009, "Train_acc": 0.7926897321428571}, "34": {"Test_loss": 0.0939222365617752, "Test_acc": 0.7556770205497741, "Train_loss": 0.07002888342403636, "Train_acc": 0.842350924805719}, "35": {"Test_loss": 0.096973916888237, "Test_acc": 0.6906051278114319, "Train_loss": 0.07351946838352146, "Train_acc": 0.7902463330906264}, "36": {"Test_loss": 0.09297261983156205, "Test_acc": 0.7552475094795227, "Train_loss": 0.06923280700052879, "Train_acc": 0.8418925383261272}, "37": {"Test_loss": 0.0969292938709259, "Test_acc": 0.6886978030204773, "Train_loss": 0.07368232233791935, "Train_acc": 0.7906648598763407}, "38": {"Test_loss": 0.09220395386219024, "Test_acc": 0.7527084469795227, "Train_loss": 0.06857546217435477, "Train_acc": 0.840772480988989}, "39": {"Test_loss": 0.09665266275405884, "Test_acc": 0.693840742111206, "Train_loss": 0.07379687315195191, "Train_acc": 0.7909040180396061}}