{"0": {"0": {"Train_loss": 0.3403643027556186, "Test_loss": 0.6825333356857299, "Train_acc": 0.879428222471354, "Test_acc": 0.7944223642349243}, "1": {"Train_loss": 0.5397374222473222, "Test_loss": 0.6670916914939881, "Train_acc": 0.7876180605012544, "Test_acc": 0.7768917679786682}}, "1": {"0": {"Train_loss": 0.6900387941574564, "Test_loss": 0.6858473658561707, "Train_acc": 0.782730503349888, "Test_acc": 0.7666905760765076}, "1": {"Train_loss": 0.77927800222319, "Test_loss": 0.727043879032135, "Train_acc": 0.7524504223648383, "Test_acc": 0.7493354201316833}}, "2": {"0": {"Train_loss": 0.8518547336665951, "Test_loss": 0.7399969816207885, "Train_acc": 0.7527692999158587, "Test_acc": 0.7483320593833923}, "1": {"Train_loss": 0.896692198150012, "Test_loss": 0.7842347145080566, "Train_acc": 0.7310552572717472, "Test_acc": 0.7315455555915833}}, "3": {"0": {"Train_loss": 0.9418693756570622, "Test_loss": 0.8062362909317017, "Train_acc": 0.7240076837491016, "Test_acc": 0.7276782035827637}, "1": {"Train_loss": 1.0119634057794298, "Test_loss": 0.8294076085090637, "Train_acc": 0.7095974549955252, "Test_acc": 0.7217410445213318}}, "4": {"0": {"Train_loss": 1.0494164812321565, "Test_loss": 0.8559980988502502, "Train_acc": 0.7042353773603633, "Test_acc": 0.7096662402153016}, "1": {"Train_loss": 1.1043529267213783, "Test_loss": 0.8992771506309509, "Train_acc": 0.687230472662011, "Test_acc": 0.6958638668060303}}, "5": {"0": {"Train_loss": 1.1116486191749573, "Test_loss": 0.9156809329986573, "Train_acc": 0.6865756347471353, "Test_acc": 0.691547977924347}, "1": {"Train_loss": 1.1557598150506312, "Test_loss": 0.9227329373359681, "Train_acc": 0.6730707908163265, "Test_acc": 0.6871612310409546}}, "6": {"0": {"Train_loss": 1.1559296420642309, "Test_loss": 0.9401686429977417, "Train_acc": 0.670077517932775, "Test_acc": 0.6833327531814575}, "1": {"Train_loss": 1.1926983923328167, "Test_loss": 0.9796485424041748, "Train_acc": 0.6521501455988202, "Test_acc": 0.6671823143959046}}, "7": {"0": {"Train_loss": 1.2287796066731822, "Test_loss": 1.0011753678321837, "Train_acc": 0.6511043036470607, "Test_acc": 0.6596835255622864}, "1": {"Train_loss": 1.27790494597688, "Test_loss": 1.0098905920982362, "Train_acc": 0.6427071946007865, "Test_acc": 0.6621240615844727}}, "8": {"0": {"Train_loss": 1.2715330926739439, "Test_loss": 1.0124748587608337, "Train_acc": 0.6370679967257441, "Test_acc": 0.6579326272010804}, "1": {"Train_loss": 1.2969700195351426, "Test_loss": 1.0496933460235596, "Train_acc": 0.6266722089173843, "Test_acc": 0.6435529589653015}}, "9": {"0": {"Train_loss": 1.31631125114402, "Test_loss": 1.0563318014144898, "Train_acc": 0.6262887971741813, "Test_acc": 0.6441518545150757}, "1": {"Train_loss": 1.338821526692838, "Test_loss": 1.0850762367248534, "Train_acc": 0.6216954418591091, "Test_acc": 0.6339766025543213}}, "10": {"0": {"Train_loss": 1.343420363202387, "Test_loss": 1.0961578130722045, "Train_acc": 0.6162327655724117, "Test_acc": 0.6306960344314575}, "1": {"Train_loss": 1.3794385730003824, "Test_loss": 1.1088490724563598, "Train_acc": 0.6093636118635839, "Test_acc": 0.6315541982650756}}, "11": {"0": {"Train_loss": 1.374559987564476, "Test_loss": 1.1250776290893554, "Train_acc": 0.6062564533583972, "Test_acc": 0.6201370596885681}, "1": {"Train_loss": 1.3745750371290713, "Test_loss": 1.1168580770492553, "Train_acc": 0.5984724249158587, "Test_acc": 0.6228576064109802}}, "12": {"0": {"Train_loss": 1.3883351525481866, "Test_loss": 1.1326510906219482, "Train_acc": 0.5978707330567496, "Test_acc": 0.6172402143478394}, "1": {"Train_loss": 1.4119624142744103, "Test_loss": 1.1477628469467163, "Train_acc": 0.588059554294664, "Test_acc": 0.6054834365844727}}, "13": {"0": {"Train_loss": 1.4144140117022457, "Test_loss": 1.1689143180847168, "Train_acc": 0.579349262373788, "Test_acc": 0.5990061521530151}, "1": {"Train_loss": 1.4237189341564567, "Test_loss": 1.1947034358978272, "Train_acc": 0.5722447463444301, "Test_acc": 0.5911556243896484}}, "14": {"0": {"Train_loss": 1.4202867077321422, "Test_loss": 1.2043075799942016, "Train_acc": 0.5746230410069836, "Test_acc": 0.5879856824874878}, "1": {"Train_loss": 1.440102076043888, "Test_loss": 1.2031516551971435, "Train_acc": 0.5704567541881483, "Test_acc": 0.5883175492286682}}, "15": {"0": {"Train_loss": 1.456950870095467, "Test_loss": 1.2093716144561768, "Train_acc": 0.5745110548272425, "Test_acc": 0.5896138668060302}, "1": {"Train_loss": 1.4591446166135826, "Test_loss": 1.2191988945007324, "Train_acc": 0.5670440051020408, "Test_acc": 0.5828885555267334}}, "16": {"0": {"Train_loss": 1.4745892578241777, "Test_loss": 1.2185715675354003, "Train_acc": 0.5632174744897959, "Test_acc": 0.5867749214172363}, "1": {"Train_loss": 1.4694475495085424, "Test_loss": 1.2132830381393434, "Train_acc": 0.5646998754569462, "Test_acc": 0.587341845035553}}, "17": {"0": {"Train_loss": 1.4417112311538385, "Test_loss": 1.2079230070114135, "Train_acc": 0.5644056730124415, "Test_acc": 0.5856030464172364}, "1": {"Train_loss": 1.4733950970124225, "Test_loss": 1.2263267755508422, "Train_acc": 0.5623101920497661, "Test_acc": 0.5791006922721863}}, "18": {"0": {"Train_loss": 1.486885749563879, "Test_loss": 1.2424344301223755, "Train_acc": 0.5527780311448234, "Test_acc": 0.5713279485702515}, "1": {"Train_loss": 1.5112137672852497, "Test_loss": 1.2549997091293335, "Train_acc": 0.5517663542105227, "Test_acc": 0.5722984671592712}}, "19": {"0": {"Train_loss": 1.5308459960684484, "Test_loss": 1.253196358680725, "Train_acc": 0.5519865313354804, "Test_acc": 0.5796797275543213}, "1": {"Train_loss": 1.5707998993445416, "Test_loss": 1.2804061412811278, "Train_acc": 0.5487901635315954, "Test_acc": 0.5719527840614319}}}