{"0": {"0": {"Train_loss": 0.3713834915234118, "Test_loss": 7.8233723640441895, "Train_acc": 0.8636361914021629, "Test_acc": 0.4220608055591583}, "1": {"Train_loss": 0.7394140916211265, "Test_loss": 9.148935508728027, "Train_acc": 0.0, "Test_acc": 0.395832759141922}}, "1": {"0": {"Train_loss": 0.6879246210565373, "Test_loss": 6.921177864074707, "Train_acc": 0.779824541539562, "Test_acc": 0.39061808586120605}, "1": {"Train_loss": 0.8206975612105155, "Test_loss": 8.084979724884032, "Train_acc": 0.0, "Test_acc": 0.37518407702445983}}, "2": {"0": {"Train_loss": 0.741651830624561, "Test_loss": 6.678390026092529, "Train_acc": 0.7276576927730015, "Test_acc": 0.37092090845108033}, "1": {"Train_loss": 0.8720211423173243, "Test_loss": 7.002459239959717, "Train_acc": 0.0, "Test_acc": 0.3617351710796356}}, "3": {"0": {"Train_loss": 0.8319928773811885, "Test_loss": 6.458017444610595, "Train_acc": 0.6965975007232355, "Test_acc": 0.3508305072784424}, "1": {"Train_loss": 0.9228881153525138, "Test_loss": 6.907475471496582, "Train_acc": 0.0, "Test_acc": 0.34592955112457274}}, "4": {"0": {"Train_loss": 0.8867050239018032, "Test_loss": 6.429038143157959, "Train_acc": 0.6797102768810428, "Test_acc": 0.34593560099601744}, "1": {"Train_loss": 0.9633945853126292, "Test_loss": 6.711218166351318, "Train_acc": 0.0, "Test_acc": 0.3481488525867462}}, "5": {"0": {"Train_loss": 0.9354410664159425, "Test_loss": 6.299028396606445, "Train_acc": 0.6621587252130314, "Test_acc": 0.34057746529579164}, "1": {"Train_loss": 0.9751993004156618, "Test_loss": 6.948703765869141, "Train_acc": 0.0, "Test_acc": 0.3329939842224121}}, "6": {"0": {"Train_loss": 0.9560481200412828, "Test_loss": 6.190551853179931, "Train_acc": 0.6511118959407417, "Test_acc": 0.3340872168540955}, "1": {"Train_loss": 1.009613645320036, "Test_loss": 6.521971035003662, "Train_acc": 0.0, "Test_acc": 0.32984997034072877}}, "7": {"0": {"Train_loss": 0.9927141684658674, "Test_loss": 5.8084968566894535, "Train_acc": 0.6413481685580039, "Test_acc": 0.331184321641922}, "1": {"Train_loss": 1.0332680016147846, "Test_loss": 6.297967052459716, "Train_acc": 0.0, "Test_acc": 0.3208405375480652}}, "8": {"0": {"Train_loss": 1.0046270009206266, "Test_loss": 5.91479263305664, "Train_acc": 0.627826242422571, "Test_acc": 0.3217254877090454}, "1": {"Train_loss": 1.058895090404822, "Test_loss": 5.827516651153564, "Train_acc": 0.0, "Test_acc": 0.31752713322639464}}, "9": {"0": {"Train_loss": 1.0399533783902928, "Test_loss": 5.722461318969726, "Train_acc": 0.6184288445784121, "Test_acc": 0.3166093409061432}, "1": {"Train_loss": 1.0882931096213204, "Test_loss": 5.7755989074707035, "Train_acc": 0.0, "Test_acc": 0.3159516751766205}}, "10": {"0": {"Train_loss": 1.078840438200503, "Test_loss": 5.55182523727417, "Train_acc": 0.606341867422571, "Test_acc": 0.3146501660346985}, "1": {"Train_loss": 1.0964952123408416, "Test_loss": 5.77884464263916, "Train_acc": 0.0, "Test_acc": 0.3118768990039825}}, "11": {"0": {"Train_loss": 1.1039747060561667, "Test_loss": 5.49525899887085, "Train_acc": 0.6040110241393654, "Test_acc": 0.3157822847366333}, "1": {"Train_loss": 1.1221550885511904, "Test_loss": 5.592126274108887, "Train_acc": 0.0, "Test_acc": 0.30740458965301515}}, "12": {"0": {"Train_loss": 1.1137339168665361, "Test_loss": 5.4337013244628904, "Train_acc": 0.5796074009671504, "Test_acc": 0.3047091066837311}, "1": {"Train_loss": 1.1490668496307062, "Test_loss": 5.4302009582519535, "Train_acc": 0.0, "Test_acc": 0.30015901327133176}}, "13": {"0": {"Train_loss": 1.1208558009595286, "Test_loss": 5.493692874908447, "Train_acc": 0.5694469754793205, "Test_acc": 0.29987900853157046}, "1": {"Train_loss": 1.1459225306705552, "Test_loss": 5.547547721862793, "Train_acc": 0.0, "Test_acc": 0.29474903345108033}}, "14": {"0": {"Train_loss": 1.1461349871693824, "Test_loss": 5.241969013214112, "Train_acc": 0.5535106902219811, "Test_acc": 0.29719043970108033}, "1": {"Train_loss": 1.1549964303873024, "Test_loss": 5.494356632232666, "Train_acc": 0.0, "Test_acc": 0.28932003378868104}}, "15": {"0": {"Train_loss": 1.139645248043294, "Test_loss": 5.461398696899414, "Train_acc": 0.5381077655724117, "Test_acc": 0.29112365245819094}, "1": {"Train_loss": 1.1421997766105496, "Test_loss": 5.545971393585205, "Train_acc": 0.0, "Test_acc": 0.29086956977844236}}, "16": {"0": {"Train_loss": 1.1371851940544284, "Test_loss": 5.431398105621338, "Train_acc": 0.5329222092214896, "Test_acc": 0.2861431837081909}, "1": {"Train_loss": 1.1440699696540833, "Test_loss": 5.556698036193848, "Train_acc": 0.0, "Test_acc": 0.27934008836746216}}, "17": {"0": {"Train_loss": 1.149001604440261, "Test_loss": 5.258449459075928, "Train_acc": 0.5203683035714286, "Test_acc": 0.2818333446979523}, "1": {"Train_loss": 1.146987402925686, "Test_loss": 5.597961807250977, "Train_acc": 0.0, "Test_acc": 0.27733510732650757}}, "18": {"0": {"Train_loss": 1.145206804178199, "Test_loss": 5.421350002288818, "Train_acc": 0.5089361637222524, "Test_acc": 0.2744710981845856}, "1": {"Train_loss": 1.1651570383383303, "Test_loss": 5.580988502502441, "Train_acc": 0.0, "Test_acc": 0.2758253276348114}}, "19": {"0": {"Train_loss": 1.1755873256800127, "Test_loss": 5.286753082275391, "Train_acc": 0.5115612094499626, "Test_acc": 0.27773956060409544}, "1": {"Train_loss": 1.1750247162215564, "Test_loss": 5.357178401947022, "Train_acc": 0.0, "Test_acc": 0.2815930902957916}}}