{"0": {"Test_loss": 0.10496789067983628, "Test_acc": 0.8273489356040955, "Train_loss": 0.09373612260940123, "Train_acc": 0.8744379783771477}, "1": {"Test_loss": 0.10104061067104339, "Test_acc": 0.7024673342704773, "Train_loss": 0.08874405726638375, "Train_acc": 0.768311543428168}, "2": {"Test_loss": 0.1029787927865982, "Test_acc": 0.8115173816680908, "Train_loss": 0.08885776506242704, "Train_acc": 0.8605189733967489}, "3": {"Test_loss": 0.0999276265501976, "Test_acc": 0.6451673150062561, "Train_loss": 0.08681932365407749, "Train_acc": 0.7134247449587803}, "4": {"Test_loss": 0.10272024720907211, "Test_acc": 0.8051965236663818, "Train_loss": 0.08768179640173912, "Train_acc": 0.8503746813049122}, "5": {"Test_loss": 0.09762508273124695, "Test_acc": 0.6617083787918091, "Train_loss": 0.0831341883737822, "Train_acc": 0.7291374361636688}, "6": {"Test_loss": 0.10418856739997864, "Test_acc": 0.801330029964447, "Train_loss": 0.0878914040038172, "Train_acc": 0.8487683355200047}, "7": {"Test_loss": 0.09755013585090637, "Test_acc": 0.6564098834991455, "Train_loss": 0.08328265685360042, "Train_acc": 0.7190728634595871}, "8": {"Test_loss": 0.10346331149339676, "Test_acc": 0.7954576849937439, "Train_loss": 0.08756102838230376, "Train_acc": 0.8417450575804224}, "9": {"Test_loss": 0.09562249481678009, "Test_acc": 0.6756524801254272, "Train_loss": 0.08121287758101006, "Train_acc": 0.7399992027453014}, "10": {"Test_loss": 0.10393817722797394, "Test_acc": 0.7892603993415832, "Train_loss": 0.086700136146071, "Train_acc": 0.8376195792640958}, "11": {"Test_loss": 0.09628517925739288, "Test_acc": 0.6729578614234925, "Train_loss": 0.08109900644239114, "Train_acc": 0.7368144134477693}, "12": {"Test_loss": 0.10289149582386017, "Test_acc": 0.7873461723327637, "Train_loss": 0.08561501328890421, "Train_acc": 0.8360650512028713}, "13": {"Test_loss": 0.09636687189340591, "Test_acc": 0.6759981632232666, "Train_loss": 0.08131706007585233, "Train_acc": 0.7360809950196013}, "14": {"Test_loss": 0.10233114212751389, "Test_acc": 0.7865847945213318, "Train_loss": 0.08502165364975832, "Train_acc": 0.8343550702747033}, "15": {"Test_loss": 0.09558228403329849, "Test_acc": 0.6851242780685425, "Train_loss": 0.08067466177958615, "Train_acc": 0.7473612883869483}, "16": {"Test_loss": 0.10293460488319398, "Test_acc": 0.7824901461601257, "Train_loss": 0.08537387642629292, "Train_acc": 0.8323142537657096}, "17": {"Test_loss": 0.09558017551898956, "Test_acc": 0.6900062203407288, "Train_loss": 0.08007246719635262, "Train_acc": 0.7531010843053156}, "18": {"Test_loss": 0.10142839252948761, "Test_acc": 0.7814548134803772, "Train_loss": 0.08406633997754175, "Train_acc": 0.830309311346132}, "19": {"Test_loss": 0.0944462165236473, "Test_acc": 0.7057660341262817, "Train_loss": 0.07944585158660704, "Train_acc": 0.7614875639579735}, "20": {"Test_loss": 0.10257990211248398, "Test_acc": 0.7761174321174622, "Train_loss": 0.08468010196728366, "Train_acc": 0.8289381378159231}, "21": {"Test_loss": 0.0951824963092804, "Test_acc": 0.7032407999038697, "Train_loss": 0.07955469730861332, "Train_acc": 0.7646444515914333}, "22": {"Test_loss": 0.10259500741958619, "Test_acc": 0.7750561714172364, "Train_loss": 0.08496702192541288, "Train_acc": 0.8252551020408163}, "23": {"Test_loss": 0.09497699737548829, "Test_acc": 0.7090016603469849, "Train_loss": 0.07870613118367535, "Train_acc": 0.7715043048469388}, "24": {"Test_loss": 0.10143899023532868, "Test_acc": 0.7735394716262818, "Train_loss": 0.08224741764822785, "Train_acc": 0.8254663585400095}, "25": {"Test_loss": 0.09544778913259507, "Test_acc": 0.7045362591743469, "Train_loss": 0.07912309578030693, "Train_acc": 0.7635762116738728}, "26": {"Test_loss": 0.10082397311925888, "Test_acc": 0.7710202932357788, "Train_loss": 0.08255639132492397, "Train_acc": 0.821599968233887}, "27": {"Test_loss": 0.09551635682582856, "Test_acc": 0.7040799617767334, "Train_loss": 0.07893226310914876, "Train_acc": 0.7674107144073564}, "28": {"Test_loss": 0.10117708891630173, "Test_acc": 0.7699140906333923, "Train_loss": 0.08318467860167124, "Train_acc": 0.821536192784504}, "29": {"Test_loss": 0.09580782204866409, "Test_acc": 0.7054151654243469, "Train_loss": 0.0793935940125767, "Train_acc": 0.7658322705906264}, "30": {"Test_loss": 0.10204690545797349, "Test_acc": 0.7686316013336182, "Train_loss": 0.08374356562081649, "Train_acc": 0.8200972575922402}, "31": {"Test_loss": 0.09569675028324127, "Test_acc": 0.7088331341743469, "Train_loss": 0.07964187788263875, "Train_acc": 0.7656130422742999}, "32": {"Test_loss": 0.10051356852054597, "Test_acc": 0.7679022073745727, "Train_loss": 0.08230351934171452, "Train_acc": 0.8202128507653061}, "33": {"Test_loss": 0.09444327801465988, "Test_acc": 0.7165203213691711, "Train_loss": 0.07832923622763886, "Train_acc": 0.7725326850706217}, "34": {"Test_loss": 0.0989894613623619, "Test_acc": 0.7671079874038697, "Train_loss": 0.08137838599481145, "Train_acc": 0.8183633609085667}, "35": {"Test_loss": 0.0939425379037857, "Test_acc": 0.7184924602508544, "Train_loss": 0.0773751852767808, "Train_acc": 0.7761280293367347}, "36": {"Test_loss": 0.09985454529523849, "Test_acc": 0.7660277247428894, "Train_loss": 0.08177845005174073, "Train_acc": 0.8187420280004034}, "37": {"Test_loss": 0.09326586723327637, "Test_acc": 0.7209986805915832, "Train_loss": 0.07706467438565225, "Train_acc": 0.7778260522350973}, "38": {"Test_loss": 0.09894534051418305, "Test_acc": 0.7664243936538696, "Train_loss": 0.08065213209816388, "Train_acc": 0.8197345344387755}, "39": {"Test_loss": 0.0928413599729538, "Test_acc": 0.7237849116325379, "Train_loss": 0.07665232435933181, "Train_acc": 0.7847576530612245}}