{"0": {"Test_loss": 0.09016245752573013, "Test_acc": 0.6934553027153015, "Train_loss": 0.44042277822689135, "Train_acc": 0.00015943877551020407}, "1": {"Test_loss": 0.10188451558351516, "Test_acc": 0.3628776609897614, "Train_loss": 0.200501237976916, "Train_acc": 0.5168606505102041}, "2": {"Test_loss": 0.09398618191480637, "Test_acc": 0.6229474902153015, "Train_loss": 0.5733876705777888, "Train_acc": 0.03130181760964345}, "3": {"Test_loss": 0.10341573506593704, "Test_acc": 0.39543349146842954, "Train_loss": 0.37013082464738767, "Train_acc": 0.3127391581632653}, "4": {"Test_loss": 0.09737074226140977, "Test_acc": 0.5940714836120605, "Train_loss": 0.7137992832125449, "Train_acc": 0.036794483419317674}, "5": {"Test_loss": 0.10470585972070694, "Test_acc": 0.40831547379493716, "Train_loss": 0.5218986389892442, "Train_acc": 0.23892697707122687}, "6": {"Test_loss": 0.09934504628181458, "Test_acc": 0.5896709084510803, "Train_loss": 0.8409865915167088, "Train_acc": 0.04265784438965576}, "7": {"Test_loss": 0.10665611475706101, "Test_acc": 0.4154296875, "Train_loss": 0.658093027010256, "Train_acc": 0.2110969387755102}, "8": {"Test_loss": 0.10220321118831635, "Test_acc": 0.5767353415489197, "Train_loss": 0.9623712249556367, "Train_acc": 0.04831393494992992}, "9": {"Test_loss": 0.10827784091234208, "Test_acc": 0.42820191383361816, "Train_loss": 0.7858653153691973, "Train_acc": 0.18777901785714285}, "10": {"Test_loss": 0.10373976826667786, "Test_acc": 0.5712147355079651, "Train_loss": 1.0736046345258246, "Train_acc": 0.052351721942576826}, "11": {"Test_loss": 0.11049423664808274, "Test_acc": 0.4314375340938568, "Train_loss": 0.9027038405136186, "Train_acc": 0.17556999365285952}, "12": {"Test_loss": 0.10544260293245315, "Test_acc": 0.5655385732650757, "Train_loss": 1.1801186556718788, "Train_acc": 0.05601881377931152}, "13": {"Test_loss": 0.11303306668996811, "Test_acc": 0.4273109078407288, "Train_loss": 1.0108342420081704, "Train_acc": 0.16635044645137934}, "14": {"Test_loss": 0.10704229474067688, "Test_acc": 0.5596610546112061, "Train_loss": 1.2801745655585308, "Train_acc": 0.060279815058623044}, "15": {"Test_loss": 0.11451840102672577, "Test_acc": 0.4296598434448242, "Train_loss": 1.1144054973003816, "Train_acc": 0.15943877551020408}, "16": {"Test_loss": 0.10869620889425277, "Test_acc": 0.5555335640907287, "Train_loss": 1.3762782088347845, "Train_acc": 0.06418207907403002}, "17": {"Test_loss": 0.11670711785554885, "Test_acc": 0.4358052730560303, "Train_loss": 1.2132287749222346, "Train_acc": 0.15265066967326768}, "18": {"Test_loss": 0.11070775687694549, "Test_acc": 0.5476501941680908, "Train_loss": 1.4690547384777848, "Train_acc": 0.06447305484693877}, "19": {"Test_loss": 0.1169802039861679, "Test_acc": 0.443460488319397, "Train_loss": 1.3091634213924408, "Train_acc": 0.14702248086734693}, "20": {"Test_loss": 0.11323746889829636, "Test_acc": 0.5402361035346985, "Train_loss": 1.5549557531366542, "Train_acc": 0.06652582908163265}, "21": {"Test_loss": 0.11796420067548752, "Test_acc": 0.447855019569397, "Train_loss": 1.3987264675753457, "Train_acc": 0.1447624362701056}, "22": {"Test_loss": 0.11423805207014084, "Test_acc": 0.5385042190551758, "Train_loss": 1.6387943065896327, "Train_acc": 0.06923628826530612}, "23": {"Test_loss": 0.11930556297302246, "Test_acc": 0.4495411038398743, "Train_loss": 1.4861787210921853, "Train_acc": 0.1425462372753085}, "24": {"Test_loss": 0.11490254253149032, "Test_acc": 0.5377428412437439, "Train_loss": 1.7177456301085803, "Train_acc": 0.07148836096938775}, "25": {"Test_loss": 0.12129630148410797, "Test_acc": 0.44941146969795226, "Train_loss": 1.5685565155379626, "Train_acc": 0.13747608418367346}, "26": {"Test_loss": 0.11673057675361634, "Test_acc": 0.5295466303825378, "Train_loss": 1.7964647558270668, "Train_acc": 0.07336973851280552}, "27": {"Test_loss": 0.12304534912109374, "Test_acc": 0.45036815404891967, "Train_loss": 1.6493453559826832, "Train_acc": 0.13510044645137934}, "28": {"Test_loss": 0.11916019767522812, "Test_acc": 0.5259601473808289, "Train_loss": 1.8710548439804389, "Train_acc": 0.07276387117346939}, "29": {"Test_loss": 0.12406403571367264, "Test_acc": 0.45158583521842954, "Train_loss": 1.7249829854284013, "Train_acc": 0.1334741709335726}, "30": {"Test_loss": 0.1203220546245575, "Test_acc": 0.5237468838691711, "Train_loss": 1.945860703988951, "Train_acc": 0.07505181762484872}, "31": {"Test_loss": 0.12575384825468064, "Test_acc": 0.45073976516723635, "Train_loss": 1.8003153837456995, "Train_acc": 0.13261320153061223}, "32": {"Test_loss": 0.12122631371021271, "Test_acc": 0.5235057711601258, "Train_loss": 2.023263002536735, "Train_acc": 0.07504783164025569}, "33": {"Test_loss": 0.12688468992710114, "Test_acc": 0.4531742572784424, "Train_loss": 1.8790376052564504, "Train_acc": 0.13305564414785834}, "34": {"Test_loss": 0.12246582508087159, "Test_acc": 0.5219631552696228, "Train_loss": 2.0984444119492354, "Train_acc": 0.07720822704081633}, "35": {"Test_loss": 0.12872059941291808, "Test_acc": 0.4530437648296356, "Train_loss": 1.9560249642449983, "Train_acc": 0.1262236925944382}, "36": {"Test_loss": 0.12489036917686462, "Test_acc": 0.5198665618896484, "Train_loss": 2.1729589153309257, "Train_acc": 0.07669802296108433}, "37": {"Test_loss": 0.12936657071113586, "Test_acc": 0.45476873517036437, "Train_loss": 2.031914323568344, "Train_acc": 0.1281768175944382}, "38": {"Test_loss": 0.12734350711107253, "Test_acc": 0.5169636726379394, "Train_loss": 2.252417122222939, "Train_acc": 0.07728794642857142}, "39": {"Test_loss": 0.13094774186611174, "Test_acc": 0.4561099946498871, "Train_loss": 2.109307581672863, "Train_acc": 0.12757493623969507}}