{"0": {"0": {"Train_loss": 0.022778330075486405, "Test_loss": 0.06599881748358409, "Train_acc": 0.9928493790510224, "Test_acc": 0.9803189436594645}, "1": {"Train_loss": 0.014694241043697629, "Test_loss": 0.11164723585049312, "Train_acc": 0.9962819533215629, "Test_acc": 0.9658361474672953}}, "1": {"0": {"Train_loss": 0.0035531217531903033, "Test_loss": 0.05792994052171707, "Train_acc": 0.9989970980620966, "Test_acc": 0.9842734535535177}, "1": {"Train_loss": 0.005906060279812664, "Test_loss": 0.10545607407887776, "Train_acc": 0.9987521701388888, "Test_acc": 0.9726324876149496}}, "2": {"0": {"Train_loss": 0.002252282234754913, "Test_loss": 0.05054052794973055, "Train_acc": 0.9996665396341463, "Test_acc": 0.9862863620122274}, "1": {"Train_loss": 0.020983039601964668, "Test_loss": 0.06881255159775417, "Train_acc": 0.9929470486111112, "Test_acc": 0.9799502293268839}}, "3": {"0": {"Train_loss": 0.0022506029983959727, "Test_loss": 0.05150835836927096, "Train_acc": 0.9995712652439024, "Test_acc": 0.9864541490872701}, "1": {"Train_loss": 0.004173127581856938, "Test_loss": 0.07538915798068047, "Train_acc": 0.9990776909722222, "Test_acc": 0.977987011273702}}, "4": {"0": {"Train_loss": 0.0037531082205355124, "Test_loss": 0.05233320655922095, "Train_acc": 0.9988567073170732, "Test_acc": 0.9847999016443888}, "1": {"Train_loss": 0.015064930717926472, "Test_loss": 0.07047621781627338, "Train_acc": 0.9951426304048963, "Test_acc": 0.9806062976519266}}, "5": {"0": {"Train_loss": 0.003759819313616878, "Test_loss": 0.038265423849225044, "Train_acc": 0.9989920563814116, "Test_acc": 0.9880385398864746}, "1": {"Train_loss": 0.0071911671030749046, "Test_loss": 0.05642493690053622, "Train_acc": 0.9976128472222222, "Test_acc": 0.9822670420010885}}, "6": {"0": {"Train_loss": 0.00376443052877354, "Test_loss": 0.04270443941156069, "Train_acc": 0.9989732794645356, "Test_acc": 0.9875120917956034}, "1": {"Train_loss": 0.005174970217113797, "Test_loss": 0.056841706236203514, "Train_acc": 0.9986436631944444, "Test_acc": 0.9824348290761312}}, "7": {"0": {"Train_loss": 0.0016079675629820174, "Test_loss": 0.04719300133486589, "Train_acc": 0.9998809070121951, "Test_acc": 0.9867796699206034}, "1": {"Train_loss": 0.012857528972542949, "Test_loss": 0.06841205805540085, "Train_acc": 0.9956309116548963, "Test_acc": 0.9798357089360555}}, "8": {"0": {"Train_loss": 0.0017075612296338942, "Test_loss": 0.05149405635893345, "Train_acc": 0.9998094512195121, "Test_acc": 0.9862697919209799}, "1": {"Train_loss": 0.0012971823618702022, "Test_loss": 0.07138973101973534, "Train_acc": 0.9999457465277778, "Test_acc": 0.9791529774665833}}, "9": {"0": {"Train_loss": 0.002262257499529458, "Test_loss": 0.054079229633013405, "Train_acc": 0.9995236280487805, "Test_acc": 0.9854077299435934}, "1": {"Train_loss": 0.010113359005319782, "Test_loss": 0.060772594064474106, "Train_acc": 0.9970160590277778, "Test_acc": 0.9823318521181742}}, "10": {"0": {"Train_loss": 0.0023756817766896836, "Test_loss": 0.04762756824493408, "Train_acc": 0.99956874440356, "Test_acc": 0.9870238105456034}, "1": {"Train_loss": 0.0046696168946154006, "Test_loss": 0.0549040324985981, "Train_acc": 0.9989149305555556, "Test_acc": 0.9837585290273031}}, "11": {"0": {"Train_loss": 0.007270307813930075, "Test_loss": 0.05229427292943001, "Train_acc": 0.997591800805999, "Test_acc": 0.9857217272122701}, "1": {"Train_loss": 0.0014518445006817477, "Test_loss": 0.05885846291979154, "Train_acc": 0.9998372395833334, "Test_acc": 0.9818817377090454}}, "12": {"0": {"Train_loss": 0.003092537148537614, "Test_loss": 0.04699804323414961, "Train_acc": 0.9991901676829268, "Test_acc": 0.9878376126289368}, "1": {"Train_loss": 0.003654841482380612, "Test_loss": 0.05625219146410624, "Train_acc": 0.9992947048611112, "Test_acc": 0.9830642739931742}}, "13": {"0": {"Train_loss": 0.00281011954974951, "Test_loss": 0.047858886420726776, "Train_acc": 0.9993807164634146, "Test_acc": 0.9860854148864746}, "1": {"Train_loss": 0.0014840999243056609, "Test_loss": 0.06038877492149671, "Train_acc": 0.9998914930555556, "Test_acc": 0.9805962244669596}}, "14": {"0": {"Train_loss": 0.002955925005641425, "Test_loss": 0.052451291431983314, "Train_acc": 0.9994759908536586, "Test_acc": 0.9853911797205607}, "1": {"Train_loss": 0.0019664065322204907, "Test_loss": 0.05949678892890612, "Train_acc": 0.9998914930555556, "Test_acc": 0.9818054040273031}}, "15": {"0": {"Train_loss": 0.0016712032531092807, "Test_loss": 0.04520155799885591, "Train_acc": 0.9997618140243902, "Test_acc": 0.9870835940043131}, "1": {"Train_loss": 0.0018850481735878727, "Test_loss": 0.05822699020306269, "Train_acc": 0.9998372395833334, "Test_acc": 0.9819847345352173}}, "16": {"0": {"Train_loss": 0.004750775182534509, "Test_loss": 0.044449977576732635, "Train_acc": 0.9986322565776545, "Test_acc": 0.9866118828455607}, "1": {"Train_loss": 0.0013464888308792273, "Test_loss": 0.06401465088129044, "Train_acc": 0.9998914930555556, "Test_acc": 0.9810412923494974}}, "17": {"0": {"Train_loss": 0.0009146432382361282, "Test_loss": 0.042893851175904274, "Train_acc": 0.9999523628048781, "Test_acc": 0.9880003730456034}, "1": {"Train_loss": 0.009802268080723783, "Test_loss": 0.05682816604773203, "Train_acc": 0.9965277777777778, "Test_acc": 0.9829180836677551}}, "18": {"0": {"Train_loss": 0.001859183249307978, "Test_loss": 0.04548603855073452, "Train_acc": 0.9997856326219512, "Test_acc": 0.9870022137959799}, "1": {"Train_loss": 0.0011581162543734536, "Test_loss": 0.06202590589721998, "Train_acc": 0.9999457465277778, "Test_acc": 0.9812523126602173}}, "19": {"0": {"Train_loss": 0.0008397789790207044, "Test_loss": 0.045400938019156456, "Train_acc": 1.0, "Test_acc": 0.9874307115872701}, "1": {"Train_loss": 0.0015337223141816342, "Test_loss": 0.0592074121038119, "Train_acc": 0.9997829861111112, "Test_acc": 0.9824132323265076}}}