{"0": {"0": {"Train_loss": 0.007399839268168207, "Test_loss": 6.4510498046875, "Train_acc": 0.99761561940356, "Test_acc": 0.6961731115976969}, "1": {"Train_loss": 0.014667736004210181, "Test_loss": 32.82046381632487, "Train_acc": 0.9959021790160073, "Test_acc": 0.2995086908340454}}, "1": {"0": {"Train_loss": 0.0038754145945592714, "Test_loss": 8.690978368123373, "Train_acc": 0.9991663490853658, "Test_acc": 0.6965800126393636}, "1": {"Train_loss": 0.008703361006660594, "Test_loss": 11.101637840270996, "Train_acc": 0.9972551481591331, "Test_acc": 0.2997528314590454}}, "2": {"0": {"Train_loss": 0.005181254269611999, "Test_loss": 3.5327354272206626, "Train_acc": 0.9986636376962429, "Test_acc": 0.6965800126393636}, "1": {"Train_loss": 0.004354426045514022, "Test_loss": 24.22336705525716, "Train_acc": 0.9992404513888888, "Test_acc": 0.2999969720840454}}, "3": {"0": {"Train_loss": 0.004619652470687359, "Test_loss": 6.539538224538167, "Train_acc": 0.9992378048780488, "Test_acc": 0.6966016093889872}, "1": {"Train_loss": 0.002134957829386824, "Test_loss": 10.08978017171224, "Train_acc": 0.9997829861111112, "Test_acc": 0.2997528314590454}}, "4": {"0": {"Train_loss": 0.006608556795626788, "Test_loss": 3.319761117299398, "Train_acc": 0.9983326981707317, "Test_acc": 0.6967643698056539}, "1": {"Train_loss": 0.001751681692743053, "Test_loss": 22.728152592976887, "Train_acc": 0.9999457465277778, "Test_acc": 0.2999155918757121}}, "5": {"0": {"Train_loss": 0.0019219275028018916, "Test_loss": 6.967691262563069, "Train_acc": 0.9996903582317073, "Test_acc": 0.6964770356814066}, "1": {"Train_loss": 0.001219605001905519, "Test_loss": 9.680707295735678, "Train_acc": 0.9999457465277778, "Test_acc": 0.2999969720840454}}, "6": {"0": {"Train_loss": 0.000791182582161571, "Test_loss": 3.457224448521932, "Train_acc": 0.999976181402439, "Test_acc": 0.6969271302223206}, "1": {"Train_loss": 0.0036975168299654294, "Test_loss": 22.66449483235677, "Train_acc": 0.9996202256944444, "Test_acc": 0.2999155918757121}}, "7": {"0": {"Train_loss": 0.0012952351141238313, "Test_loss": 6.752924760182698, "Train_acc": 0.9998809070121951, "Test_acc": 0.6967643698056539}, "1": {"Train_loss": 0.002009599022534935, "Test_loss": 9.419866879781088, "Train_acc": 0.9997829861111112, "Test_acc": 0.2999969720840454}}, "8": {"0": {"Train_loss": 0.005103821193986777, "Test_loss": 3.504847288131714, "Train_acc": 0.9983727728448263, "Test_acc": 0.6968457500139872}, "1": {"Train_loss": 0.002421269330726419, "Test_loss": 22.492425282796223, "Train_acc": 0.9997829861111112, "Test_acc": 0.2999155918757121}}, "9": {"0": {"Train_loss": 0.011890077533302602, "Test_loss": 4.878839015960693, "Train_acc": 0.9970703125, "Test_acc": 0.6970085104306539}, "1": {"Train_loss": 0.002140406118996907, "Test_loss": 8.188772042592367, "Train_acc": 0.9996202256944444, "Test_acc": 0.3001597325007121}}, "10": {"0": {"Train_loss": 0.0028975350028415006, "Test_loss": 3.3008944988250732, "Train_acc": 0.9994045350609756, "Test_acc": 0.6969487468401591}, "1": {"Train_loss": 0.0015144872805750412, "Test_loss": 21.00138791402181, "Train_acc": 0.9999457465277778, "Test_acc": 0.29997536540031433}}, "11": {"0": {"Train_loss": 0.011176442178732874, "Test_loss": 5.096721490224202, "Train_acc": 0.9967819684889259, "Test_acc": 0.6970898906389872}, "1": {"Train_loss": 0.001679780238595817, "Test_loss": 9.288911501566568, "Train_acc": 0.9999457465277778, "Test_acc": 0.2999969720840454}}, "12": {"0": {"Train_loss": 0.0007794933617555127, "Test_loss": 3.3393513361612954, "Train_acc": 0.9999523628048781, "Test_acc": 0.6968241532643636}, "1": {"Train_loss": 0.0016927539351551484, "Test_loss": 21.79689089457194, "Train_acc": 0.9999457465277778, "Test_acc": 0.2999155918757121}}, "13": {"0": {"Train_loss": 0.012494752124639047, "Test_loss": 5.2990115483601885, "Train_acc": 0.9966892149390244, "Test_acc": 0.6968457500139872}, "1": {"Train_loss": 0.019567729155015614, "Test_loss": 9.136212031046549, "Train_acc": 0.9947374131944444, "Test_acc": 0.3003224929173787}}, "14": {"0": {"Train_loss": 0.0011286110192730387, "Test_loss": 3.2742703755696616, "Train_acc": 0.999976181402439, "Test_acc": 0.6969271302223206}, "1": {"Train_loss": 0.0012279345472860667, "Test_loss": 20.961345036824543, "Train_acc": 1.0, "Test_acc": 0.2999969720840454}}, "15": {"0": {"Train_loss": 0.0013613570566720714, "Test_loss": 5.835732777913411, "Train_acc": 0.9998783861718527, "Test_acc": 0.6968241532643636}, "1": {"Train_loss": 0.0012873005746061811, "Test_loss": 8.622869809468588, "Train_acc": 0.9997829861111112, "Test_acc": 0.2999969720840454}}, "16": {"0": {"Train_loss": 0.001120417451247482, "Test_loss": 3.245850165685018, "Train_acc": 0.999928544207317, "Test_acc": 0.6968241532643636}, "1": {"Train_loss": 0.002690755451718966, "Test_loss": 20.758639653523762, "Train_acc": 0.9999457465277778, "Test_acc": 0.2999969720840454}}, "17": {"0": {"Train_loss": 0.001890178318362592, "Test_loss": 5.701349417368571, "Train_acc": 0.9998570884146342, "Test_acc": 0.6969055334726969}, "1": {"Train_loss": 0.0010720489598396751, "Test_loss": 8.726800282796225, "Train_acc": 0.9999457465277778, "Test_acc": 0.3000783522923787}}, "18": {"0": {"Train_loss": 0.001707051482787015, "Test_loss": 3.352408011754354, "Train_acc": 0.9996665396341463, "Test_acc": 0.6966613928476969}, "1": {"Train_loss": 0.0024244762753369287, "Test_loss": 21.204556147257488, "Train_acc": 0.9997829861111112, "Test_acc": 0.2999969720840454}}, "19": {"0": {"Train_loss": 0.0013908088099347745, "Test_loss": 5.013735135396321, "Train_acc": 0.9998332698170732, "Test_acc": 0.6967427730560303}, "1": {"Train_loss": 0.0006768239828589787, "Test_loss": 8.527588526407877, "Train_acc": 1.0, "Test_acc": 0.2999969720840454}}}