{"0": {"0": {"Train_loss": 0.011362442247024396, "Test_loss": 0.25872628887494403, "Train_acc": 0.996729289613119, "Test_acc": 0.9297407865524292}, "1": {"Train_loss": 0.015616585203032527, "Test_loss": 0.5679723421732584, "Train_acc": 0.9954427083333334, "Test_acc": 0.8479270339012146}}, "1": {"0": {"Train_loss": 0.005089136564581678, "Test_loss": 0.22253458201885223, "Train_acc": 0.9986899771341463, "Test_acc": 0.9431022604306539}, "1": {"Train_loss": 0.007993840547795925, "Test_loss": 0.4129594564437866, "Train_acc": 0.9979383680555556, "Test_acc": 0.8856067856152853}}, "2": {"0": {"Train_loss": 0.005310138781191554, "Test_loss": 0.20229140420754751, "Train_acc": 0.9984756097560976, "Test_acc": 0.9478921890258789}, "1": {"Train_loss": 0.023023956093109317, "Test_loss": 0.3726751705010732, "Train_acc": 0.9922960069444444, "Test_acc": 0.8981811205546061}}, "3": {"0": {"Train_loss": 0.004927928235080865, "Test_loss": 0.1905865619579951, "Train_acc": 0.9985896610632176, "Test_acc": 0.9510926604270935}, "1": {"Train_loss": 0.020788034695821505, "Test_loss": 0.268734206755956, "Train_acc": 0.9937862935993407, "Test_acc": 0.922627588113149}}, "4": {"0": {"Train_loss": 0.002532086731928469, "Test_loss": 0.20803607006867728, "Train_acc": 0.9995236280487805, "Test_acc": 0.9492475589116415}, "1": {"Train_loss": 0.0024054179957602173, "Test_loss": 0.3318719615538915, "Train_acc": 0.9996202256944444, "Test_acc": 0.9121540188789368}}, "5": {"0": {"Train_loss": 0.006409591802100583, "Test_loss": 0.17414924999078116, "Train_acc": 0.9982587215377063, "Test_acc": 0.9521772464116415}, "1": {"Train_loss": 0.016931900405324996, "Test_loss": 0.2958940664927165, "Train_acc": 0.9938405470715629, "Test_acc": 0.9152363936106364}}, "6": {"0": {"Train_loss": 0.0019844844923127534, "Test_loss": 0.1893267681201299, "Train_acc": 0.9997116559889259, "Test_acc": 0.9544011553128561}, "1": {"Train_loss": 0.0029919743101345375, "Test_loss": 0.3203275253375371, "Train_acc": 0.9995659722222222, "Test_acc": 0.9108368158340454}}, "7": {"0": {"Train_loss": 0.0037206678194130157, "Test_loss": 0.19800702234109244, "Train_acc": 0.9990923724523405, "Test_acc": 0.9480650226275126}, "1": {"Train_loss": 0.0014626391493948177, "Test_loss": 0.3507363398869832, "Train_acc": 0.9999457465277778, "Test_acc": 0.9062579274177551}}, "8": {"0": {"Train_loss": 0.002844420843757689, "Test_loss": 0.19980205595493317, "Train_acc": 0.9993568978658537, "Test_acc": 0.9473657210667928}, "1": {"Train_loss": 0.0038554904555591443, "Test_loss": 0.34947851300239563, "Train_acc": 0.9989149305555556, "Test_acc": 0.9065135916074117}}, "9": {"0": {"Train_loss": 0.006905722041421275, "Test_loss": 0.14952699591716131, "Train_acc": 0.9979252611718527, "Test_acc": 0.9556701183319092}, "1": {"Train_loss": 0.0013863335237450276, "Test_loss": 0.39042147000630695, "Train_acc": 0.9997829861111112, "Test_acc": 0.9013981620470682}}, "10": {"0": {"Train_loss": 0.0027604407645767646, "Test_loss": 0.21549385289351145, "Train_acc": 0.9994521722560976, "Test_acc": 0.9466599623362223}, "1": {"Train_loss": 0.0014264964492111984, "Test_loss": 0.3556206027666728, "Train_acc": 0.9999457465277778, "Test_acc": 0.9056335290273031}}, "11": {"0": {"Train_loss": 0.006816494796799905, "Test_loss": 0.17510206997394562, "Train_acc": 0.9981872657450234, "Test_acc": 0.9470351735750834}, "1": {"Train_loss": 0.011859443025766976, "Test_loss": 0.2353378732999166, "Train_acc": 0.9964735243055556, "Test_acc": 0.9331573247909546}}, "12": {"0": {"Train_loss": 0.0025020216179233636, "Test_loss": 0.15763360261917114, "Train_acc": 0.9995950838414634, "Test_acc": 0.9583873550097147}, "1": {"Train_loss": 0.01780482449167822, "Test_loss": 0.2921331524848938, "Train_acc": 0.9935980902777778, "Test_acc": 0.915028969446818}}, "13": {"0": {"Train_loss": 0.006682672674154363, "Test_loss": 0.17508125553528467, "Train_acc": 0.9982136051829268, "Test_acc": 0.9531257152557373}, "1": {"Train_loss": 0.013298807756250931, "Test_loss": 0.25621096789836884, "Train_acc": 0.99560546875, "Test_acc": 0.9267181952794393}}, "14": {"0": {"Train_loss": 0.002210208236114917, "Test_loss": 0.17829238871733347, "Train_acc": 0.9996665396341463, "Test_acc": 0.9515312512715658}, "1": {"Train_loss": 0.012696091215022735, "Test_loss": 0.26913422842820484, "Train_acc": 0.9954138977660073, "Test_acc": 0.9237136244773865}}, "15": {"0": {"Train_loss": 0.0007911231099037318, "Test_loss": 0.21395855645338693, "Train_acc": 1.0, "Test_acc": 0.9420990546544393}, "1": {"Train_loss": 0.010979488479076989, "Test_loss": 0.3040949006875356, "Train_acc": 0.9965277777777778, "Test_acc": 0.9133416016896566}}, "16": {"0": {"Train_loss": 0.0014847174040879486, "Test_loss": 0.18069611489772797, "Train_acc": 0.9997567723437053, "Test_acc": 0.9481960932413737}, "1": {"Train_loss": 0.013461446593282744, "Test_loss": 0.3285796344280243, "Train_acc": 0.9957139756944444, "Test_acc": 0.9112638831138611}}, "17": {"0": {"Train_loss": 0.0017287336906032047, "Test_loss": 0.1880654493967692, "Train_acc": 0.9997856326219512, "Test_acc": 0.948927084604899}, "1": {"Train_loss": 0.0156269161703272, "Test_loss": 0.26920171578725177, "Train_acc": 0.9944373352660073, "Test_acc": 0.924331525961558}}, "18": {"0": {"Train_loss": 0.0023197137332583847, "Test_loss": 0.1585268328587214, "Train_acc": 0.9994759908536586, "Test_acc": 0.9532567858695984}, "1": {"Train_loss": 0.012984611378568742, "Test_loss": 0.23243374129136404, "Train_acc": 0.995547847615348, "Test_acc": 0.9298221667607626}}, "19": {"0": {"Train_loss": 0.002242164219241226, "Test_loss": 0.1877120484908422, "Train_acc": 0.9996163815986819, "Test_acc": 0.9490682284037272}, "1": {"Train_loss": 0.013324194057430658, "Test_loss": 0.20831710596879324, "Train_acc": 0.9959852430555556, "Test_acc": 0.9369987448056539}}}