{"0": {"0": {"Train_loss": 0.012925080256536603, "Test_loss": 0.028628890092174213, "Train_acc": 0.9966177591463414, "Test_acc": 0.9908486803372701}, "1": {"Train_loss": 0.027889077551662922, "Test_loss": 0.04430305336912473, "Train_acc": 0.9917501045597924, "Test_acc": 0.9861236015955607}}, "1": {"0": {"Train_loss": 0.006182611591989038, "Test_loss": 0.026601303989688557, "Train_acc": 0.9984969075133161, "Test_acc": 0.9921939770380656}, "1": {"Train_loss": 0.0018720877770748404, "Test_loss": 0.03620301807920138, "Train_acc": 1.0, "Test_acc": 0.9909732739130656}}, "2": {"0": {"Train_loss": 0.010400348093088081, "Test_loss": 0.02516104405124982, "Train_acc": 0.9970414522217541, "Test_acc": 0.9922753572463989}, "1": {"Train_loss": 0.0006853676410779977, "Test_loss": 0.03288916933039824, "Train_acc": 1.0, "Test_acc": 0.9915429353713989}}, "3": {"0": {"Train_loss": 0.0044099089040750316, "Test_loss": 0.02884994385143121, "Train_acc": 0.9987614329268293, "Test_acc": 0.9913204113642374}, "1": {"Train_loss": 0.0029466558545310465, "Test_loss": 0.03156929214795431, "Train_acc": 0.9995659722222222, "Test_acc": 0.9918900728225708}}, "4": {"0": {"Train_loss": 0.004104096453108757, "Test_loss": 0.02558671434720357, "Train_acc": 0.9989256422694136, "Test_acc": 0.9920096198717753}, "1": {"Train_loss": 0.0024571425488425624, "Test_loss": 0.02842777781188488, "Train_acc": 0.9995371616548963, "Test_acc": 0.9918302893638611}}, "5": {"0": {"Train_loss": 0.003756618842755149, "Test_loss": 0.02648814705510934, "Train_acc": 0.9991663490853658, "Test_acc": 0.9924597342809042}, "1": {"Train_loss": 0.0025758372244632077, "Test_loss": 0.028618805731336277, "Train_acc": 0.9996744791666666, "Test_acc": 0.9919714530309042}}, "6": {"0": {"Train_loss": 0.004745371074688326, "Test_loss": 0.0238236328586936, "Train_acc": 0.9989018236718527, "Test_acc": 0.992421547571818}, "1": {"Train_loss": 0.0007491747690235368, "Test_loss": 0.028968207848568756, "Train_acc": 1.0, "Test_acc": 0.9923999508221945}}, "7": {"0": {"Train_loss": 0.0010956930711428158, "Test_loss": 0.025659341054658096, "Train_acc": 0.999928544207317, "Test_acc": 0.9923617839813232}, "1": {"Train_loss": 0.0009533745805027946, "Test_loss": 0.026027940834561985, "Train_acc": 0.9999457465277778, "Test_acc": 0.9923185706138611}}, "8": {"0": {"Train_loss": 0.0009792635544549628, "Test_loss": 0.025104430504143238, "Train_acc": 1.0, "Test_acc": 0.9928284486134847}, "1": {"Train_loss": 0.0006740942772012204, "Test_loss": 0.02691909670829773, "Train_acc": 1.0, "Test_acc": 0.9926059246063232}}, "9": {"0": {"Train_loss": 0.001970203110675623, "Test_loss": 0.02405562810599804, "Train_acc": 0.9999047256097561, "Test_acc": 0.9925029277801514}, "1": {"Train_loss": 0.007549080414011971, "Test_loss": 0.025804033502936363, "Train_acc": 0.9978298611111112, "Test_acc": 0.9923567374547323}}, "10": {"0": {"Train_loss": 0.004304804896691632, "Test_loss": 0.022166645775238674, "Train_acc": 0.9989945772217541, "Test_acc": 0.9931971828142802}, "1": {"Train_loss": 0.0009202381135966991, "Test_loss": 0.025857781370480854, "Train_acc": 1.0, "Test_acc": 0.9928500652313232}}, "11": {"0": {"Train_loss": 0.0016322072628010974, "Test_loss": 0.024787799765666325, "Train_acc": 0.9998809070121951, "Test_acc": 0.992811898390452}, "1": {"Train_loss": 0.0007076074786406631, "Test_loss": 0.02715318091213703, "Train_acc": 1.0, "Test_acc": 0.9922969738642374}}, "12": {"0": {"Train_loss": 0.0017745369703156828, "Test_loss": 0.02414553922911485, "Train_acc": 0.9998545675742917, "Test_acc": 0.9928932785987854}, "1": {"Train_loss": 0.0012040944436901352, "Test_loss": 0.026226482664545376, "Train_acc": 1.0, "Test_acc": 0.992665688196818}}, "13": {"0": {"Train_loss": 0.0031771368883754605, "Test_loss": 0.02417050177852313, "Train_acc": 0.9994020142206331, "Test_acc": 0.993056039015452}, "1": {"Train_loss": 0.00055551288177311, "Test_loss": 0.02555196639150381, "Train_acc": 1.0, "Test_acc": 0.9925843079884847}}, "14": {"0": {"Train_loss": 0.001524985253969889, "Test_loss": 0.02562562407304843, "Train_acc": 0.9998069303791698, "Test_acc": 0.9929746588071188}, "1": {"Train_loss": 0.006507088504602305, "Test_loss": 0.023709347161153953, "Train_acc": 0.9983181423611112, "Test_acc": 0.992811898390452}}, "15": {"0": {"Train_loss": 0.002738749043357263, "Test_loss": 0.022460409440100193, "Train_acc": 0.9996427210365854, "Test_acc": 0.9931755860646566}, "1": {"Train_loss": 0.0007961417011554457, "Test_loss": 0.02494165177146594, "Train_acc": 1.0, "Test_acc": 0.9925843079884847}}, "16": {"0": {"Train_loss": 0.004216994337805706, "Test_loss": 0.021476522088050842, "Train_acc": 0.9990209166596575, "Test_acc": 0.9935824871063232}, "1": {"Train_loss": 0.0024129280322490055, "Test_loss": 0.026168993053336937, "Train_acc": 0.9997829861111112, "Test_acc": 0.9923401673634847}}, "17": {"0": {"Train_loss": 0.0012753938059265747, "Test_loss": 0.02414027104775111, "Train_acc": 0.999976181402439, "Test_acc": 0.9926873048146566}, "1": {"Train_loss": 0.005812041758973565, "Test_loss": 0.024140281913181145, "Train_acc": 0.9982096354166666, "Test_acc": 0.9925029277801514}}, "18": {"0": {"Train_loss": 0.0025533384163636806, "Test_loss": 0.02448736255367597, "Train_acc": 0.9995950838414634, "Test_acc": 0.9926822582880656}, "1": {"Train_loss": 0.0038677003289598767, "Test_loss": 0.02611381405343612, "Train_acc": 0.9992116408215629, "Test_acc": 0.9930128256479899}}, "19": {"0": {"Train_loss": 0.0017383839976235589, "Test_loss": 0.025559319804112118, "Train_acc": 0.9998307489767307, "Test_acc": 0.9927305181821188}, "1": {"Train_loss": 0.0007442229559981368, "Test_loss": 0.02594914846122265, "Train_acc": 1.0, "Test_acc": 0.9925843079884847}}}