{"0": {"0": {"Train_loss": 0.3403643027556186, "Test_loss": 0.6825333356857299, "Train_acc": 0.879428222471354, "Test_acc": 0.7944223642349243}, "1": {"Train_loss": 0.3025576169697606, "Test_loss": 0.7230018377304077, "Train_acc": 0.8924813227994102, "Test_acc": 0.7956918954849244}}, "1": {"0": {"Train_loss": 0.5570747709395935, "Test_loss": 0.5688495755195617, "Train_acc": 0.8528152333230389, "Test_acc": 0.8045509576797485}, "1": {"Train_loss": 0.5689858040031122, "Test_loss": 0.5835784554481507, "Train_acc": 0.841709563318564, "Test_acc": 0.802077567577362}}, "2": {"0": {"Train_loss": 0.6877093047511821, "Test_loss": 0.584134578704834, "Train_acc": 0.8256461066859109, "Test_acc": 0.8055214643478393}, "1": {"Train_loss": 0.6940858972315885, "Test_loss": 0.5851086616516114, "Train_acc": 0.8252835735982779, "Test_acc": 0.8035622954368591}}, "3": {"0": {"Train_loss": 0.7699680711541858, "Test_loss": 0.6150941729545594, "Train_acc": 0.8067127520940742, "Test_acc": 0.7947153329849244}, "1": {"Train_loss": 0.7732937019698474, "Test_loss": 0.605639910697937, "Train_acc": 0.8082862611936064, "Test_acc": 0.7945398926734925}}, "4": {"0": {"Train_loss": 0.8059149785917632, "Test_loss": 0.6471932768821717, "Train_acc": 0.7945878128616177, "Test_acc": 0.7831668257713318}, "1": {"Train_loss": 0.8170577603943494, "Test_loss": 0.6425691843032837, "Train_acc": 0.7907290148491762, "Test_acc": 0.7864741802215576}}, "5": {"0": {"Train_loss": 0.8705679287715834, "Test_loss": 0.681843364238739, "Train_acc": 0.7812215290507492, "Test_acc": 0.7732594728469848}, "1": {"Train_loss": 0.8756869106876607, "Test_loss": 0.6685861706733703, "Train_acc": 0.7811475037312021, "Test_acc": 0.7783306837081909}}, "6": {"0": {"Train_loss": 0.9156500818778057, "Test_loss": 0.6852856516838074, "Train_acc": 0.7731622785938029, "Test_acc": 0.7701215028762818}, "1": {"Train_loss": 0.9190353270696134, "Test_loss": 0.6986270666122436, "Train_acc": 0.7725928541348905, "Test_acc": 0.7704931259155273}}, "7": {"0": {"Train_loss": 0.9441521094769848, "Test_loss": 0.7097436666488648, "Train_acc": 0.761375197342464, "Test_acc": 0.7608588576316834}, "1": {"Train_loss": 0.9510723674783901, "Test_loss": 0.7189900755882264, "Train_acc": 0.7628746811224489, "Test_acc": 0.7640806436538696}}, "8": {"0": {"Train_loss": 0.9807840816828669, "Test_loss": 0.7408444881439209, "Train_acc": 0.7592341626177028, "Test_acc": 0.7556502342224121}, "1": {"Train_loss": 0.9866458816187722, "Test_loss": 0.7401551365852356, "Train_acc": 0.7575182975554953, "Test_acc": 0.7600058794021607}}, "9": {"0": {"Train_loss": 1.0360067736129372, "Test_loss": 0.7518691539764404, "Train_acc": 0.7490813288153434, "Test_acc": 0.75400390625}, "1": {"Train_loss": 1.0433764147515199, "Test_loss": 0.7586071014404296, "Train_acc": 0.7500626365749203, "Test_acc": 0.754289960861206}}, "10": {"0": {"Train_loss": 1.0521595532796821, "Test_loss": 0.7704653024673462, "Train_acc": 0.7434573161358736, "Test_acc": 0.7499732136726379}, "1": {"Train_loss": 1.0598033836909704, "Test_loss": 0.7631347179412842, "Train_acc": 0.745114340465896, "Test_acc": 0.7508521199226379}}, "11": {"0": {"Train_loss": 1.0766576674519752, "Test_loss": 0.8024589657783509, "Train_acc": 0.735166499809343, "Test_acc": 0.7388360738754273}, "1": {"Train_loss": 1.0828003956347096, "Test_loss": 0.7926451325416565, "Train_acc": 0.7399743381811648, "Test_acc": 0.7408799409866333}}, "12": {"0": {"Train_loss": 1.0911229915764866, "Test_loss": 0.8025806903839111, "Train_acc": 0.7331469417834768, "Test_acc": 0.7375475287437439}, "1": {"Train_loss": 1.0990262086294136, "Test_loss": 0.8046913027763367, "Train_acc": 0.7320593419123669, "Test_acc": 0.7357430458068848}}, "13": {"0": {"Train_loss": 1.1024503306466706, "Test_loss": 0.8167800068855285, "Train_acc": 0.7266820790816326, "Test_acc": 0.7319163084030151}, "1": {"Train_loss": 1.1086249400158317, "Test_loss": 0.8175597310066223, "Train_acc": 0.7314196885848532, "Test_acc": 0.7327632427215576}}, "14": {"0": {"Train_loss": 1.1210688595869103, "Test_loss": 0.8372074007987976, "Train_acc": 0.7213010204081632, "Test_acc": 0.7260310053825378}, "1": {"Train_loss": 1.1293717257830562, "Test_loss": 0.8343567848205566, "Train_acc": 0.7219691446849278, "Test_acc": 0.726532256603241}}, "15": {"0": {"Train_loss": 1.134492462995101, "Test_loss": 0.8460480332374573, "Train_acc": 0.7170910774445047, "Test_acc": 0.7237520694732666}, "1": {"Train_loss": 1.1420286930337245, "Test_loss": 0.8427406787872315, "Train_acc": 0.7146767189308089, "Test_acc": 0.7198864459991455}}, "16": {"0": {"Train_loss": 1.1529636407385067, "Test_loss": 0.8547840356826782, "Train_acc": 0.7130310833454132, "Test_acc": 0.7190265536308289}, "1": {"Train_loss": 1.1609486815880756, "Test_loss": 0.8572069048881531, "Train_acc": 0.7132189930701742, "Test_acc": 0.7176005959510803}}, "17": {"0": {"Train_loss": 1.173800294496575, "Test_loss": 0.8746860504150391, "Train_acc": 0.7075209550711573, "Test_acc": 0.7139432430267334}, "1": {"Train_loss": 1.1805305505285457, "Test_loss": 0.873901879787445, "Train_acc": 0.7109507869700996, "Test_acc": 0.7141636133193969}}, "18": {"0": {"Train_loss": 1.2214536581720625, "Test_loss": 0.8991450905799866, "Train_acc": 0.706065126827785, "Test_acc": 0.71138516664505}, "1": {"Train_loss": 1.2308998935076656, "Test_loss": 0.8939060688018798, "Train_acc": 0.7039335826221778, "Test_acc": 0.7070364356040955}}, "19": {"0": {"Train_loss": 1.2488654158553298, "Test_loss": 0.9083456039428711, "Train_acc": 0.7002475097471353, "Test_acc": 0.7071600198745728}, "1": {"Train_loss": 1.2567964974714785, "Test_loss": 0.9055654525756835, "Train_acc": 0.702942784343447, "Test_acc": 0.7077062010765076}}}