{"0": {"0": {"Train_loss": 0.14587985830647604, "Test_loss": 13.202165412902833, "Train_acc": 0.9462008020099328, "Test_acc": 0.4416153907775879}, "1": {"Train_loss": 0.144571276191546, "Test_loss": 9.570755195617675, "Train_acc": 0.9482374422404231, "Test_acc": 0.4623271584510803}}, "1": {"0": {"Train_loss": 1.1636969447135925, "Test_loss": 1.0704551219940186, "Train_acc": 0.6978787049955252, "Test_acc": 0.6000553131103515}, "1": {"Train_loss": 1.0986098452490203, "Test_loss": 1.029634213447571, "Train_acc": 0.7493565508297512, "Test_acc": 0.625}}, "2": {"0": {"Train_loss": 1.2740410687972088, "Test_loss": 1.0360981941223144, "Train_acc": 0.6902085609582006, "Test_acc": 0.6384221196174622}, "1": {"Train_loss": 1.2375675975059977, "Test_loss": 1.0582378387451172, "Train_acc": 0.6320266948670757, "Test_acc": 0.6272590517997741}}, "3": {"0": {"Train_loss": 1.340048406805311, "Test_loss": 1.087812876701355, "Train_acc": 0.6300394042414061, "Test_acc": 0.6032779693603516}, "1": {"Train_loss": 1.2734435358825995, "Test_loss": 1.086096215248108, "Train_acc": 0.6040091259138924, "Test_acc": 0.5966053605079651}}, "4": {"0": {"Train_loss": 1.3775204480910788, "Test_loss": 1.0962517023086549, "Train_acc": 0.6115634873205301, "Test_acc": 0.5884082913398743}, "1": {"Train_loss": 1.3096642956441762, "Test_loss": 1.1008814811706542, "Train_acc": 0.5906921923160553, "Test_acc": 0.5961827635765076}}, "5": {"0": {"Train_loss": 1.4224369903000034, "Test_loss": 1.1316301822662354, "Train_acc": 0.5769861516903858, "Test_acc": 0.5853826761245727}, "1": {"Train_loss": 1.3385030590758031, "Test_loss": 1.128301191329956, "Train_acc": 0.5957638639576581, "Test_acc": 0.5828436136245727}}, "6": {"0": {"Train_loss": 1.44823185400087, "Test_loss": 1.1559000253677367, "Train_acc": 0.583525039711777, "Test_acc": 0.5741012215614318}, "1": {"Train_loss": 1.3644650931261024, "Test_loss": 1.1534225702285767, "Train_acc": 0.5695475735226456, "Test_acc": 0.5686514735221863}}, "7": {"0": {"Train_loss": 1.485228846267778, "Test_loss": 1.1893579244613648, "Train_acc": 0.5876362822493728, "Test_acc": 0.5580276846885681}, "1": {"Train_loss": 1.4026516444829045, "Test_loss": 1.1815949440002442, "Train_acc": 0.5313695790816326, "Test_acc": 0.5561013579368591}}, "8": {"0": {"Train_loss": 1.5137593721856877, "Test_loss": 1.2006346225738525, "Train_acc": 0.5710242804215879, "Test_acc": 0.5612650394439698}, "1": {"Train_loss": 1.4382674183164323, "Test_loss": 1.1955333948135376, "Train_acc": 0.5257151966192284, "Test_acc": 0.5451258301734925}}, "9": {"0": {"Train_loss": 1.535437244541791, "Test_loss": 1.2317246913909912, "Train_acc": 0.5427751455988202, "Test_acc": 0.5431009769439697}, "1": {"Train_loss": 1.46090994075853, "Test_loss": 1.221686315536499, "Train_acc": 0.5309918614066377, "Test_acc": 0.5349185943603516}}, "10": {"0": {"Train_loss": 1.5522669115845038, "Test_loss": 1.2463351488113403, "Train_acc": 0.5450870078437182, "Test_acc": 0.5263326168060303}, "1": {"Train_loss": 1.4837341588370654, "Test_loss": 1.2398820400238038, "Train_acc": 0.5024333395520035, "Test_acc": 0.5274846196174622}}, "11": {"0": {"Train_loss": 1.5737941581375745, "Test_loss": 1.2547342300415039, "Train_acc": 0.5204195520099328, "Test_acc": 0.5376270413398743}, "1": {"Train_loss": 1.503367222085291, "Test_loss": 1.2596614837646485, "Train_acc": 0.5097200712379144, "Test_acc": 0.5245618462562561}}, "12": {"0": {"Train_loss": 1.5937726424664866, "Test_loss": 1.2811337232589721, "Train_acc": 0.4969839499313004, "Test_acc": 0.508586835861206}, "1": {"Train_loss": 1.5368533158788875, "Test_loss": 1.2946551322937012, "Train_acc": 0.5156363887446267, "Test_acc": 0.5148688077926635}}, "13": {"0": {"Train_loss": 1.602794160648268, "Test_loss": 1.292691206932068, "Train_acc": 0.47878325441662145, "Test_acc": 0.5083794236183167}, "1": {"Train_loss": 1.5379952776188752, "Test_loss": 1.2926758050918579, "Train_acc": 0.5034867744056546, "Test_acc": 0.5028449892997742}}, "14": {"0": {"Train_loss": 1.6101521691497491, "Test_loss": 1.3121283292770385, "Train_acc": 0.46509239868241914, "Test_acc": 0.494206303358078}, "1": {"Train_loss": 1.55511159921179, "Test_loss": 1.3224900007247924, "Train_acc": 0.49887823450322055, "Test_acc": 0.49478705525398253}}, "15": {"0": {"Train_loss": 1.618436883906929, "Test_loss": 1.323924708366394, "Train_acc": 0.45187985927474744, "Test_acc": 0.4933930814266205}, "1": {"Train_loss": 1.559292998849129, "Test_loss": 1.3156504869461059, "Train_acc": 0.5237753585893281, "Test_acc": 0.4939012348651886}}, "16": {"0": {"Train_loss": 1.62898531130382, "Test_loss": 1.3247702836990356, "Train_acc": 0.466212266257831, "Test_acc": 0.4965319037437439}, "1": {"Train_loss": 1.5747608846547652, "Test_loss": 1.3347032070159912, "Train_acc": 0.5049653789218591, "Test_acc": 0.5029175877571106}}, "17": {"0": {"Train_loss": 1.645746043750218, "Test_loss": 1.34284245967865, "Train_acc": 0.4457946127774764, "Test_acc": 0.49651808142662046}, "1": {"Train_loss": 1.596483853398537, "Test_loss": 1.3429361581802368, "Train_acc": 0.5136908560383077, "Test_acc": 0.4909516751766205}}, "18": {"0": {"Train_loss": 1.649458873028658, "Test_loss": 1.3497440338134765, "Train_acc": 0.44327775769087735, "Test_acc": 0.4879900097846985}, "1": {"Train_loss": 1.5996475876594076, "Test_loss": 1.3450042963027955, "Train_acc": 0.5003625336958437, "Test_acc": 0.49394617676734925}}, "19": {"0": {"Train_loss": 1.6614016756719472, "Test_loss": 1.3556488752365112, "Train_acc": 0.44081215104278254, "Test_acc": 0.48475525379180906}, "1": {"Train_loss": 1.6152633051482999, "Test_loss": 1.3713316917419434, "Train_acc": 0.49714338870681063, "Test_acc": 0.4857110738754272}}}