{"0": {"0": {"Train_loss": 0.6256774493626186, "Test_loss": 0.7468154788017273, "Train_acc": 0.779209563318564, "Test_acc": 0.74873046875}, "1": {"Train_loss": 0.4414414158281015, "Test_loss": 0.6855762124061584, "Train_acc": 0.8433267279547088, "Test_acc": 0.7895853519439697}}, "1": {"0": {"Train_loss": 0.836751613081718, "Test_loss": 0.7268307566642761, "Train_acc": 0.7529249422404231, "Test_acc": 0.7412256240844727}, "1": {"Train_loss": 0.7431280953543526, "Test_loss": 0.5882742881774903, "Train_acc": 0.8442852588332429, "Test_acc": 0.8004830956459046}}, "2": {"0": {"Train_loss": 0.9273256665589859, "Test_loss": 0.7421663165092468, "Train_acc": 0.7481474736515357, "Test_acc": 0.7414148926734925}, "1": {"Train_loss": 0.9039401661376564, "Test_loss": 0.6608592748641968, "Train_acc": 0.7887967691129568, "Test_acc": 0.7774526357650757}}, "3": {"0": {"Train_loss": 0.9827012784627019, "Test_loss": 0.7829576373100281, "Train_acc": 0.7294475825465455, "Test_acc": 0.7256939649581909}, "1": {"Train_loss": 0.963547737014537, "Test_loss": 0.7136102437973022, "Train_acc": 0.761360012755102, "Test_acc": 0.7546875}}, "4": {"0": {"Train_loss": 1.0330942467767366, "Test_loss": 0.8252097487449646, "Train_acc": 0.7204013302618143, "Test_acc": 0.7098546385765075}, "1": {"Train_loss": 1.023457938919262, "Test_loss": 0.7649799466133118, "Train_acc": 0.7382926387446267, "Test_acc": 0.7406466007232666}}, "5": {"0": {"Train_loss": 1.0867961730275835, "Test_loss": 0.8410948514938354, "Train_acc": 0.7076803938466676, "Test_acc": 0.7022841215133667}, "1": {"Train_loss": 1.0806892575049887, "Test_loss": 0.8138164162635804, "Train_acc": 0.7194200225022375, "Test_acc": 0.7180249214172363}}, "6": {"0": {"Train_loss": 1.1377732802410514, "Test_loss": 0.8764537811279297, "Train_acc": 0.6966088894678621, "Test_acc": 0.6907883405685424}, "1": {"Train_loss": 1.132594112230807, "Test_loss": 0.8392293930053711, "Train_acc": 0.7067275570363415, "Test_acc": 0.7118985056877136}}, "7": {"0": {"Train_loss": 1.1555478925607643, "Test_loss": 0.902355945110321, "Train_acc": 0.6799817024445047, "Test_acc": 0.67972811460495}, "1": {"Train_loss": 1.1500426348374815, "Test_loss": 0.8763629078865052, "Train_acc": 0.692744396779002, "Test_acc": 0.6995955467224121}}, "8": {"0": {"Train_loss": 1.1804962474472669, "Test_loss": 0.9253069043159485, "Train_acc": 0.670806380558987, "Test_acc": 0.6742204785346985}, "1": {"Train_loss": 1.1722524895959971, "Test_loss": 0.882867407798767, "Train_acc": 0.6853191055813614, "Test_acc": 0.6955276846885681}}, "9": {"0": {"Train_loss": 1.2037493099971694, "Test_loss": 0.9423003435134888, "Train_acc": 0.6682287874270458, "Test_acc": 0.6681606054306031}, "1": {"Train_loss": 1.1999683282813247, "Test_loss": 0.9203072309494018, "Train_acc": 0.6754680665171876, "Test_acc": 0.678549325466156}}, "10": {"0": {"Train_loss": 1.2168825122774865, "Test_loss": 0.9705304861068725, "Train_acc": 0.6524367563578547, "Test_acc": 0.6530187010765076}, "1": {"Train_loss": 1.2140240207010387, "Test_loss": 0.9469859600067139, "Train_acc": 0.6659605807187606, "Test_acc": 0.6677561521530151}}, "11": {"0": {"Train_loss": 1.2299963819737336, "Test_loss": 0.9818015813827514, "Train_acc": 0.6428609393080886, "Test_acc": 0.644666063785553}, "1": {"Train_loss": 1.2300044553620475, "Test_loss": 0.9669825792312622, "Train_acc": 0.6528790088332429, "Test_acc": 0.6593905568122864}}, "12": {"0": {"Train_loss": 1.2434533007290898, "Test_loss": 0.9984509944915771, "Train_acc": 0.6342398566859109, "Test_acc": 0.6394773244857788}, "1": {"Train_loss": 1.243031945763802, "Test_loss": 1.000233006477356, "Train_acc": 0.6402283012866974, "Test_acc": 0.6444768071174621}}, "13": {"0": {"Train_loss": 1.262917587951738, "Test_loss": 1.0122978568077088, "Train_acc": 0.6249734272762221, "Test_acc": 0.6320692777633667}, "1": {"Train_loss": 1.2642013564401744, "Test_loss": 1.0226459741592406, "Train_acc": 0.631751472852668, "Test_acc": 0.636587393283844}}, "14": {"0": {"Train_loss": 1.296618794908329, "Test_loss": 1.0319276332855225, "Train_acc": 0.6233847335893281, "Test_acc": 0.6317253232002258}, "1": {"Train_loss": 1.2958928516932897, "Test_loss": 1.0213463068008424, "Train_acc": 0.6311611697381857, "Test_acc": 0.6335021376609802}}, "15": {"0": {"Train_loss": 1.3089596033096313, "Test_loss": 1.0469119071960449, "Train_acc": 0.6181175599292833, "Test_acc": 0.6250587701797485}, "1": {"Train_loss": 1.3104099144740982, "Test_loss": 1.0365730285644532, "Train_acc": 0.6237700435580039, "Test_acc": 0.6286063671112061}}, "16": {"0": {"Train_loss": 1.3279703368945999, "Test_loss": 1.0581331968307495, "Train_acc": 0.609369305931792, "Test_acc": 0.6181580066680908}, "1": {"Train_loss": 1.3285930132379338, "Test_loss": 1.0506293773651123, "Train_acc": 0.6186452258606346, "Test_acc": 0.6255669236183167}}, "17": {"0": {"Train_loss": 1.3465659667034537, "Test_loss": 1.0732939004898072, "Train_acc": 0.609995672289206, "Test_acc": 0.6165765047073364}, "1": {"Train_loss": 1.348215903554644, "Test_loss": 1.0646394729614257, "Train_acc": 0.6188654035938029, "Test_acc": 0.6235818266868591}}, "18": {"0": {"Train_loss": 1.3705512637994728, "Test_loss": 1.0737719297409059, "Train_acc": 0.6074788175067123, "Test_acc": 0.6170518159866333}, "1": {"Train_loss": 1.375070023293398, "Test_loss": 1.0845874547958374, "Train_acc": 0.6086309527864262, "Test_acc": 0.61810702085495}}, "19": {"0": {"Train_loss": 1.4011829836027963, "Test_loss": 1.1010181188583374, "Train_acc": 0.5943554877018442, "Test_acc": 0.6063562989234924}, "1": {"Train_loss": 1.4022344265665327, "Test_loss": 1.0931166648864745, "Train_acc": 0.6056414757456098, "Test_acc": 0.6123392581939697}}}