{"0": {"0": {"Train_loss": 0.1813197296340855, "Test_loss": 4.24320707321167, "Train_acc": 0.9348825471741813, "Test_acc": 0.4500985205173492}, "1": {"Train_loss": 0.12503563874990356, "Test_loss": 3.2002148628234863, "Train_acc": 0.9581435255858363, "Test_acc": 0.5031949996948242}}, "1": {"0": {"Train_loss": 1.1989618369511195, "Test_loss": 0.9926938772201538, "Train_acc": 0.7495748303374465, "Test_acc": 0.650875449180603}, "1": {"Train_loss": 1.1324096893777653, "Test_loss": 1.0142938852310182, "Train_acc": 0.7589399601731982, "Test_acc": 0.6559276461601258}}, "2": {"0": {"Train_loss": 1.3347072881095263, "Test_loss": 1.038801908493042, "Train_acc": 0.7000596000223743, "Test_acc": 0.6582981824874878}, "1": {"Train_loss": 1.2568534101758684, "Test_loss": 1.056614351272583, "Train_acc": 0.6783588437401519, "Test_acc": 0.6426800966262818}}, "3": {"0": {"Train_loss": 1.3966834605956564, "Test_loss": 1.0902122735977173, "Train_acc": 0.6694872148182928, "Test_acc": 0.623959481716156}, "1": {"Train_loss": 1.3261227741533397, "Test_loss": 1.0945162057876587, "Train_acc": 0.6281014638287681, "Test_acc": 0.6235507130622864}}, "4": {"0": {"Train_loss": 1.4358977553795795, "Test_loss": 1.1213271617889404, "Train_acc": 0.6739439082388975, "Test_acc": 0.6151462197303772}, "1": {"Train_loss": 1.369166921596138, "Test_loss": 1.1104897737503052, "Train_acc": 0.5858331055057292, "Test_acc": 0.6098468661308288}}, "5": {"0": {"Train_loss": 1.4642537820095918, "Test_loss": 1.1297940492630005, "Train_acc": 0.6493428848227676, "Test_acc": 0.6015797853469849}, "1": {"Train_loss": 1.3972108522239997, "Test_loss": 1.1486192703247071, "Train_acc": 0.5780889367570683, "Test_acc": 0.6111362695693969}}, "6": {"0": {"Train_loss": 1.4962741051401411, "Test_loss": 1.1616581678390503, "Train_acc": 0.6345682247560851, "Test_acc": 0.6047955274581909}, "1": {"Train_loss": 1.4342130045501553, "Test_loss": 1.1683295011520385, "Train_acc": 0.5849239248402265, "Test_acc": 0.5922644138336182}}, "7": {"0": {"Train_loss": 1.525044858455658, "Test_loss": 1.2072563409805297, "Train_acc": 0.6188938745430538, "Test_acc": 0.5885016202926636}, "1": {"Train_loss": 1.4657207411162707, "Test_loss": 1.1935025215148927, "Train_acc": 0.5768703690596989, "Test_acc": 0.5867965340614318}}, "8": {"0": {"Train_loss": 1.5472579659247885, "Test_loss": 1.2104485273361205, "Train_acc": 0.5972880222359482, "Test_acc": 0.5887816309928894}, "1": {"Train_loss": 1.4884386086950496, "Test_loss": 1.2220482587814332, "Train_acc": 0.5954734573558885, "Test_acc": 0.588156807422638}}, "9": {"0": {"Train_loss": 1.5706645092185663, "Test_loss": 1.2034244537353516, "Train_acc": 0.5788633537535764, "Test_acc": 0.5976087212562561}, "1": {"Train_loss": 1.5133941124896615, "Test_loss": 1.2304401874542237, "Train_acc": 0.5998371450268493, "Test_acc": 0.5827010154724122}}, "10": {"0": {"Train_loss": 1.594150158823753, "Test_loss": 1.2403545379638672, "Train_acc": 0.5683460886381111, "Test_acc": 0.5873366594314575}, "1": {"Train_loss": 1.5347907141763337, "Test_loss": 1.2419751405715942, "Train_acc": 0.603434007386772, "Test_acc": 0.5827010154724122}}, "11": {"0": {"Train_loss": 1.6138114053375867, "Test_loss": 1.2501052141189575, "Train_acc": 0.549097652337989, "Test_acc": 0.5725395798683166}, "1": {"Train_loss": 1.5600200757688405, "Test_loss": 1.2483184337615967, "Train_acc": 0.5947066326530612, "Test_acc": 0.5778121590614319}}, "12": {"0": {"Train_loss": 1.6331869862517532, "Test_loss": 1.280308151245117, "Train_acc": 0.5366139758606346, "Test_acc": 0.5647279500961304}, "1": {"Train_loss": 1.5790490276959477, "Test_loss": 1.2761438608169555, "Train_acc": 0.5964927265838701, "Test_acc": 0.5663293361663818}}, "13": {"0": {"Train_loss": 1.6432797008631181, "Test_loss": 1.2834176778793336, "Train_acc": 0.5217178390950573, "Test_acc": 0.5702546000480652}, "1": {"Train_loss": 1.586409983586292, "Test_loss": 1.2810128211975098, "Train_acc": 0.5921062620318666, "Test_acc": 0.5665116786956788}}, "14": {"0": {"Train_loss": 1.6498366351030311, "Test_loss": 1.293818998336792, "Train_acc": 0.5210971668058512, "Test_acc": 0.559115731716156}, "1": {"Train_loss": 1.5992353984287806, "Test_loss": 1.2916956424713135, "Train_acc": 0.5759137364066377, "Test_acc": 0.558549678325653}}, "15": {"0": {"Train_loss": 1.661897592398585, "Test_loss": 1.3068526983261108, "Train_acc": 0.5347462649248085, "Test_acc": 0.5497225880622864}, "1": {"Train_loss": 1.611113579905763, "Test_loss": 1.3042776346206666, "Train_acc": 0.5419191115972947, "Test_acc": 0.5463115334510803}}, "16": {"0": {"Train_loss": 1.67534261212057, "Test_loss": 1.3215327978134155, "Train_acc": 0.518198797289206, "Test_acc": 0.5432003617286683}, "1": {"Train_loss": 1.6291070556154057, "Test_loss": 1.317314338684082, "Train_acc": 0.549097652337989, "Test_acc": 0.5422168850898743}}, "17": {"0": {"Train_loss": 1.6842081352156035, "Test_loss": 1.324010419845581, "Train_acc": 0.5248762454305377, "Test_acc": 0.541709589958191}, "1": {"Train_loss": 1.6346908929396649, "Test_loss": 1.3189399480819701, "Train_acc": 0.5317529914330463, "Test_acc": 0.5370549321174621}}, "18": {"0": {"Train_loss": 1.7066623313086373, "Test_loss": 1.356929063796997, "Train_acc": 0.5167258868412096, "Test_acc": 0.5298413276672364}, "1": {"Train_loss": 1.662990186895643, "Test_loss": 1.341809296607971, "Train_acc": 0.5127570002662892, "Test_acc": 0.53111172914505}}, "19": {"0": {"Train_loss": 1.7200722219992657, "Test_loss": 1.361187505722046, "Train_acc": 0.5114682037003186, "Test_acc": 0.5281561136245727}, "1": {"Train_loss": 1.6790469313154415, "Test_loss": 1.349471664428711, "Train_acc": 0.5108854928795172, "Test_acc": 0.5276617765426636}}}