{"0": {"0": {"Train_loss": 0.0024214672623202203, "Test_loss": 0.00193305395077914, "Train_acc": 0.9865586737791697, "Test_acc": 0.9897907376289368}, "1": {"Train_loss": 0.005403156745536574, "Test_loss": 0.004877834192787607, "Train_acc": 0.9698520765222353, "Test_acc": 0.9722039699554443}}, "1": {"0": {"Train_loss": 0.0005507725863329445, "Test_loss": 0.0034313611686229706, "Train_acc": 0.9774467756350835, "Test_acc": 0.9829879403114319}, "1": {"Train_loss": 0.002199229706030596, "Test_loss": 0.005912103845427434, "Train_acc": 0.9613538394714224, "Test_acc": 0.9675984382629395}}, "2": {"0": {"Train_loss": 0.00030021828424651174, "Test_loss": 0.004944282583892345, "Train_acc": 0.9697527378797531, "Test_acc": 0.9771019220352173}, "1": {"Train_loss": 0.0016548143085574024, "Test_loss": 0.006734803008536498, "Train_acc": 0.9544523892731502, "Test_acc": 0.9626291990280151}}, "3": {"0": {"Train_loss": 0.00034827047056751326, "Test_loss": 0.006119870115071535, "Train_acc": 0.9618647307157516, "Test_acc": 0.9710099101066589}, "1": {"Train_loss": 0.0012817401469058904, "Test_loss": 0.008135619262854258, "Train_acc": 0.9487828170431072, "Test_acc": 0.9562764962514242}}, "4": {"0": {"Train_loss": 0.000210477905056905, "Test_loss": 0.006948790357758601, "Train_acc": 0.9569325864315033, "Test_acc": 0.9677712718645731}, "1": {"Train_loss": 0.0012003899399383828, "Test_loss": 0.009037756826728582, "Train_acc": 0.9413309405589926, "Test_acc": 0.9516925613085429}}, "5": {"0": {"Train_loss": 0.00018434455026484405, "Test_loss": 0.008091394479076067, "Train_acc": 0.9508648107449214, "Test_acc": 0.9614300926526388}, "1": {"Train_loss": 0.0010356203149120998, "Test_loss": 0.0099534522742033, "Train_acc": 0.9355591196438362, "Test_acc": 0.9450805981953939}}, "6": {"0": {"Train_loss": 0.00014947233175917064, "Test_loss": 0.009149804866562286, "Train_acc": 0.9461122065782547, "Test_acc": 0.9561087091763815}, "1": {"Train_loss": 0.0009666898283818416, "Test_loss": 0.010996922540167967, "Train_acc": 0.9297585220172487, "Test_acc": 0.9426557620366415}}, "7": {"0": {"Train_loss": 0.00016760234769511346, "Test_loss": 0.00987757338831822, "Train_acc": 0.9415928363800049, "Test_acc": 0.9514815409978231}, "1": {"Train_loss": 0.0009638226946318073, "Test_loss": 0.011663656371335188, "Train_acc": 0.9249314254727857, "Test_acc": 0.9366069833437601}}, "8": {"0": {"Train_loss": 0.0001567984986953282, "Test_loss": 0.010754626089086136, "Train_acc": 0.9371825327475866, "Test_acc": 0.9482645193735758}, "1": {"Train_loss": 0.00083007810813985, "Test_loss": 0.012460046447813511, "Train_acc": 0.9207570038992783, "Test_acc": 0.933238704999288}}, "9": {"0": {"Train_loss": 0.00014213705605167586, "Test_loss": 0.011740546052654585, "Train_acc": 0.9306761433680852, "Test_acc": 0.944396436214447}, "1": {"Train_loss": 0.000805353520012557, "Test_loss": 0.013459266473849615, "Train_acc": 0.916882592028585, "Test_acc": 0.9294303854306539}}, "10": {"0": {"Train_loss": 0.00013970428250710635, "Test_loss": 0.01261922251433134, "Train_acc": 0.928258228302002, "Test_acc": 0.9393839836120605}, "1": {"Train_loss": 0.0008362063070245344, "Test_loss": 0.01409441481033961, "Train_acc": 0.9116299707314064, "Test_acc": 0.9259310364723206}}, "11": {"0": {"Train_loss": 0.0001573339936536892, "Test_loss": 0.013336933528383573, "Train_acc": 0.9242073396841685, "Test_acc": 0.938526968161265}, "1": {"Train_loss": 0.0007391007725502653, "Test_loss": 0.014937294647097588, "Train_acc": 0.907836377620697, "Test_acc": 0.9245425462722778}}, "12": {"0": {"Train_loss": 0.0002914399447035976, "Test_loss": 0.014297495285669962, "Train_acc": 0.9214729646841685, "Test_acc": 0.9345674316088358}, "1": {"Train_loss": 0.0006977039266875463, "Test_loss": 0.01579314625511567, "Train_acc": 0.903045405601633, "Test_acc": 0.9178376793861389}}, "13": {"0": {"Train_loss": 0.00013848845252747803, "Test_loss": 0.015015424539645513, "Train_acc": 0.9155447940031688, "Test_acc": 0.9293490052223206}, "1": {"Train_loss": 0.000697640250517248, "Test_loss": 0.016618376597762108, "Train_acc": 0.8998108095136182, "Test_acc": 0.916367789109548}}, "14": {"0": {"Train_loss": 0.00015146780121237194, "Test_loss": 0.015859940089285374, "Train_acc": 0.9102622956037522, "Test_acc": 0.9245310227076212}, "1": {"Train_loss": 0.0006566116393640123, "Test_loss": 0.017765663253764313, "Train_acc": 0.8956927163847561, "Test_acc": 0.9112739761670431}}, "15": {"0": {"Train_loss": 0.00013974937003998397, "Test_loss": 0.016806628244618576, "Train_acc": 0.9015135039885839, "Test_acc": 0.9182877937952677}, "1": {"Train_loss": 0.0006644975038743096, "Test_loss": 0.018385008598367374, "Train_acc": 0.8865332336261355, "Test_acc": 0.9079755544662476}}, "16": {"0": {"Train_loss": 0.00012984701728176637, "Test_loss": 0.017820751294493675, "Train_acc": 0.8982270856698354, "Test_acc": 0.9156785806020101}, "1": {"Train_loss": 0.0006526086418207029, "Test_loss": 0.01914909699310859, "Train_acc": 0.8860507689673325, "Test_acc": 0.9031640291213989}}, "17": {"0": {"Train_loss": 0.00015069251094246283, "Test_loss": 0.018663619024058182, "Train_acc": 0.8953416953484218, "Test_acc": 0.9134597182273865}, "1": {"Train_loss": 0.0006773028520722713, "Test_loss": 0.01976777675251166, "Train_acc": 0.8819883907663411, "Test_acc": 0.9011842608451843}}, "18": {"0": {"Train_loss": 0.00011885696282358064, "Test_loss": 0.01917885523289442, "Train_acc": 0.8954316337903341, "Test_acc": 0.9124017755190531}, "1": {"Train_loss": 0.0005638317224079872, "Test_loss": 0.020942827065785725, "Train_acc": 0.8817404241397463, "Test_acc": 0.898314356803894}}, "19": {"0": {"Train_loss": 0.00013477240839468625, "Test_loss": 0.020218897610902786, "Train_acc": 0.8928442458311717, "Test_acc": 0.9087295730908712}, "1": {"Train_loss": 0.0006083207032322113, "Test_loss": 0.022002024576067924, "Train_acc": 0.878362558011351, "Test_acc": 0.8956885735193888}}}