{"0": {"0": {"Train_loss": 0.0015709238427613552, "Test_loss": 0.06523659949501355, "Train_acc": 0.9915260543425878, "Test_acc": 0.5948857267697653}, "1": {"Train_loss": 0.0036481371418380275, "Test_loss": 0.08186281969149907, "Train_acc": 0.9789203312890283, "Test_acc": 0.47820450862248737}}, "1": {"0": {"Train_loss": 0.0020295801339671017, "Test_loss": 0.03463484595219294, "Train_acc": 0.8534904549519221, "Test_acc": 0.8870500326156616}, "1": {"Train_loss": 0.0027552431786497093, "Test_loss": 0.04344111432631811, "Train_acc": 0.8528592761220604, "Test_acc": 0.8212696115175883}}, "2": {"0": {"Train_loss": 0.0003084889865325143, "Test_loss": 0.039408136159181595, "Train_acc": 0.8066419670979182, "Test_acc": 0.8682756821314493}, "1": {"Train_loss": 0.0008676771239120642, "Test_loss": 0.04897567878166834, "Train_acc": 0.9076692297540861, "Test_acc": 0.7046784162521362}}, "3": {"0": {"Train_loss": 0.00014816109287494328, "Test_loss": 0.0456568735341231, "Train_acc": 0.6786438196897506, "Test_acc": 0.7999494473139445}, "1": {"Train_loss": 0.0006043694106508689, "Test_loss": 0.05616512894630432, "Train_acc": 0.8965113142441059, "Test_acc": 0.5873684883117676}}, "4": {"0": {"Train_loss": 0.00012525733509392012, "Test_loss": 0.053396868209044136, "Train_acc": 0.4768531193335851, "Test_acc": 0.6935574213663737}, "1": {"Train_loss": 0.00047620590414916135, "Test_loss": 0.06186795731385549, "Train_acc": 0.8865681321456514, "Test_acc": 0.5128573576609293}}, "5": {"0": {"Train_loss": 7.462501380359755e-05, "Test_loss": 0.058885592967271805, "Train_acc": 0.25693090905745825, "Test_acc": 0.5757476886113485}, "1": {"Train_loss": 0.00034222486308486814, "Test_loss": 0.06355532755454381, "Train_acc": 0.8748842816928337, "Test_acc": 0.4901616374651591}}, "6": {"0": {"Train_loss": 6.865736583373897e-05, "Test_loss": 0.06400191783905029, "Train_acc": 0.1602569264670213, "Test_acc": 0.5087717771530151}, "1": {"Train_loss": 0.00027385484984200766, "Test_loss": 0.0657837763428688, "Train_acc": 0.8619305933343953, "Test_acc": 0.4787763257821401}}, "7": {"0": {"Train_loss": 6.831811970187118e-05, "Test_loss": 0.06676773726940155, "Train_acc": 0.11812714772919813, "Test_acc": 0.4744199713071187}, "1": {"Train_loss": 0.00026724999895969665, "Test_loss": 0.06754753986994426, "Train_acc": 0.8468884692109865, "Test_acc": 0.46583831310272217}}, "8": {"0": {"Train_loss": 5.498819828062551e-05, "Test_loss": 0.06884311139583588, "Train_acc": 0.08150102018068234, "Test_acc": 0.4562001625696818}, "1": {"Train_loss": 0.00022355206526518832, "Test_loss": 0.06896354506413142, "Train_acc": 0.8354844235140702, "Test_acc": 0.4528750975926717}}, "9": {"0": {"Train_loss": 5.034456232048493e-05, "Test_loss": 0.07100485513607661, "Train_acc": 0.07310258268068234, "Test_acc": 0.4390800694624583}, "1": {"Train_loss": 0.00021298019695176003, "Test_loss": 0.06989273180564244, "Train_acc": 0.8202420894441933, "Test_acc": 0.44497762123743695}}, "10": {"0": {"Train_loss": 4.068656192733518e-05, "Test_loss": 0.07241823524236679, "Train_acc": 0.0649514738470316, "Test_acc": 0.42928924163182575}, "1": {"Train_loss": 0.0002138653106722531, "Test_loss": 0.07144314050674438, "Train_acc": 0.7985697491415615, "Test_acc": 0.44166262944539386}}, "11": {"0": {"Train_loss": 3.3824823064302714e-05, "Test_loss": 0.07401916136344273, "Train_acc": 0.05125879235565663, "Test_acc": 0.4193507730960846}, "1": {"Train_loss": 0.00017715238058811118, "Test_loss": 0.07313050578037898, "Train_acc": 0.787097741817606, "Test_acc": 0.42966949939727783}}, "12": {"0": {"Train_loss": 3.473692058832967e-05, "Test_loss": 0.07532872259616852, "Train_acc": 0.053537438188989955, "Test_acc": 0.4151586095492045}, "1": {"Train_loss": 0.00015619541051725312, "Test_loss": 0.07407402247190475, "Train_acc": 0.7824604470154335, "Test_acc": 0.4232735832532247}}, "13": {"0": {"Train_loss": 2.9284035827004117e-05, "Test_loss": 0.0763101726770401, "Train_acc": 0.044340971298515795, "Test_acc": 0.41357421875}, "1": {"Train_loss": 0.00017966128871194087, "Test_loss": 0.07601353029410045, "Train_acc": 0.7739175157300358, "Test_acc": 0.41903172930081684}}, "14": {"0": {"Train_loss": 2.736805608947179e-05, "Test_loss": 0.07792730629444122, "Train_acc": 0.03721474977210164, "Test_acc": 0.39598889152208966}, "1": {"Train_loss": 0.00014510135939605693, "Test_loss": 0.07646819204092026, "Train_acc": 0.7599242011020924, "Test_acc": 0.4135806957880656}}, "15": {"0": {"Train_loss": 2.7781840223421266e-05, "Test_loss": 0.07892783731222153, "Train_acc": 0.02922774376347661, "Test_acc": 0.3899033764998118}, "1": {"Train_loss": 0.00011480332739603031, "Test_loss": 0.07773845146099727, "Train_acc": 0.7433569256601662, "Test_acc": 0.40813470880190533}}, "16": {"0": {"Train_loss": 2.792640937817244e-05, "Test_loss": 0.08040095865726471, "Train_acc": 0.02549734213389456, "Test_acc": 0.36950791875521344}, "1": {"Train_loss": 0.00011580403525872028, "Test_loss": 0.07907220472892125, "Train_acc": 0.7195361472409347, "Test_acc": 0.39828914403915405}}, "17": {"0": {"Train_loss": 2.2526527057683173e-05, "Test_loss": 0.08142623056968053, "Train_acc": 0.023268027789890768, "Test_acc": 0.35466142495473224}, "1": {"Train_loss": 9.88961451341687e-05, "Test_loss": 0.08035886784394582, "Train_acc": 0.6968309170213239, "Test_acc": 0.38217369715372723}}, "18": {"0": {"Train_loss": 2.8595903828924443e-05, "Test_loss": 0.08265222857395808, "Train_acc": 0.02255322430282831, "Test_acc": 0.3218061526616414}, "1": {"Train_loss": 0.00010924168437386157, "Test_loss": 0.08135124047597249, "Train_acc": 0.6455684263130714, "Test_acc": 0.3562026123205821}}, "19": {"0": {"Train_loss": 1.7065312173751106e-05, "Test_loss": 0.08331886678934097, "Train_acc": 0.01616663981694728, "Test_acc": 0.32178958257039386}, "1": {"Train_loss": 8.325214849750849e-05, "Test_loss": 0.08254967629909515, "Train_acc": 0.6252889890095283, "Test_acc": 0.3475777506828308}}}