{"0": {"0": {"Train_loss": 0.013522547260835403, "Test_loss": 0.05140403347710768, "Train_acc": 0.9959696153315102, "Test_acc": 0.9833134611447653}, "1": {"Train_loss": 0.01159544841438118, "Test_loss": 0.11812607447306316, "Train_acc": 0.9970957554048963, "Test_acc": 0.963557501633962}}, "1": {"0": {"Train_loss": 0.10969220174521935, "Test_loss": 0.054626792669296265, "Train_acc": 0.9799696912125844, "Test_acc": 0.9845507144927979}, "1": {"Train_loss": 0.14615309486786524, "Test_loss": 0.06123123566309611, "Train_acc": 0.9734378738535775, "Test_acc": 0.9817787607510885}}, "2": {"0": {"Train_loss": 0.12448545190982702, "Test_loss": 0.059599010894695915, "Train_acc": 0.9826398942528701, "Test_acc": 0.9854509433110555}, "1": {"Train_loss": 0.15215045793188942, "Test_loss": 0.07062914098302524, "Train_acc": 0.9827982816431258, "Test_acc": 0.9807208180427551}}, "3": {"0": {"Train_loss": 0.14267523741213287, "Test_loss": 0.06571769341826439, "Train_acc": 0.9790858822624858, "Test_acc": 0.9830044905344645}, "1": {"Train_loss": 0.17070411269863447, "Test_loss": 0.07452239841222763, "Train_acc": 0.9814673877424664, "Test_acc": 0.9792941411336263}}, "4": {"0": {"Train_loss": 0.1580639675986476, "Test_loss": 0.07231921702623367, "Train_acc": 0.9771515341793618, "Test_acc": 0.9825378259023031}, "1": {"Train_loss": 0.18696064295040238, "Test_loss": 0.07920425881942113, "Train_acc": 0.980411128865348, "Test_acc": 0.9794950683911642}}, "5": {"0": {"Train_loss": 0.17616176659741054, "Test_loss": 0.07902044430375099, "Train_acc": 0.9753889579598497, "Test_acc": 0.9799617330233256}, "1": {"Train_loss": 0.19680588195721307, "Test_loss": 0.08663225422302882, "Train_acc": 0.9800822403695848, "Test_acc": 0.9780899882316589}}, "6": {"0": {"Train_loss": 0.1869591739846439, "Test_loss": 0.08253878603378932, "Train_acc": 0.9737227878919462, "Test_acc": 0.9799235661824545}, "1": {"Train_loss": 0.2112459544506338, "Test_loss": 0.09096023937066396, "Train_acc": 0.9788344105084738, "Test_acc": 0.9776017069816589}}, "7": {"0": {"Train_loss": 0.20144324913257505, "Test_loss": 0.08855011810859044, "Train_acc": 0.9713448380551687, "Test_acc": 0.978860596815745}, "1": {"Train_loss": 0.22561250213119718, "Test_loss": 0.09303816904624303, "Train_acc": 0.9785665108097924, "Test_acc": 0.9769456386566162}}, "8": {"0": {"Train_loss": 0.21400009677177523, "Test_loss": 0.09162429720163345, "Train_acc": 0.9705776012525326, "Test_acc": 0.9777212738990784}, "1": {"Train_loss": 0.23325181131561598, "Test_loss": 0.09871840725342433, "Train_acc": 0.9775323271751404, "Test_acc": 0.9754210114479065}}, "9": {"0": {"Train_loss": 0.22831443824419162, "Test_loss": 0.09758885701497395, "Train_acc": 0.9685216393412613, "Test_acc": 0.976761261622111}, "1": {"Train_loss": 0.24567636764711803, "Test_loss": 0.10375223557154338, "Train_acc": 0.9774526307980219, "Test_acc": 0.9753562013308207}}, "10": {"0": {"Train_loss": 0.23664337305760966, "Test_loss": 0.10208921631177266, "Train_acc": 0.9687385275596525, "Test_acc": 0.9757249355316162}, "1": {"Train_loss": 0.2640593420300219, "Test_loss": 0.1085546612739563, "Train_acc": 0.9760420405202441, "Test_acc": 0.9743796388308207}}, "11": {"0": {"Train_loss": 0.253137197436356, "Test_loss": 0.10963399211565654, "Train_acc": 0.9659467099643335, "Test_acc": 0.9738099773724874}, "1": {"Train_loss": 0.273698584900962, "Test_loss": 0.11340522766113281, "Train_acc": 0.9755215810404884, "Test_acc": 0.9728334148724874}}, "12": {"0": {"Train_loss": 0.2612410222248333, "Test_loss": 0.11231447756290436, "Train_acc": 0.9648059381217491, "Test_acc": 0.973728597164154}, "1": {"Train_loss": 0.28396741714742446, "Test_loss": 0.11611828704675038, "Train_acc": 0.9744398792584738, "Test_acc": 0.9727304180463155}}, "13": {"0": {"Train_loss": 0.2699237925613799, "Test_loss": 0.11720582097768784, "Train_acc": 0.9645201149510174, "Test_acc": 0.9729363918304443}, "1": {"Train_loss": 0.2970467300878631, "Test_loss": 0.11779715369145076, "Train_acc": 0.9744975003931258, "Test_acc": 0.9719331860542297}}, "14": {"0": {"Train_loss": 0.27489264454783463, "Test_loss": 0.11720834175745647, "Train_acc": 0.964578967268874, "Test_acc": 0.9741952617963155}, "1": {"Train_loss": 0.3105687350034714, "Test_loss": 0.1218157708644867, "Train_acc": 0.9720815370480219, "Test_acc": 0.9722587068875631}}, "15": {"0": {"Train_loss": 0.2771579570523122, "Test_loss": 0.12079774339993794, "Train_acc": 0.9653851469842399, "Test_acc": 0.9727304180463155}, "1": {"Train_loss": 0.33095291091336143, "Test_loss": 0.12614023437102637, "Train_acc": 0.9703742365042368, "Test_acc": 0.9712439775466919}}, "16": {"0": {"Train_loss": 0.28760375627657264, "Test_loss": 0.125920703013738, "Train_acc": 0.964517594110675, "Test_acc": 0.9714283347129822}, "1": {"Train_loss": 0.33818712333838147, "Test_loss": 0.12974527974923453, "Train_acc": 0.9700453480084738, "Test_acc": 0.9696927070617676}}, "17": {"0": {"Train_loss": 0.29656559701372937, "Test_loss": 0.13048434257507324, "Train_acc": 0.9632364315230671, "Test_acc": 0.9705713391304016}, "1": {"Train_loss": 0.34709663771920735, "Test_loss": 0.13541974127292633, "Train_acc": 0.9686059471633699, "Test_acc": 0.9690632820129395}}, "18": {"0": {"Train_loss": 0.30433290215527137, "Test_loss": 0.1323580543200175, "Train_acc": 0.9614662927825276, "Test_acc": 0.9704899589220682}, "1": {"Train_loss": 0.3582509085536003, "Test_loss": 0.13750243683656058, "Train_acc": 0.9662951231002808, "Test_acc": 0.9681896964708964}}, "19": {"0": {"Train_loss": 0.3094215807391376, "Test_loss": 0.13806730260451636, "Train_acc": 0.962037939123991, "Test_acc": 0.9695947766304016}, "1": {"Train_loss": 0.3742203373048041, "Test_loss": 0.13942365845044455, "Train_acc": 0.9656508167584738, "Test_acc": 0.9688191413879395}}}