{"0": {"0": {"Train_loss": 0.008090967762499774, "Test_loss": 0.24893487493197122, "Train_acc": 0.997567982208438, "Test_acc": 0.9356750647226969}, "1": {"Train_loss": 0.012453663835508956, "Test_loss": 0.6340104738871256, "Train_acc": 0.9961446358097924, "Test_acc": 0.8322797020276388}}, "1": {"0": {"Train_loss": 0.3784726890848904, "Test_loss": 0.16787287096182504, "Train_acc": 0.9210346610080905, "Test_acc": 0.9539510409037272}, "1": {"Train_loss": 0.35710256381167305, "Test_loss": 0.12356968969106674, "Train_acc": 0.9308099862602022, "Test_acc": 0.968797524770101}}, "2": {"0": {"Train_loss": 0.3409552348823082, "Test_loss": 0.13840550432602564, "Train_acc": 0.9670336718966321, "Test_acc": 0.9746835430463155}, "1": {"Train_loss": 0.3269382988413175, "Test_loss": 0.15022280315558115, "Train_acc": 0.9753333777189255, "Test_acc": 0.9699534177780151}}, "3": {"0": {"Train_loss": 0.3723788083326526, "Test_loss": 0.14482099314530691, "Train_acc": 0.9649788417467257, "Test_acc": 0.9746237794558207}, "1": {"Train_loss": 0.35346242702669567, "Test_loss": 0.17113027473290762, "Train_acc": 0.9785919537146887, "Test_acc": 0.9645621577898661}}, "4": {"0": {"Train_loss": 0.402571373959867, "Test_loss": 0.15981455643971762, "Train_acc": 0.9609335900806799, "Test_acc": 0.9711143374443054}, "1": {"Train_loss": 0.38209793551100624, "Test_loss": 0.17600265642007193, "Train_acc": 0.9768015891313553, "Test_acc": 0.9659607410430908}}, "5": {"0": {"Train_loss": 0.43911648341795295, "Test_loss": 0.1715568701426188, "Train_acc": 0.9571901603442866, "Test_acc": 0.9673492511113485}, "1": {"Train_loss": 0.4055132634109921, "Test_loss": 0.18862393498420715, "Train_acc": 0.9755758345127106, "Test_acc": 0.9640673995018005}}, "6": {"0": {"Train_loss": 0.46432533169664986, "Test_loss": 0.1848199168841044, "Train_acc": 0.9563251283110642, "Test_acc": 0.9667414228121439}, "1": {"Train_loss": 0.4404478031728003, "Test_loss": 0.19898938139279684, "Train_acc": 0.9728631609015994, "Test_acc": 0.9606660008430481}}, "7": {"0": {"Train_loss": 0.4873639134372153, "Test_loss": 0.19413063923517862, "Train_acc": 0.9536863056624808, "Test_acc": 0.9651253422101339}, "1": {"Train_loss": 0.46086127642128205, "Test_loss": 0.21457484364509583, "Train_acc": 0.9708557824293772, "Test_acc": 0.9596030116081238}}, "8": {"0": {"Train_loss": 0.5215357018680107, "Test_loss": 0.20904134213924408, "Train_acc": 0.9471073310549666, "Test_acc": 0.9617837071418762}, "1": {"Train_loss": 0.4693983867764473, "Test_loss": 0.22120477259159088, "Train_acc": 0.9710473534133699, "Test_acc": 0.957199772198995}}, "9": {"0": {"Train_loss": 0.5520224091483326, "Test_loss": 0.2225763201713562, "Train_acc": 0.9423136202300467, "Test_acc": 0.9596843918164571}, "1": {"Train_loss": 0.4843011283212238, "Test_loss": 0.2328112522761027, "Train_acc": 0.9696367631355921, "Test_acc": 0.956603467464447}}, "10": {"0": {"Train_loss": 0.5637493933119425, "Test_loss": 0.2320570001999537, "Train_acc": 0.9424388859330154, "Test_acc": 0.9582145015398661}, "1": {"Train_loss": 0.5082446444365714, "Test_loss": 0.24071780343850455, "Train_acc": 0.9688839498493407, "Test_acc": 0.9521225094795227}}, "11": {"0": {"Train_loss": 0.5853332709975358, "Test_loss": 0.23479343950748444, "Train_acc": 0.9386979777638506, "Test_acc": 0.9570967753728231}, "1": {"Train_loss": 0.5193702040447129, "Test_loss": 0.25467780232429504, "Train_acc": 0.9668410254849328, "Test_acc": 0.9509018063545227}}, "12": {"0": {"Train_loss": 0.60587172391938, "Test_loss": 0.247680793205897, "Train_acc": 0.9357934972135032, "Test_acc": 0.9542866547902426}, "1": {"Train_loss": 0.5388482188185056, "Test_loss": 0.2606782813866933, "Train_acc": 0.9658135771751404, "Test_acc": 0.9503055016199747}}, "13": {"0": {"Train_loss": 0.6242100945333156, "Test_loss": 0.25952016313870746, "Train_acc": 0.9333287099512612, "Test_acc": 0.9513634443283081}, "1": {"Train_loss": 0.5579802907175488, "Test_loss": 0.27135151624679565, "Train_acc": 0.9646454436911477, "Test_acc": 0.9485151370366415}}, "14": {"0": {"Train_loss": 0.6459447952305398, "Test_loss": 0.2693258374929428, "Train_acc": 0.9277276869227247, "Test_acc": 0.9484935204188029}, "1": {"Train_loss": 0.5624130252334807, "Test_loss": 0.2783597509066264, "Train_acc": 0.9656796273257997, "Test_acc": 0.9471964836120605}}, "15": {"0": {"Train_loss": 0.6626360111120271, "Test_loss": 0.2775464206933975, "Train_acc": 0.9251841386643852, "Test_acc": 0.9477279782295227}, "1": {"Train_loss": 0.5807699892255995, "Test_loss": 0.2840854525566101, "Train_acc": 0.9638825274176068, "Test_acc": 0.9439744154612223}}, "16": {"0": {"Train_loss": 0.6841691427114533, "Test_loss": 0.28680209318796795, "Train_acc": 0.9214294945321432, "Test_acc": 0.9457482099533081}, "1": {"Train_loss": 0.5971696194675233, "Test_loss": 0.29658188422520954, "Train_acc": 0.9620192017820146, "Test_acc": 0.9415992498397827}}, "17": {"0": {"Train_loss": 0.6951143668919075, "Test_loss": 0.29748783508936566, "Train_acc": 0.9209480809002388, "Test_acc": 0.9425426920255026}, "1": {"Train_loss": 0.6132992953062057, "Test_loss": 0.30300062894821167, "Train_acc": 0.9598490628931258, "Test_acc": 0.9397541681925455}}, "18": {"0": {"Train_loss": 0.7098173884356894, "Test_loss": 0.29992668827374774, "Train_acc": 0.9211876559548262, "Test_acc": 0.9431389967600504}, "1": {"Train_loss": 0.6366809805234274, "Test_loss": 0.31280364592870075, "Train_acc": 0.9555817461676068, "Test_acc": 0.9374654293060303}}, "19": {"0": {"Train_loss": 0.7266975503142287, "Test_loss": 0.3129248817761739, "Train_acc": 0.9183742832846757, "Test_acc": 0.9405031402905782}, "1": {"Train_loss": 0.6445226934221056, "Test_loss": 0.3215172787507375, "Train_acc": 0.9564752446280586, "Test_acc": 0.9357830882072449}}}