{"0": {"0": {"Train_loss": 0.012597113819338562, "Test_loss": 0.028207482770085335, "Train_acc": 0.9965437825133161, "Test_acc": 0.9918302893638611}, "1": {"Train_loss": 0.02196492355627318, "Test_loss": 0.04022021094957987, "Train_acc": 0.9937065972222222, "Test_acc": 0.9876532554626465}}, "1": {"0": {"Train_loss": 0.04345132062983949, "Test_loss": 0.03344860548774401, "Train_acc": 0.9897028033326312, "Test_acc": 0.9897475242614746}, "1": {"Train_loss": 0.04365657570047511, "Test_loss": 0.041103711972633995, "Train_acc": 0.9903971354166666, "Test_acc": 0.9864707191785177}}, "2": {"0": {"Train_loss": 0.055578349703332273, "Test_loss": 0.039069161439935364, "Train_acc": 0.9864584323836536, "Test_acc": 0.9885268211364746}, "1": {"Train_loss": 0.05496094831162029, "Test_loss": 0.042480764289697014, "Train_acc": 0.9881693753931258, "Test_acc": 0.9871383309364319}}, "3": {"0": {"Train_loss": 0.062308778441170366, "Test_loss": 0.0410679467022419, "Train_acc": 0.9846092760562897, "Test_acc": 0.9875884453455607}, "1": {"Train_loss": 0.061305247557659946, "Test_loss": 0.0422686350842317, "Train_acc": 0.9869469884369109, "Test_acc": 0.9865305026372274}}, "4": {"0": {"Train_loss": 0.06815584094786062, "Test_loss": 0.04289178674419721, "Train_acc": 0.9833544521796994, "Test_acc": 0.986449122428894}, "1": {"Train_loss": 0.06726285804890925, "Test_loss": 0.04947606474161148, "Train_acc": 0.9864044537146887, "Test_acc": 0.9846320947011312}}, "5": {"0": {"Train_loss": 0.07550580763235325, "Test_loss": 0.04550133024652799, "Train_acc": 0.9823515509686819, "Test_acc": 0.9854941566785177}, "1": {"Train_loss": 0.07442059005714124, "Test_loss": 0.04722692941625913, "Train_acc": 0.9847259637382295, "Test_acc": 0.9849576155344645}}, "6": {"0": {"Train_loss": 0.0806868924963765, "Test_loss": 0.04852424065272013, "Train_acc": 0.9813161361508254, "Test_acc": 0.9853645165761312}, "1": {"Train_loss": 0.08022773596975538, "Test_loss": 0.05211140960454941, "Train_acc": 0.983612083726459, "Test_acc": 0.9834927717844645}}, "7": {"0": {"Train_loss": 0.08631483783445708, "Test_loss": 0.05030619353055954, "Train_acc": 0.980592626623991, "Test_acc": 0.9838780760765076}, "1": {"Train_loss": 0.08457291002074878, "Test_loss": 0.05389506866534551, "Train_acc": 0.9833120057980219, "Test_acc": 0.9834927717844645}}, "8": {"0": {"Train_loss": 0.09287903357933207, "Test_loss": 0.054525708158810936, "Train_acc": 0.979866854301313, "Test_acc": 0.9834279616673788}, "1": {"Train_loss": 0.09112133458256721, "Test_loss": 0.05397195493181547, "Train_acc": 0.982794913980696, "Test_acc": 0.9833681980768839}}, "9": {"0": {"Train_loss": 0.09814696858932333, "Test_loss": 0.055647152165571846, "Train_acc": 0.9787098256553092, "Test_acc": 0.9828583002090454}, "1": {"Train_loss": 0.09584432053897116, "Test_loss": 0.05723810071746508, "Train_acc": 0.9823100003931258, "Test_acc": 0.9818766911824545}}, "10": {"0": {"Train_loss": 0.10012830166918475, "Test_loss": 0.05729573592543602, "Train_acc": 0.9778924315440946, "Test_acc": 0.9822072585423788}, "1": {"Train_loss": 0.09936159062716696, "Test_loss": 0.06015578284859657, "Train_acc": 0.9808672318855921, "Test_acc": 0.980677604675293}}, "11": {"0": {"Train_loss": 0.10535406602955447, "Test_loss": 0.059990224738915764, "Train_acc": 0.977349645480877, "Test_acc": 0.9816160003344218}, "1": {"Train_loss": 0.10435820950402154, "Test_loss": 0.061285716791947685, "Train_acc": 0.9799449228578143, "Test_acc": 0.9816757639249166}}, "12": {"0": {"Train_loss": 0.11080462530982203, "Test_loss": 0.061276037245988846, "Train_acc": 0.9759919854199014, "Test_acc": 0.9809267918268839}, "1": {"Train_loss": 0.11033864546981123, "Test_loss": 0.06337941189606984, "Train_acc": 0.9790802349646887, "Test_acc": 0.9810247222582499}}, "13": {"0": {"Train_loss": 0.11619337202935684, "Test_loss": 0.0641949512064457, "Train_acc": 0.9755181335821385, "Test_acc": 0.9811061024665833}, "1": {"Train_loss": 0.11282819509506226, "Test_loss": 0.0641996239622434, "Train_acc": 0.9795718838771185, "Test_acc": 0.9813718597094218}}, "14": {"0": {"Train_loss": 0.11903175838836809, "Test_loss": 0.06488772854208946, "Train_acc": 0.9755632506638039, "Test_acc": 0.9802109201749166}, "1": {"Train_loss": 0.11911303570701016, "Test_loss": 0.06836039076248805, "Train_acc": 0.9777238981591331, "Test_acc": 0.9789254069328308}}, "15": {"0": {"Train_loss": 0.12240724365522222, "Test_loss": 0.06670399010181427, "Train_acc": 0.9753275848016506, "Test_acc": 0.9801461100578308}, "1": {"Train_loss": 0.12118424061271879, "Test_loss": 0.06963033353288968, "Train_acc": 0.9775323271751404, "Test_acc": 0.9791911443074545}}, "16": {"0": {"Train_loss": 0.12795946610773481, "Test_loss": 0.0700146456559499, "Train_acc": 0.9735047679121901, "Test_acc": 0.9785782694816589}, "1": {"Train_loss": 0.126078515417046, "Test_loss": 0.07146596163511276, "Train_acc": 0.9778645833333334, "Test_acc": 0.9790067871411642}}, "17": {"0": {"Train_loss": 0.1310290607010446, "Test_loss": 0.07213105261325836, "Train_acc": 0.9732979630551687, "Test_acc": 0.9784155090649923}, "1": {"Train_loss": 0.13069621183805996, "Test_loss": 0.07428253442049026, "Train_acc": 0.9754774305555556, "Test_acc": 0.9779272278149923}}, "18": {"0": {"Train_loss": 0.13764487397743436, "Test_loss": 0.07339610904455185, "Train_acc": 0.9724116332647277, "Test_acc": 0.9789470036824545}, "1": {"Train_loss": 0.1362509069343408, "Test_loss": 0.07733904818693797, "Train_acc": 0.9755825698375702, "Test_acc": 0.9778674642244974}}, "19": {"0": {"Train_loss": 0.1421991000633414, "Test_loss": 0.07555643965800603, "Train_acc": 0.9727526561516088, "Test_acc": 0.978236198425293}, "1": {"Train_loss": 0.14102008131643137, "Test_loss": 0.07685474182168643, "Train_acc": 0.9750112245480219, "Test_acc": 0.9779322743415833}}}