{"0": {"0": {"Train_loss": 0.009616629217705893, "Test_loss": 6.099499543507894, "Train_acc": 0.9968083079268293, "Test_acc": 0.6965202291806539}, "1": {"Train_loss": 0.01703381951018754, "Test_loss": 26.888017654418945, "Train_acc": 0.9943288283215629, "Test_acc": 0.29932432373364765}}, "1": {"0": {"Train_loss": 0.9081172972190671, "Test_loss": 0.5345378319422404, "Train_acc": 0.6486159076051015, "Test_acc": 0.8294306794802347}, "1": {"Train_loss": 0.98759297033151, "Test_loss": 0.3462425768375397, "Train_acc": 0.6703734878036711, "Test_acc": 0.8898299137751261}}, "2": {"0": {"Train_loss": 0.8181673637250575, "Test_loss": 0.37716930111249286, "Train_acc": 0.9429715893617491, "Test_acc": 0.9557284514109293}, "1": {"Train_loss": 0.8776284522480435, "Test_loss": 0.3314504722754161, "Train_acc": 0.9496071305539873, "Test_acc": 0.9480153322219849}}, "3": {"0": {"Train_loss": 0.7745070646448833, "Test_loss": 0.3490012288093567, "Train_acc": 0.9400645886979452, "Test_acc": 0.9594553709030151}, "1": {"Train_loss": 0.8284353034363853, "Test_loss": 0.35519184668858844, "Train_acc": 0.9661611732509401, "Test_acc": 0.9434861342112223}}, "4": {"0": {"Train_loss": 0.773205758594885, "Test_loss": 0.34893197814623517, "Train_acc": 0.9334867458517958, "Test_acc": 0.9530112147331238}, "1": {"Train_loss": 0.8185089462333255, "Test_loss": 0.39448654651641846, "Train_acc": 0.9668223179048963, "Test_acc": 0.932750423749288}}, "5": {"0": {"Train_loss": 0.80618026271099, "Test_loss": 0.3751664360364278, "Train_acc": 0.9188921189889675, "Test_acc": 0.9439412752787272}, "1": {"Train_loss": 0.8244331330060959, "Test_loss": 0.3923122187455495, "Train_acc": 0.9632670316431258, "Test_acc": 0.9340092937151591}}, "6": {"0": {"Train_loss": 0.8276377305751894, "Test_loss": 0.39162009954452515, "Train_acc": 0.9103261181494084, "Test_acc": 0.9373725255330404}, "1": {"Train_loss": 0.8387926518917084, "Test_loss": 0.4209752082824707, "Train_acc": 0.9628075609604517, "Test_acc": 0.9236653645833334}}, "7": {"0": {"Train_loss": 0.8569877830947318, "Test_loss": 0.4123700062433879, "Train_acc": 0.9007824223215987, "Test_acc": 0.9307389656702677}, "1": {"Train_loss": 0.8533586859703064, "Test_loss": 0.45162182052930194, "Train_acc": 0.9607612689336141, "Test_acc": 0.9139875968297323}}, "8": {"0": {"Train_loss": 0.8883601310776501, "Test_loss": 0.43516287207603455, "Train_acc": 0.8922615378368192, "Test_acc": 0.9222386876742045}, "1": {"Train_loss": 0.8793277972274356, "Test_loss": 0.4692326585451762, "Train_acc": 0.9555783801608615, "Test_acc": 0.9114763339360555}}, "9": {"0": {"Train_loss": 0.9222532081894759, "Test_loss": 0.4631328384081523, "Train_acc": 0.8765549994096523, "Test_acc": 0.914779802163442}, "1": {"Train_loss": 0.8870418949259652, "Test_loss": 0.4820438126722972, "Train_acc": 0.9568228423595428, "Test_acc": 0.9069788257280985}}, "10": {"0": {"Train_loss": 0.9363518996936518, "Test_loss": 0.46831552187601727, "Train_acc": 0.8752511492589625, "Test_acc": 0.91135174036026}, "1": {"Train_loss": 0.9085079464647505, "Test_loss": 0.4903258979320526, "Train_acc": 0.9530894541078143, "Test_acc": 0.9047117034594218}}, "11": {"0": {"Train_loss": 0.9609826243505245, "Test_loss": 0.481302410364151, "Train_acc": 0.8703293938462328, "Test_acc": 0.911497950553894}, "1": {"Train_loss": 0.9203242692682478, "Test_loss": 0.5201633075873057, "Train_acc": 0.9489373796515994, "Test_acc": 0.889587938785553}}, "12": {"0": {"Train_loss": 0.9845588359890914, "Test_loss": 0.5059863030910492, "Train_acc": 0.8621083250859889, "Test_acc": 0.9019231597582499}, "1": {"Train_loss": 0.9419477019045088, "Test_loss": 0.5200993617375692, "Train_acc": 0.9438087426953845, "Test_acc": 0.8947084148724874}}, "13": {"0": {"Train_loss": 0.997610718738742, "Test_loss": 0.5130555232365926, "Train_acc": 0.8589253272952103, "Test_acc": 0.9004367192586263}, "1": {"Train_loss": 0.964286509487364, "Test_loss": 0.545759250720342, "Train_acc": 0.9400297088755502, "Test_acc": 0.8879769047101339}}, "14": {"0": {"Train_loss": 1.0218061383177595, "Test_loss": 0.5366510450839996, "Train_acc": 0.8446994511092581, "Test_acc": 0.8913934230804443}, "1": {"Train_loss": 0.9686924434370465, "Test_loss": 0.5665098826090494, "Train_acc": 0.9406687766313553, "Test_acc": 0.8722899754842123}}, "15": {"0": {"Train_loss": 1.0488077823708697, "Test_loss": 0.5518780748049418, "Train_acc": 0.8284496119836482, "Test_acc": 0.8842614889144897}, "1": {"Train_loss": 0.9719598359531827, "Test_loss": 0.5814118385314941, "Train_acc": 0.9433204614453845, "Test_acc": 0.8678673505783081}}, "16": {"0": {"Train_loss": 1.0737052690692064, "Test_loss": 0.5733975569407145, "Train_acc": 0.82115494768794, "Test_acc": 0.8775451183319092}, "1": {"Train_loss": 0.9871779233217239, "Test_loss": 0.5902464985847473, "Train_acc": 0.9440257565842735, "Test_acc": 0.8665436506271362}}, "17": {"0": {"Train_loss": 1.092602170095211, "Test_loss": 0.5894807179768881, "Train_acc": 0.806453831312133, "Test_acc": 0.8664838870366415}, "1": {"Train_loss": 0.996836331155565, "Test_loss": 0.6196432511011759, "Train_acc": 0.9448837108082242, "Test_acc": 0.848622719446818}}, "18": {"0": {"Train_loss": 1.1129585911587971, "Test_loss": 0.608079214890798, "Train_acc": 0.7959635657508198, "Test_acc": 0.8627583980560303}, "1": {"Train_loss": 1.0108096599578857, "Test_loss": 0.6445040305455526, "Train_acc": 0.9416030595699946, "Test_acc": 0.8342479666074117}}, "19": {"0": {"Train_loss": 1.131088483624342, "Test_loss": 0.6277856826782227, "Train_acc": 0.7817575982431086, "Test_acc": 0.850087563196818}, "1": {"Train_loss": 1.0171884447336197, "Test_loss": 0.6559951106707255, "Train_acc": 0.9415742490026686, "Test_acc": 0.8328860998153687}}}