{"0": {"0": {"Train_loss": 0.21613481823278932, "Test_loss": 1.6007535696029662, "Train_acc": 0.9257281039442334, "Test_acc": 0.656741738319397}, "1": {"Train_loss": 0.20207293369636245, "Test_loss": 1.4871351718902588, "Train_acc": 0.93306038939223, "Test_acc": 0.6420621871948242}}, "1": {"0": {"Train_loss": 0.9277422701825901, "Test_loss": 0.7319483041763306, "Train_acc": 0.8551669552618143, "Test_acc": 0.7556891202926636}, "1": {"Train_loss": 0.7969218741874305, "Test_loss": 0.7515239477157593, "Train_acc": 0.8863581151378398, "Test_acc": 0.73841952085495}}, "2": {"0": {"Train_loss": 0.8333567405233577, "Test_loss": 0.7540488123893738, "Train_acc": 0.893557534534104, "Test_acc": 0.7192944526672364}, "1": {"Train_loss": 0.6960753220684675, "Test_loss": 0.8020403504371643, "Train_acc": 0.9409564052309308, "Test_acc": 0.6911383390426635}}, "3": {"0": {"Train_loss": 0.8885325406278882, "Test_loss": 0.7168601870536804, "Train_acc": 0.9000167031677402, "Test_acc": 0.7467462301254273}, "1": {"Train_loss": 0.7816026618286055, "Test_loss": 0.7469998478889466, "Train_acc": 0.9250485909228422, "Test_acc": 0.7272486805915832}}, "4": {"0": {"Train_loss": 0.9210423437916503, "Test_loss": 0.729220986366272, "Train_acc": 0.8982021382876805, "Test_acc": 0.7348399519920349}, "1": {"Train_loss": 0.7459674130897133, "Test_loss": 0.7776787757873536, "Train_acc": 0.9380048896585192, "Test_acc": 0.711748993396759}}, "5": {"0": {"Train_loss": 0.8664066785452317, "Test_loss": 0.7140319228172303, "Train_acc": 0.9207285593967048, "Test_acc": 0.7320528507232666}, "1": {"Train_loss": 0.7525960340791819, "Test_loss": 0.7609168291091919, "Train_acc": 0.9437276027640518, "Test_acc": 0.70562344789505}}, "6": {"0": {"Train_loss": 0.8573004427004833, "Test_loss": 0.704555344581604, "Train_acc": 0.9141080543702963, "Test_acc": 0.7433032035827637}, "1": {"Train_loss": 0.746572811992801, "Test_loss": 0.7628800511360169, "Train_acc": 0.9246367076221778, "Test_acc": 0.7167683601379394}}, "7": {"0": {"Train_loss": 0.8545117810064432, "Test_loss": 0.7207011580467224, "Train_acc": 0.9113197734161299, "Test_acc": 0.7364283680915833}, "1": {"Train_loss": 0.7681750150359407, "Test_loss": 0.7800053596496582, "Train_acc": 0.9053199406789274, "Test_acc": 0.7169507026672364}}, "8": {"0": {"Train_loss": 0.8451822047330895, "Test_loss": 0.7080055236816406, "Train_acc": 0.913510158962133, "Test_acc": 0.7411020517349243}, "1": {"Train_loss": 0.767564914056233, "Test_loss": 0.7594218134880066, "Train_acc": 0.9449841319298258, "Test_acc": 0.7132726073265075}}, "9": {"0": {"Train_loss": 0.874101420446318, "Test_loss": 0.7355085015296936, "Train_acc": 0.9031010841836735, "Test_acc": 0.7332644820213318}, "1": {"Train_loss": 0.7494096445794008, "Test_loss": 0.7770256996154785, "Train_acc": 0.9330641858431757, "Test_acc": 0.7135059475898743}}, "10": {"0": {"Train_loss": 0.8703263833814737, "Test_loss": 0.7355255126953125, "Train_acc": 0.9135424263623296, "Test_acc": 0.734176230430603}, "1": {"Train_loss": 0.767973759344646, "Test_loss": 0.7778022527694702, "Train_acc": 0.9402275419965083, "Test_acc": 0.7116375088691711}}, "11": {"0": {"Train_loss": 0.884245193734461, "Test_loss": 0.7388609647750854, "Train_acc": 0.9145446127774765, "Test_acc": 0.7289745211601257}, "1": {"Train_loss": 0.7160417942368255, "Test_loss": 0.7621778249740601, "Train_acc": 0.9417554967257441, "Test_acc": 0.7135448336601258}}, "12": {"0": {"Train_loss": 0.8484370361785499, "Test_loss": 0.7176437258720398, "Train_acc": 0.915305742803885, "Test_acc": 0.7342211723327636}, "1": {"Train_loss": 0.772899690331245, "Test_loss": 0.7693464159965515, "Train_acc": 0.9368679395743779, "Test_acc": 0.7130764365196228}}, "13": {"0": {"Train_loss": 0.8789130285078165, "Test_loss": 0.7385066151618958, "Train_acc": 0.8991739555281035, "Test_acc": 0.7247182607650757}, "1": {"Train_loss": 0.7708659670790847, "Test_loss": 0.7693358182907104, "Train_acc": 0.92859990012889, "Test_acc": 0.7090794324874878}}, "14": {"0": {"Train_loss": 0.887797299088264, "Test_loss": 0.736258602142334, "Train_acc": 0.9022678270631906, "Test_acc": 0.7303814649581909}, "1": {"Train_loss": 0.7662463036118722, "Test_loss": 0.7679875135421753, "Train_acc": 0.9352223033807716, "Test_acc": 0.7127912402153015}}, "15": {"0": {"Train_loss": 0.8823573856937642, "Test_loss": 0.7270297288894654, "Train_acc": 0.8966988580567496, "Test_acc": 0.7406336426734924}, "1": {"Train_loss": 0.7641976195938733, "Test_loss": 0.769462251663208, "Train_acc": 0.937927068496237, "Test_acc": 0.7080579400062561}}, "16": {"0": {"Train_loss": 0.8878020814486912, "Test_loss": 0.7385860800743103, "Train_acc": 0.9157271166237033, "Test_acc": 0.7231937885284424}, "1": {"Train_loss": 0.7871520172576515, "Test_loss": 0.7972902178764343, "Train_acc": 0.9220780949203335, "Test_acc": 0.7011243462562561}}, "17": {"0": {"Train_loss": 0.895050220951742, "Test_loss": 0.7245557069778442, "Train_acc": 0.9137322343125636, "Test_acc": 0.7385240912437439}, "1": {"Train_loss": 0.7876042170183999, "Test_loss": 0.7917154550552368, "Train_acc": 0.9424122328660927, "Test_acc": 0.701209032535553}}, "18": {"0": {"Train_loss": 0.9149328135714239, "Test_loss": 0.7136999011039734, "Train_acc": 0.9157062379681334, "Test_acc": 0.738341748714447}, "1": {"Train_loss": 0.7679455699969311, "Test_loss": 0.779464042186737, "Train_acc": 0.9273243899248085, "Test_acc": 0.7077571868896484}}, "19": {"0": {"Train_loss": 0.900457603590829, "Test_loss": 0.7342844367027282, "Train_acc": 0.8993618652528647, "Test_acc": 0.7313372850418091}, "1": {"Train_loss": 0.7579539199264682, "Test_loss": 0.7786757469177246, "Train_acc": 0.9387223641483151, "Test_acc": 0.7147236227989197}}}