{"0": {"0": {"Train_loss": 0.17489069989141154, "Test_loss": 3.672491455078125, "Train_acc": 0.9377277700268493, "Test_acc": 0.4636373043060303}, "1": {"Train_loss": 0.11224344760483625, "Test_loss": 3.00235538482666, "Train_acc": 0.9612468870318666, "Test_acc": 0.4969717860221863}}, "1": {"0": {"Train_loss": 1.1453535629778493, "Test_loss": 0.967749810218811, "Train_acc": 0.8235354411358736, "Test_acc": 0.6685823440551758}, "1": {"Train_loss": 1.0751363245808347, "Test_loss": 1.0265186309814454, "Train_acc": 0.8384828263399552, "Test_acc": 0.6490070223808289}}, "2": {"0": {"Train_loss": 0.9715225349883644, "Test_loss": 1.133478832244873, "Train_acc": 0.9414309251065157, "Test_acc": 0.4903415381908417}, "1": {"Train_loss": 0.9402460170035459, "Test_loss": 1.0766141891479493, "Train_acc": 0.9591779794011798, "Test_acc": 0.5496283888816833}}, "3": {"0": {"Train_loss": 1.1431518306537551, "Test_loss": 1.0068648695945739, "Train_acc": 0.9227557097162519, "Test_acc": 0.5532183289527893}, "1": {"Train_loss": 1.0509152254279779, "Test_loss": 1.0033538103103639, "Train_acc": 0.9668519192812394, "Test_acc": 0.5713521480560303}}, "4": {"0": {"Train_loss": 1.0605310669967107, "Test_loss": 1.0293875694274903, "Train_acc": 0.930215166539562, "Test_acc": 0.5331227540969848}, "1": {"Train_loss": 0.9920880216725019, "Test_loss": 1.0367134094238282, "Train_acc": 0.9638814232787307, "Test_acc": 0.5501434564590454}}, "5": {"0": {"Train_loss": 1.1149404742279831, "Test_loss": 1.023937463760376, "Train_acc": 0.9266486727461523, "Test_acc": 0.5502048134803772}, "1": {"Train_loss": 1.0082503350413576, "Test_loss": 1.0342902898788453, "Train_acc": 0.9651759145211201, "Test_acc": 0.5523696780204773}}, "6": {"0": {"Train_loss": 1.0748286125611286, "Test_loss": 1.0348246097564697, "Train_acc": 0.9327377159984744, "Test_acc": 0.5356955170631409}, "1": {"Train_loss": 0.9995833173090097, "Test_loss": 1.0313465118408203, "Train_acc": 0.9665577168367347, "Test_acc": 0.5526756048202515}}, "7": {"0": {"Train_loss": 1.0765583393525104, "Test_loss": 0.987139618396759, "Train_acc": 0.941833318496237, "Test_acc": 0.5568126082420349}, "1": {"Train_loss": 1.0240212526856636, "Test_loss": 1.0419073820114135, "Train_acc": 0.9621067180925486, "Test_acc": 0.5505340814590454}}, "8": {"0": {"Train_loss": 1.070110068029287, "Test_loss": 1.0230093955993653, "Train_acc": 0.9392633170497661, "Test_acc": 0.5544360160827637}, "1": {"Train_loss": 1.0075802924681683, "Test_loss": 1.0161774039268494, "Train_acc": 0.9557310646894027, "Test_acc": 0.5598235249519348}}, "9": {"0": {"Train_loss": 1.080354422939067, "Test_loss": 1.0137180924415587, "Train_acc": 0.9379061892324564, "Test_acc": 0.5526393055915833}, "1": {"Train_loss": 0.9970423591380216, "Test_loss": 1.0355821609497071, "Train_acc": 0.9649595332388975, "Test_acc": 0.5539779782295227}}, "10": {"0": {"Train_loss": 1.0975005273916283, "Test_loss": 1.0161057710647583, "Train_acc": 0.9270036141483151, "Test_acc": 0.5431225776672364}, "1": {"Train_loss": 1.0203310713476064, "Test_loss": 1.0458044528961181, "Train_acc": 0.9563859026042782, "Test_acc": 0.5499611139297486}}, "11": {"0": {"Train_loss": 1.091558848108564, "Test_loss": 0.9975475788116455, "Train_acc": 0.9408235391791986, "Test_acc": 0.561628007888794}, "1": {"Train_loss": 1.0494455050448983, "Test_loss": 1.0603214263916017, "Train_acc": 0.9548674383941962, "Test_acc": 0.5467194437980651}}, "12": {"0": {"Train_loss": 1.1263269867215837, "Test_loss": 1.0722718715667725, "Train_acc": 0.9044620084519289, "Test_acc": 0.5341330170631409}, "1": {"Train_loss": 0.9893333546969355, "Test_loss": 1.0439663648605346, "Train_acc": 0.9650772140950573, "Test_acc": 0.5549087405204773}}, "13": {"0": {"Train_loss": 1.0714488929631758, "Test_loss": 1.001795494556427, "Train_acc": 0.9317886756390942, "Test_acc": 0.5488177537918091}, "1": {"Train_loss": 1.072360525325853, "Test_loss": 1.0696214199066163, "Train_acc": 0.9313540148491762, "Test_acc": 0.5518226265907288}}, "14": {"0": {"Train_loss": 1.0871213394768384, "Test_loss": 1.0172519207000732, "Train_acc": 0.9379688258073768, "Test_acc": 0.545672881603241}, "1": {"Train_loss": 1.0092310996688143, "Test_loss": 1.047007417678833, "Train_acc": 0.9577012725022375, "Test_acc": 0.5565688967704773}}, "15": {"0": {"Train_loss": 1.059990836649525, "Test_loss": 1.0128798365592957, "Train_acc": 0.9398688047516103, "Test_acc": 0.532425332069397}, "1": {"Train_loss": 0.992807648619827, "Test_loss": 1.0420644760131836, "Train_acc": 0.9621067180925486, "Test_acc": 0.5377488970756531}}, "16": {"0": {"Train_loss": 1.1134597744260515, "Test_loss": 1.000196349620819, "Train_acc": 0.9084062199203335, "Test_acc": 0.5753966689109802}, "1": {"Train_loss": 0.9973264975207192, "Test_loss": 1.0392812013626098, "Train_acc": 0.9654966896894027, "Test_acc": 0.5557677626609803}}, "17": {"0": {"Train_loss": 1.093178814771224, "Test_loss": 1.0086533904075623, "Train_acc": 0.9377828143080886, "Test_acc": 0.5383365631103516}, "1": {"Train_loss": 1.005778010402407, "Test_loss": 1.0225161075592042, "Train_acc": 0.9613493839088751, "Test_acc": 0.5520706534385681}}, "18": {"0": {"Train_loss": 1.1010133733554763, "Test_loss": 1.035160779953003, "Train_acc": 0.9377676297207268, "Test_acc": 0.5384679198265075}, "1": {"Train_loss": 1.0127789153128255, "Test_loss": 1.0013283014297485, "Train_acc": 0.9646805153817547, "Test_acc": 0.5687223434448242}}, "19": {"0": {"Train_loss": 1.0768310853413172, "Test_loss": 0.9951644897460937, "Train_acc": 0.9423495962911722, "Test_acc": 0.5550677537918091}, "1": {"Train_loss": 0.9989494413745647, "Test_loss": 1.0359908819198609, "Train_acc": 0.9636024054215879, "Test_acc": 0.552141523361206}}}