{"0": {"0": {"Train_loss": 0.3403643027556186, "Test_loss": 0.6825333356857299, "Train_acc": 0.879428222471354, "Test_acc": 0.7944223642349243}, "1": {"Train_loss": 0.3025576169697606, "Test_loss": 0.7230018377304077, "Train_acc": 0.8924813227994102, "Test_acc": 0.7956918954849244}}, "1": {"0": {"Train_loss": 0.5010791539537663, "Test_loss": 0.5595924615859985, "Train_acc": 0.8702927602797138, "Test_acc": 0.8082757234573364}, "1": {"Train_loss": 0.4821621833407149, "Test_loss": 0.563307011127472, "Train_acc": 0.8764349489795918, "Test_acc": 0.8125250577926636}}, "2": {"0": {"Train_loss": 0.5137599737060313, "Test_loss": 0.5428573489189148, "Train_acc": 0.8933601342901891, "Test_acc": 0.8147201657295227}, "1": {"Train_loss": 0.5352396001012958, "Test_loss": 0.5514694809913635, "Train_acc": 0.8938365523912468, "Test_acc": 0.8168495893478394}}, "3": {"0": {"Train_loss": 0.5792895455141457, "Test_loss": 0.540916907787323, "Train_acc": 0.8822810376177028, "Test_acc": 0.8181104779243469}, "1": {"Train_loss": 0.5351987964644724, "Test_loss": 0.5385446548461914, "Train_acc": 0.8821329875868194, "Test_acc": 0.8220815420150757}}, "4": {"0": {"Train_loss": 0.5376023507239868, "Test_loss": 0.5498798370361329, "Train_acc": 0.8928590410826157, "Test_acc": 0.817810595035553}, "1": {"Train_loss": 0.5541272984475506, "Test_loss": 0.5411412715911865, "Train_acc": 0.8960667976311275, "Test_acc": 0.8183515906333924}}, "5": {"0": {"Train_loss": 0.5567507491428025, "Test_loss": 0.548562753200531, "Train_acc": 0.8933031917834768, "Test_acc": 0.8185408592224122}, "1": {"Train_loss": 0.5729430926089384, "Test_loss": 0.5505553722381592, "Train_acc": 0.887610847852668, "Test_acc": 0.8162230372428894}}, "6": {"0": {"Train_loss": 0.5655667182742333, "Test_loss": 0.5393366932868957, "Train_acc": 0.8937169733096142, "Test_acc": 0.8190879106521607}, "1": {"Train_loss": 0.5467188835752254, "Test_loss": 0.5468823432922363, "Train_acc": 0.8918872238421927, "Test_acc": 0.8156768560409546}}, "7": {"0": {"Train_loss": 0.5548397101918046, "Test_loss": 0.5444971084594726, "Train_acc": 0.8938574316550274, "Test_acc": 0.8187620997428894}, "1": {"Train_loss": 0.5842347981370225, "Test_loss": 0.5392515659332275, "Train_acc": 0.8869579081632653, "Test_acc": 0.8201491594314575}}, "8": {"0": {"Train_loss": 0.5877836541253694, "Test_loss": 0.5397254347801208, "Train_acc": 0.8834540515529866, "Test_acc": 0.8173499703407288}, "1": {"Train_loss": 0.5841826887763276, "Test_loss": 0.5416112065315246, "Train_acc": 0.8722477835051867, "Test_acc": 0.8182020902633667}}, "9": {"0": {"Train_loss": 0.5482649979542713, "Test_loss": 0.538918960094452, "Train_acc": 0.8923048018192759, "Test_acc": 0.8158920407295227}, "1": {"Train_loss": 0.5709660244839532, "Test_loss": 0.5361095070838928, "Train_acc": 0.8820798409228422, "Test_acc": 0.819497549533844}}, "10": {"0": {"Train_loss": 0.5819535693343805, "Test_loss": 0.5573733448982239, "Train_acc": 0.8801627797739846, "Test_acc": 0.8138205170631408}, "1": {"Train_loss": 0.5825109974462159, "Test_loss": 0.536093783378601, "Train_acc": 0.8795667819830836, "Test_acc": 0.8180076360702515}}, "11": {"0": {"Train_loss": 0.5616980353180243, "Test_loss": 0.5394408702850342, "Train_acc": 0.889727208079124, "Test_acc": 0.818130362033844}, "1": {"Train_loss": 0.5880648049773002, "Test_loss": 0.5356143116950989, "Train_acc": 0.8852306549646416, "Test_acc": 0.8192633390426636}}, "12": {"0": {"Train_loss": 0.5546673387289047, "Test_loss": 0.5329854130744934, "Train_acc": 0.8887440020940742, "Test_acc": 0.818813955783844}, "1": {"Train_loss": 0.5675278622276929, "Test_loss": 0.5348163843154907, "Train_acc": 0.889455782515662, "Test_acc": 0.8177984952926636}}, "13": {"0": {"Train_loss": 0.5794190752262972, "Test_loss": 0.544975197315216, "Train_acc": 0.8918245872672723, "Test_acc": 0.815911054611206}, "1": {"Train_loss": 0.5801655485921976, "Test_loss": 0.5486347675323486, "Train_acc": 0.8780065598536511, "Test_acc": 0.8163466215133667}}, "14": {"0": {"Train_loss": 0.5642032002916142, "Test_loss": 0.5358916282653808, "Train_acc": 0.8973024481413315, "Test_acc": 0.8227530360221863}, "1": {"Train_loss": 0.5630060492121444, "Test_loss": 0.5470961093902588, "Train_acc": 0.8931950014464709, "Test_acc": 0.8160553812980652}}, "15": {"0": {"Train_loss": 0.5756046595622082, "Test_loss": 0.5333826541900635, "Train_acc": 0.8903118171253983, "Test_acc": 0.8195303797721862}, "1": {"Train_loss": 0.5752234525826513, "Test_loss": 0.5317355632781983, "Train_acc": 0.8884516978750423, "Test_acc": 0.8219061136245728}}, "16": {"0": {"Train_loss": 0.5678457748524997, "Test_loss": 0.5499298334121704, "Train_acc": 0.8870604044320632, "Test_acc": 0.8128845691680908}, "1": {"Train_loss": 0.5788748112260079, "Test_loss": 0.5465639948844909, "Train_acc": 0.894688791158248, "Test_acc": 0.8155791997909546}}, "17": {"0": {"Train_loss": 0.5535012422775736, "Test_loss": 0.5396975755691529, "Train_acc": 0.8982457938242931, "Test_acc": 0.821841299533844}, "1": {"Train_loss": 0.5809843990267539, "Test_loss": 0.5303677201271058, "Train_acc": 0.8855893922095396, "Test_acc": 0.8207273244857788}}, "18": {"0": {"Train_loss": 0.5743723174138945, "Test_loss": 0.5368401885032654, "Train_acc": 0.8946906887755102, "Test_acc": 0.821945869922638}, "1": {"Train_loss": 0.5614537672728909, "Test_loss": 0.5334800601005554, "Train_acc": 0.8971923589706421, "Test_acc": 0.8214774608612061}}, "19": {"0": {"Train_loss": 0.5616540546928134, "Test_loss": 0.5224479913711548, "Train_acc": 0.8945711096938775, "Test_acc": 0.822817862033844}, "1": {"Train_loss": 0.6099934991525144, "Test_loss": 0.5540597200393677, "Train_acc": 0.8684781947914435, "Test_acc": 0.815473759174347}}}