{"0": {"0": {"Train_loss": 0.14587985830647604, "Test_loss": 13.202165412902833, "Train_acc": 0.9462008020099328, "Test_acc": 0.4416153907775879}, "1": {"Train_loss": 0.144571276191546, "Test_loss": 9.570755195617675, "Train_acc": 0.9482374422404231, "Test_acc": 0.4623271584510803}}, "1": {"0": {"Train_loss": 1.0978832232708833, "Test_loss": 1.0804261445999146, "Train_acc": 0.7704271443036138, "Test_acc": 0.5872061610221863}, "1": {"Train_loss": 1.066703306168926, "Test_loss": 1.0593681573867797, "Train_acc": 0.7984750824315208, "Test_acc": 0.5876460552215577}}, "2": {"0": {"Train_loss": 1.0141919644511477, "Test_loss": 1.1736512184143066, "Train_acc": 0.9180124061448234, "Test_acc": 0.4471740186214447}, "1": {"Train_loss": 0.9461670274637184, "Test_loss": 1.192438554763794, "Train_acc": 0.9608748634250797, "Test_acc": 0.47343231439590455}}, "3": {"0": {"Train_loss": 1.191934237674791, "Test_loss": 1.0929322481155395, "Train_acc": 0.8915227925290867, "Test_acc": 0.5056848049163818}, "1": {"Train_loss": 1.060760063784463, "Test_loss": 1.0911573886871337, "Train_acc": 0.946637360417113, "Test_acc": 0.5146527528762818}}, "4": {"0": {"Train_loss": 1.1349562479525197, "Test_loss": 1.1311975002288819, "Train_acc": 0.9010910166769611, "Test_acc": 0.4724782228469849}, "1": {"Train_loss": 1.0472803298307924, "Test_loss": 1.1092293977737426, "Train_acc": 0.9658155672404231, "Test_acc": 0.4914581060409546}}, "5": {"0": {"Train_loss": 1.1609817390539208, "Test_loss": 1.086811900138855, "Train_acc": 0.9137303360870906, "Test_acc": 0.4854327976703644}, "1": {"Train_loss": 1.052502374259793, "Test_loss": 1.1025006294250488, "Train_acc": 0.969623117422571, "Test_acc": 0.4946677923202515}}, "6": {"0": {"Train_loss": 1.1383686381943372, "Test_loss": 1.0998427867889404, "Train_acc": 0.9256275059009085, "Test_acc": 0.4755245804786682}, "1": {"Train_loss": 1.019140929591899, "Test_loss": 1.1299105405807495, "Train_acc": 0.9677459153593803, "Test_acc": 0.48667380809783933}}, "7": {"0": {"Train_loss": 1.1767268874207322, "Test_loss": 1.1026610136032104, "Train_acc": 0.9061531977994102, "Test_acc": 0.47756239771842957}, "1": {"Train_loss": 1.0579968447587929, "Test_loss": 1.1093297719955444, "Train_acc": 0.9530699557187606, "Test_acc": 0.49330060482025145}}, "8": {"0": {"Train_loss": 1.1527184345284287, "Test_loss": 1.1132055997848511, "Train_acc": 0.9091882292105227, "Test_acc": 0.47142993211746215}, "1": {"Train_loss": 1.0611239610886087, "Test_loss": 1.1466613292694092, "Train_acc": 0.9620099158919587, "Test_acc": 0.4873764157295227}}, "9": {"0": {"Train_loss": 1.1245422533580236, "Test_loss": 1.1165891885757446, "Train_acc": 0.9456598491084819, "Test_acc": 0.4674260258674622}, "1": {"Train_loss": 1.0559291742285903, "Test_loss": 1.125731348991394, "Train_acc": 0.966967702520137, "Test_acc": 0.49364542961120605}}, "10": {"0": {"Train_loss": 1.166357197323624, "Test_loss": 1.096199345588684, "Train_acc": 0.9197491498626008, "Test_acc": 0.4883944630622864}, "1": {"Train_loss": 1.0491707118190066, "Test_loss": 1.1110973596572875, "Train_acc": 0.9680685893613465, "Test_acc": 0.4999343156814575}}, "11": {"0": {"Train_loss": 1.2239630623739592, "Test_loss": 1.1358759880065918, "Train_acc": 0.8560362762334396, "Test_acc": 0.48045405745506287}, "1": {"Train_loss": 1.0691031412202485, "Test_loss": 1.14846510887146, "Train_acc": 0.9475920948447013, "Test_acc": 0.4869659185409546}}, "12": {"0": {"Train_loss": 1.1613443323544093, "Test_loss": 1.1036327362060547, "Train_acc": 0.9055704875868194, "Test_acc": 0.481344199180603}, "1": {"Train_loss": 1.0589106970903825, "Test_loss": 1.1184616088867188, "Train_acc": 0.9589198401996067, "Test_acc": 0.49083932638168337}}, "13": {"0": {"Train_loss": 1.159066719668252, "Test_loss": 1.1167134046554565, "Train_acc": 0.9302948859273171, "Test_acc": 0.47336317896842955}, "1": {"Train_loss": 1.045736702121034, "Test_loss": 1.1184279441833496, "Train_acc": 0.9585630011801817, "Test_acc": 0.4952727437019348}}, "14": {"0": {"Train_loss": 1.1467285302220558, "Test_loss": 1.0957125663757323, "Train_acc": 0.9169608695166451, "Test_acc": 0.4824970602989197}, "1": {"Train_loss": 1.0765115424078338, "Test_loss": 1.172405219078064, "Train_acc": 0.940582483398671, "Test_acc": 0.4878448247909546}}, "15": {"0": {"Train_loss": 1.1682146045626427, "Test_loss": 1.12187819480896, "Train_acc": 0.8882713804439623, "Test_acc": 0.48252990245819094}, "1": {"Train_loss": 1.0417001916437734, "Test_loss": 1.1268232345581055, "Train_acc": 0.9634809281144824, "Test_acc": 0.4956832528114319}}, "16": {"0": {"Train_loss": 1.1421923892838615, "Test_loss": 1.1133968591690064, "Train_acc": 0.9244127340462743, "Test_acc": 0.4744702339172363}, "1": {"Train_loss": 1.0387070677718337, "Test_loss": 1.1409319400787354, "Train_acc": 0.9639611426664858, "Test_acc": 0.49489508867263793}}, "17": {"0": {"Train_loss": 1.133953639439174, "Test_loss": 1.1071910619735719, "Train_acc": 0.9337019409452166, "Test_acc": 0.4777957320213318}, "1": {"Train_loss": 1.0390007635768579, "Test_loss": 1.1121192932128907, "Train_acc": 0.9664134626485863, "Test_acc": 0.4867066502571106}}, "18": {"0": {"Train_loss": 1.1883174290462417, "Test_loss": 1.144313931465149, "Train_acc": 0.8835869169965083, "Test_acc": 0.4738644242286682}, "1": {"Train_loss": 1.1129209849299218, "Test_loss": 1.1442013740539552, "Train_acc": 0.9414764788686013, "Test_acc": 0.4899673342704773}}, "19": {"0": {"Train_loss": 1.154025072954139, "Test_loss": 1.0913307189941406, "Train_acc": 0.9306137634783375, "Test_acc": 0.47941181659698484}, "1": {"Train_loss": 1.0397497458117348, "Test_loss": 1.1032377243041993, "Train_acc": 0.9653960916460776, "Test_acc": 0.4933585047721863}}}