{"0": {"0": {"Train_loss": 0.3397627699435974, "Test_loss": 0.6923855543136597, "Train_acc": 0.8801437987356769, "Test_acc": 0.797040069103241}, "1": {"Train_loss": 0.3861887444342886, "Test_loss": 0.6619919657707214, "Train_acc": 0.8645187987356769, "Test_acc": 0.7935045599937439}}, "1": {"0": {"Train_loss": 0.1743384968413382, "Test_loss": 0.7440284609794616, "Train_acc": 0.9394227558252762, "Test_acc": 0.8229751467704773}, "1": {"Train_loss": 0.18794818914362363, "Test_loss": 0.7516747236251831, "Train_acc": 0.9325858695166451, "Test_acc": 0.8204153418540955}}, "2": {"0": {"Train_loss": 0.13796315551260296, "Test_loss": 0.7302166938781738, "Train_acc": 0.9529200074624042, "Test_acc": 0.830532705783844}, "1": {"Train_loss": 0.12626360497456424, "Test_loss": 0.8224476337432861, "Train_acc": 0.9567256594190792, "Test_acc": 0.8284620404243469}}, "3": {"0": {"Train_loss": 0.17937476644102407, "Test_loss": 0.679152536392212, "Train_acc": 0.9364332787844599, "Test_acc": 0.8352323055267334}, "1": {"Train_loss": 0.15360225182102652, "Test_loss": 0.7190441250801086, "Train_acc": 0.9470739188242931, "Test_acc": 0.8349842667579651}}, "4": {"0": {"Train_loss": 0.231954246607362, "Test_loss": 0.6017749309539795, "Train_acc": 0.920085110226456, "Test_acc": 0.8455112695693969}, "1": {"Train_loss": 0.10562375997554282, "Test_loss": 0.833829653263092, "Train_acc": 0.9641813197914435, "Test_acc": 0.8402767181396484}}, "5": {"0": {"Train_loss": 0.18938240469718465, "Test_loss": 0.6386481404304505, "Train_acc": 0.9348028277864262, "Test_acc": 0.8452831149101258}, "1": {"Train_loss": 0.14975088112512414, "Test_loss": 0.6764511466026306, "Train_acc": 0.9476794065261374, "Test_acc": 0.8420146584510804}}, "6": {"0": {"Train_loss": 0.11892136988439123, "Test_loss": 0.7244004487991333, "Train_acc": 0.9598745752354058, "Test_acc": 0.8513887882232666}, "1": {"Train_loss": 0.10650315150922658, "Test_loss": 0.7321063995361328, "Train_acc": 0.9649405522005898, "Test_acc": 0.8504251956939697}}, "7": {"0": {"Train_loss": 0.07025229634374988, "Test_loss": 0.8679530262947083, "Train_acc": 0.9760822860562072, "Test_acc": 0.851845097541809}, "1": {"Train_loss": 0.09820458253047296, "Test_loss": 0.8257258772850037, "Train_acc": 0.9679926658163265, "Test_acc": 0.8531725287437439}}, "8": {"0": {"Train_loss": 0.10903330744073099, "Test_loss": 0.7520459890365601, "Train_acc": 0.9638187867038104, "Test_acc": 0.8594674706459046}, "1": {"Train_loss": 0.0959862972780758, "Test_loss": 0.7928083062171936, "Train_acc": 0.9682678878307343, "Test_acc": 0.8552872657775878}}, "9": {"0": {"Train_loss": 0.10599458422891948, "Test_loss": 0.8184284806251526, "Train_acc": 0.9647792151996067, "Test_acc": 0.8624559283256531}, "1": {"Train_loss": 0.060744655204518716, "Test_loss": 0.8716719627380372, "Train_acc": 0.9803282922627975, "Test_acc": 0.85599764585495}}, "10": {"0": {"Train_loss": 0.08504992388949102, "Test_loss": 0.9373695611953735, "Train_acc": 0.9725746329949827, "Test_acc": 0.856889522075653}, "1": {"Train_loss": 0.05865304881934913, "Test_loss": 0.8330166816711426, "Train_acc": 0.9807249909761001, "Test_acc": 0.8574037313461303}}, "11": {"0": {"Train_loss": 0.08927335536905698, "Test_loss": 1.0139123916625976, "Train_acc": 0.9720716415619364, "Test_acc": 0.856088387966156}, "1": {"Train_loss": 0.06306257313687583, "Test_loss": 0.8994332790374756, "Train_acc": 0.9804668523827378, "Test_acc": 0.8572343349456787}}, "12": {"0": {"Train_loss": 0.05619645446576938, "Test_loss": 0.8886779427528382, "Train_acc": 0.9814633447296766, "Test_acc": 0.8575929880142212}, "1": {"Train_loss": 0.06840800167042382, "Test_loss": 1.0902690649032594, "Train_acc": 0.9790888453016475, "Test_acc": 0.8594545125961304}}, "13": {"0": {"Train_loss": 0.05724345639880214, "Test_loss": 1.0040284633636474, "Train_acc": 0.9827350584828124, "Test_acc": 0.8591615438461304}, "1": {"Train_loss": 0.05632938138608422, "Test_loss": 0.9674113035202027, "Train_acc": 0.9832361516903858, "Test_acc": 0.8587052345275878}}, "14": {"0": {"Train_loss": 0.04594686816503503, "Test_loss": 1.062677550315857, "Train_acc": 0.9868406069522001, "Test_acc": 0.8585825204849243}, "1": {"Train_loss": 0.050490521322175554, "Test_loss": 0.962540352344513, "Train_acc": 0.9839726072184893, "Test_acc": 0.859896981716156}}, "15": {"0": {"Train_loss": 0.06186939367777383, "Test_loss": 1.0811949968338013, "Train_acc": 0.9812659438775511, "Test_acc": 0.8618760347366333}, "1": {"Train_loss": 0.04295977731520424, "Test_loss": 0.9653849363327026, "Train_acc": 0.987383458079124, "Test_acc": 0.8584779500961304}}, "16": {"0": {"Train_loss": 0.07063131709107939, "Test_loss": 0.8869633436203003, "Train_acc": 0.9793906406480439, "Test_acc": 0.8590509176254273}, "1": {"Train_loss": 0.05953028342895666, "Test_loss": 1.0631917238235473, "Train_acc": 0.9818600434429792, "Test_acc": 0.8613747954368591}}, "17": {"0": {"Train_loss": 0.043875847467962574, "Test_loss": 0.9844820857048034, "Train_acc": 0.9873625794235541, "Test_acc": 0.8613747954368591}, "1": {"Train_loss": 0.03122365755048029, "Test_loss": 1.027335238456726, "Train_acc": 0.9901527579949827, "Test_acc": 0.8590120315551758}}, "18": {"0": {"Train_loss": 0.0652834363186694, "Test_loss": 1.0448652267456056, "Train_acc": 0.9823592384250797, "Test_acc": 0.8643883109092713}, "1": {"Train_loss": 0.03804216857486385, "Test_loss": 1.1725078463554381, "Train_acc": 0.9886969297516103, "Test_acc": 0.8585306644439697}}, "19": {"0": {"Train_loss": 0.039313858512750995, "Test_loss": 1.2272085428237915, "Train_acc": 0.98810093256892, "Test_acc": 0.8612183690071106}, "1": {"Train_loss": 0.06969382659513124, "Test_loss": 0.9563665390014648, "Train_acc": 0.9814215868103261, "Test_acc": 0.8613946676254273}}}