{"0": {"0": {"Train_loss": 0.1692125383688479, "Test_loss": 12.911360740661621, "Train_acc": 0.9386863002971727, "Test_acc": 0.4429825782775879}, "1": {"Train_loss": 0.10397354228308006, "Test_loss": 13.557173919677734, "Train_acc": 0.9621826410293579, "Test_acc": 0.46580302715301514}}, "1": {"0": {"Train_loss": 0.10433381852902929, "Test_loss": 16.90939865112305, "Train_acc": 0.9615904396894027, "Test_acc": 0.4472396969795227}, "1": {"Train_loss": 0.06584082294863705, "Test_loss": 15.795531845092773, "Train_acc": 0.9766213407321852, "Test_acc": 0.46862814426422117}}, "2": {"0": {"Train_loss": 0.07716389266507966, "Test_loss": 17.435118103027342, "Train_acc": 0.972291818686894, "Test_acc": 0.4503508687019348}, "1": {"Train_loss": 0.05630555050447583, "Test_loss": 14.021264457702637, "Train_acc": 0.9805655522005898, "Test_acc": 0.4714662253856659}}, "3": {"0": {"Train_loss": 0.06478343202675484, "Test_loss": 16.986357498168946, "Train_acc": 0.9783106324624042, "Test_acc": 0.4510482907295227}, "1": {"Train_loss": 0.03573268177272866, "Test_loss": 20.155777359008788, "Train_acc": 0.9873644770408163, "Test_acc": 0.47382293939590453}}, "4": {"0": {"Train_loss": 0.05646025718246796, "Test_loss": 21.59383773803711, "Train_acc": 0.9797873393613465, "Test_acc": 0.4509307563304901}, "1": {"Train_loss": 0.03733144843551729, "Test_loss": 17.607427978515624, "Train_acc": 0.9868064413265306, "Test_acc": 0.47194154262542726}}, "5": {"0": {"Train_loss": 0.04757409586514137, "Test_loss": 23.152932739257814, "Train_acc": 0.9838947860562072, "Test_acc": 0.4538924217224121}, "1": {"Train_loss": 0.02541709602430311, "Test_loss": 23.58046684265137, "Train_acc": 0.9912688294235541, "Test_acc": 0.4740441799163818}}, "6": {"0": {"Train_loss": 0.040819220872101734, "Test_loss": 28.10617866516113, "Train_acc": 0.9858460128307343, "Test_acc": 0.4539701998233795}, "1": {"Train_loss": 0.023490552087219393, "Test_loss": 20.81396827697754, "Train_acc": 0.9923070790816326, "Test_acc": 0.47424554228782656}}, "7": {"0": {"Train_loss": 0.03752199961917893, "Test_loss": 30.583529663085937, "Train_acc": 0.9871651785714286, "Test_acc": 0.45473243594169616}, "1": {"Train_loss": 0.025528145174742962, "Test_loss": 19.270036697387695, "Train_acc": 0.9911682307720184, "Test_acc": 0.4727158784866333}}, "8": {"0": {"Train_loss": 0.037705580908234934, "Test_loss": 25.509004211425783, "Train_acc": 0.9862673866505526, "Test_acc": 0.45361328125}, "1": {"Train_loss": 0.01673192218152749, "Test_loss": 25.020855331420897, "Train_acc": 0.9944784835893281, "Test_acc": 0.47379701137542723}}, "9": {"0": {"Train_loss": 0.032303841409216424, "Test_loss": 28.755146408081053, "Train_acc": 0.989235985035799, "Test_acc": 0.45236276388168334}, "1": {"Train_loss": 0.020746976405629242, "Test_loss": 20.649536895751954, "Train_acc": 0.9926259566326531, "Test_acc": 0.4743371486663818}}, "10": {"0": {"Train_loss": 0.027489430138042996, "Test_loss": 46.70450897216797, "Train_acc": 0.9908892129148755, "Test_acc": 0.45317685008049013}, "1": {"Train_loss": 0.016701135855662276, "Test_loss": 33.0467342376709, "Train_acc": 0.9944595025510204, "Test_acc": 0.4738817036151886}}, "11": {"0": {"Train_loss": 0.03335933604429723, "Test_loss": 37.05583572387695, "Train_acc": 0.9894352835051867, "Test_acc": 0.45511701703071594}, "1": {"Train_loss": 0.021100969674488605, "Test_loss": 31.611668014526366, "Train_acc": 0.9927056760204082, "Test_acc": 0.4737641751766205}}, "12": {"0": {"Train_loss": 0.030957637202678894, "Test_loss": 44.16140441894531, "Train_acc": 0.9896156009362669, "Test_acc": 0.4539183497428894}, "1": {"Train_loss": 0.019333851326504076, "Test_loss": 24.021805191040038, "Train_acc": 0.9930814960781409, "Test_acc": 0.4752290189266205}}, "13": {"0": {"Train_loss": 0.02676505324601823, "Test_loss": 61.26510391235352, "Train_acc": 0.9910315688775511, "Test_acc": 0.4556701123714447}, "1": {"Train_loss": 0.0172882936514762, "Test_loss": 51.033871459960935, "Train_acc": 0.994499362244898, "Test_acc": 0.4749101221561432}}, "14": {"0": {"Train_loss": 0.021122039394329627, "Test_loss": 61.4572509765625, "Train_acc": 0.9925044799337581, "Test_acc": 0.4544783592224121}, "1": {"Train_loss": 0.014705896323068039, "Test_loss": 45.86101379394531, "Train_acc": 0.9953762755102041, "Test_acc": 0.4747407376766205}}, "15": {"0": {"Train_loss": 0.021700695815154027, "Test_loss": 48.272368621826175, "Train_acc": 0.9933396352797138, "Test_acc": 0.4551429390907288}, "1": {"Train_loss": 0.009205590478294263, "Test_loss": 53.595156860351565, "Train_acc": 0.9967694671786561, "Test_acc": 0.4747666597366333}}, "16": {"0": {"Train_loss": 0.02066032942360723, "Test_loss": 62.83305892944336, "Train_acc": 0.9937192511801817, "Test_acc": 0.456672602891922}, "1": {"Train_loss": 0.015120639149764819, "Test_loss": 42.68063735961914, "Train_acc": 0.9957938534872872, "Test_acc": 0.47421356439590456}}, "17": {"0": {"Train_loss": 0.0231558030105329, "Test_loss": 74.98872680664063, "Train_acc": 0.9927455357142857, "Test_acc": 0.4558455467224121}, "1": {"Train_loss": 0.009817615718336073, "Test_loss": 47.74331893920898, "Train_acc": 0.9970503826530612, "Test_acc": 0.4750855565071106}}, "18": {"0": {"Train_loss": 0.01729387345091839, "Test_loss": 104.35075073242187, "Train_acc": 0.9949776785714286, "Test_acc": 0.45622320771217345}, "1": {"Train_loss": 0.013269953392576712, "Test_loss": 55.97700576782226, "Train_acc": 0.9958545918367347, "Test_acc": 0.4764008939266205}}, "19": {"0": {"Train_loss": 0.012397890321896126, "Test_loss": 74.16675415039063, "Train_acc": 0.9959324136072275, "Test_acc": 0.45675729513168334}, "1": {"Train_loss": 0.015066083192787304, "Test_loss": 47.470558166503906, "Train_acc": 0.99589255391335, "Test_acc": 0.47487123012542726}}}