{"0": {"0": {"Train_loss": 0.1830769423775527, "Test_loss": 3.4769081115722655, "Train_acc": 0.9361542609273171, "Test_acc": 0.4467833936214447}, "1": {"Train_loss": 0.1251340007067335, "Test_loss": 3.4991639614105225, "Train_acc": 0.957659514582887, "Test_acc": 0.49169144630432127}}, "1": {"0": {"Train_loss": 0.14533292418535876, "Test_loss": 3.425973987579346, "Train_acc": 0.9476756106834022, "Test_acc": 0.47504839301109314}, "1": {"Train_loss": 0.09336315692231363, "Test_loss": 3.5800484657287597, "Train_acc": 0.9677288325465455, "Test_acc": 0.5118656635284424}}, "2": {"0": {"Train_loss": 0.0746126969021802, "Test_loss": 5.073161315917969, "Train_acc": 0.974427159343447, "Test_acc": 0.48864767551422117}, "1": {"Train_loss": 0.09068004000095689, "Test_loss": 3.597184944152832, "Train_acc": 0.9691030431766899, "Test_acc": 0.5144755959510803}}, "3": {"0": {"Train_loss": 0.06363006139516222, "Test_loss": 5.349387454986572, "Train_acc": 0.9781682764997288, "Test_acc": 0.49724661111831664}, "1": {"Train_loss": 0.04151471116941194, "Test_loss": 5.626804447174072, "Train_acc": 0.9855290335051867, "Test_acc": 0.5190265536308288}}, "4": {"0": {"Train_loss": 0.06213508727865256, "Test_loss": 5.863504028320312, "Train_acc": 0.9786693697073021, "Test_acc": 0.49418124556541443}, "1": {"Train_loss": 0.05173111436128312, "Test_loss": 4.249143600463867, "Train_acc": 0.9820802205679368, "Test_acc": 0.5174830555915833}}, "5": {"0": {"Train_loss": 0.05705820533389948, "Test_loss": 5.582975769042969, "Train_acc": 0.9805655522005898, "Test_acc": 0.5005219876766205}, "1": {"Train_loss": 0.03161485453744476, "Test_loss": 5.53801908493042, "Train_acc": 0.9897143013623296, "Test_acc": 0.5208232522010803}}, "6": {"0": {"Train_loss": 0.07515583738532601, "Test_loss": 5.637737560272217, "Train_acc": 0.973986804485321, "Test_acc": 0.48753543496131896}, "1": {"Train_loss": 0.0451156719806319, "Test_loss": 5.8040741920471195, "Train_acc": 0.9840333455679368, "Test_acc": 0.5150494337081909}}, "7": {"0": {"Train_loss": 0.05418080827031208, "Test_loss": 6.314381122589111, "Train_acc": 0.9813627460781409, "Test_acc": 0.49095945358276366}, "1": {"Train_loss": 0.04328005373173831, "Test_loss": 5.334896755218506, "Train_acc": 0.986842505177673, "Test_acc": 0.5305283784866333}}, "8": {"0": {"Train_loss": 0.054515181460930984, "Test_loss": 6.5875319480896, "Train_acc": 0.9826401545076954, "Test_acc": 0.5039589643478394}, "1": {"Train_loss": 0.028328246541549355, "Test_loss": 5.215990924835205, "Train_acc": 0.9905133928571429, "Test_acc": 0.5246370315551758}}, "9": {"0": {"Train_loss": 0.04876524706048017, "Test_loss": 7.242549705505371, "Train_acc": 0.9835740102797138, "Test_acc": 0.5074158251285553}, "1": {"Train_loss": 0.025651188101619482, "Test_loss": 8.100860786437988, "Train_acc": 0.9918249669123669, "Test_acc": 0.5210116505622864}}, "10": {"0": {"Train_loss": 0.03409525797683365, "Test_loss": 7.3281715393066404, "Train_acc": 0.9887785473648383, "Test_acc": 0.49496249556541444}, "1": {"Train_loss": 0.036598644785972655, "Test_loss": 5.36677656173706, "Train_acc": 0.9897161989795918, "Test_acc": 0.5415886044502258}}, "11": {"0": {"Train_loss": 0.06935781144480012, "Test_loss": 7.904281425476074, "Train_acc": 0.9773198341836735, "Test_acc": 0.5082999110221863}, "1": {"Train_loss": 0.03210658949742816, "Test_loss": 6.568202018737793, "Train_acc": 0.9890158073026307, "Test_acc": 0.5247744441032409}}, "12": {"0": {"Train_loss": 0.027071050817279944, "Test_loss": 9.2492826461792, "Train_acc": 0.9913466505858363, "Test_acc": 0.5002679049968719}, "1": {"Train_loss": 0.02831559497815538, "Test_loss": 6.375815677642822, "Train_acc": 0.9909898115664112, "Test_acc": 0.5251840829849244}}, "13": {"0": {"Train_loss": 0.03905225494800477, "Test_loss": 8.523576927185058, "Train_acc": 0.9877820550178995, "Test_acc": 0.498405522108078}, "1": {"Train_loss": 0.024409190240810265, "Test_loss": 7.355636882781982, "Train_acc": 0.9919882015306123, "Test_acc": 0.522912061214447}}, "14": {"0": {"Train_loss": 0.02447648523898073, "Test_loss": 9.288539123535156, "Train_acc": 0.9920280612244898, "Test_acc": 0.5018044769763946}, "1": {"Train_loss": 0.013743062188839349, "Test_loss": 8.484274959564209, "Train_acc": 0.9952965561224489, "Test_acc": 0.5273653507232666}}, "15": {"0": {"Train_loss": 0.06258327264946942, "Test_loss": 9.635591506958008, "Train_acc": 0.9810267857142857, "Test_acc": 0.4995194971561432}, "1": {"Train_loss": 0.04233447360635108, "Test_loss": 5.3676858901977536, "Train_acc": 0.988518510546003, "Test_acc": 0.5455276846885682}}, "16": {"0": {"Train_loss": 0.028027853861983334, "Test_loss": 8.843637084960937, "Train_acc": 0.9910505499158587, "Test_acc": 0.5064781546592713}, "1": {"Train_loss": 0.08615607302635908, "Test_loss": 5.302748298645019, "Train_acc": 0.9777981505102041, "Test_acc": 0.5317400097846985}}, "17": {"0": {"Train_loss": 0.023189125234517743, "Test_loss": 10.81815071105957, "Train_acc": 0.9938995692194724, "Test_acc": 0.5016610205173493}, "1": {"Train_loss": 0.023874114576385032, "Test_loss": 10.255661964416504, "Train_acc": 0.9928632171786561, "Test_acc": 0.5386010050773621}}, "18": {"0": {"Train_loss": 0.029110476270089954, "Test_loss": 13.53501625061035, "Train_acc": 0.9909499518725337, "Test_acc": 0.49935702681541444}, "1": {"Train_loss": 0.019580046694407393, "Test_loss": 9.29363784790039, "Train_acc": 0.9939413265306123, "Test_acc": 0.5298586130142212}}, "19": {"0": {"Train_loss": 0.04483988794631192, "Test_loss": 11.900623893737793, "Train_acc": 0.9860263302618143, "Test_acc": 0.49589930176734925}, "1": {"Train_loss": 0.024865800148940513, "Test_loss": 7.185550117492676, "Train_acc": 0.9932618141174316, "Test_acc": 0.5365701079368591}}}