{"0": {"0": {"Train_loss": 0.24573074744976298, "Test_loss": 1.4008167028427123, "Train_acc": 0.914130831251339, "Test_acc": 0.6590595602989197}, "1": {"Train_loss": 0.22121753254715276, "Test_loss": 1.2852191209793091, "Train_acc": 0.9268062139044002, "Test_acc": 0.6365087509155274}}, "1": {"0": {"Train_loss": 0.13337337332112448, "Test_loss": 1.7045219182968139, "Train_acc": 0.9550116925823445, "Test_acc": 0.6810633301734924}, "1": {"Train_loss": 0.11557938975795191, "Test_loss": 1.6324402570724488, "Train_acc": 0.9603054395743779, "Test_acc": 0.6720901846885681}}, "2": {"0": {"Train_loss": 0.10268619633754905, "Test_loss": 2.08429217338562, "Train_acc": 0.9637789270099328, "Test_acc": 0.6786020517349243}, "1": {"Train_loss": 0.11275284535878775, "Test_loss": 1.5965215682983398, "Train_acc": 0.9615278031144824, "Test_acc": 0.68203125}}, "3": {"0": {"Train_loss": 0.15590866708329745, "Test_loss": 1.4547683715820312, "Train_acc": 0.9461609423160553, "Test_acc": 0.699602460861206}, "1": {"Train_loss": 0.06072465047164231, "Test_loss": 2.228752326965332, "Train_acc": 0.9795083215042036, "Test_acc": 0.6768632411956788}}, "4": {"0": {"Train_loss": 0.07788206956216268, "Test_loss": 1.9811899185180664, "Train_acc": 0.9727701350134246, "Test_acc": 0.6938078999519348}, "1": {"Train_loss": 0.06698099730954486, "Test_loss": 1.8637479543685913, "Train_acc": 0.9770939629905078, "Test_acc": 0.6879416108131409}}, "5": {"0": {"Train_loss": 0.060760466819058875, "Test_loss": 2.3234010219573973, "Train_acc": 0.9798044221741813, "Test_acc": 0.697063398361206}, "1": {"Train_loss": 0.055145924473751565, "Test_loss": 2.3797760963439942, "Train_acc": 0.981801202710794, "Test_acc": 0.67568359375}}, "6": {"0": {"Train_loss": 0.06789482491356987, "Test_loss": 1.9848844528198242, "Train_acc": 0.9764979651996067, "Test_acc": 0.7039572358131408}, "1": {"Train_loss": 0.2012175254295675, "Test_loss": 1.7060519695281982, "Train_acc": 0.9351027242991389, "Test_acc": 0.6835799217224121}}, "7": {"0": {"Train_loss": 0.060829038560694576, "Test_loss": 2.0742600440979, "Train_acc": 0.9796487792414061, "Test_acc": 0.7001157999038696}, "1": {"Train_loss": 0.04620869182601419, "Test_loss": 2.4955801963806152, "Train_acc": 0.9840333455679368, "Test_acc": 0.6857871294021607}}, "8": {"0": {"Train_loss": 0.05704249759983956, "Test_loss": 2.558309316635132, "Train_acc": 0.9801081151378398, "Test_acc": 0.6952934861183167}, "1": {"Train_loss": 0.17432069105609338, "Test_loss": 1.893558669090271, "Train_acc": 0.9433954388511424, "Test_acc": 0.68671875}}, "9": {"0": {"Train_loss": 0.04429665134687509, "Test_loss": 2.3898722648620607, "Train_acc": 0.9854094544235541, "Test_acc": 0.7007285356521606}, "1": {"Train_loss": 0.05169350143560037, "Test_loss": 2.222863483428955, "Train_acc": 0.9836973852040817, "Test_acc": 0.684738838672638}}, "10": {"0": {"Train_loss": 0.04747066711436729, "Test_loss": 2.3618836402893066, "Train_acc": 0.9851721938775511, "Test_acc": 0.7069837212562561}, "1": {"Train_loss": 0.03370864959718774, "Test_loss": 2.468404245376587, "Train_acc": 0.9898927205679368, "Test_acc": 0.6917044043540954}}, "11": {"0": {"Train_loss": 0.15339044390284284, "Test_loss": 2.012990212440491, "Train_acc": 0.9511073401996067, "Test_acc": 0.7086767196655274}, "1": {"Train_loss": 0.06258027265038417, "Test_loss": 2.387864875793457, "Train_acc": 0.9812222883409384, "Test_acc": 0.6910078406333924}}, "12": {"0": {"Train_loss": 0.03916913140755223, "Test_loss": 2.3649524688720702, "Train_acc": 0.9866621871383823, "Test_acc": 0.711951220035553}, "1": {"Train_loss": 0.02825213377886661, "Test_loss": 2.4067721366882324, "Train_acc": 0.9905722335893281, "Test_acc": 0.6922505855560303}}, "13": {"0": {"Train_loss": 0.035323438980635634, "Test_loss": 2.327462387084961, "Train_acc": 0.9885393892015729, "Test_acc": 0.7174329400062561}, "1": {"Train_loss": 0.047383084712664086, "Test_loss": 2.1238967418670653, "Train_acc": 0.9850507171786561, "Test_acc": 0.6970556259155274}}, "14": {"0": {"Train_loss": 0.04775258796099497, "Test_loss": 2.8996059894561768, "Train_acc": 0.9856087528929418, "Test_acc": 0.704633915424347}, "1": {"Train_loss": 0.029596009453264426, "Test_loss": 2.611346387863159, "Train_acc": 0.9909518494897959, "Test_acc": 0.7100162506103516}}, "15": {"0": {"Train_loss": 0.07076644972061777, "Test_loss": 2.112126922607422, "Train_acc": 0.9788288084828124, "Test_acc": 0.7126858115196228}, "1": {"Train_loss": 0.05856975675465501, "Test_loss": 2.4317902088165284, "Train_acc": 0.9821618381811648, "Test_acc": 0.6965673446655274}}, "16": {"0": {"Train_loss": 0.02324001262278049, "Test_loss": 3.0436952114105225, "Train_acc": 0.9924854988954506, "Test_acc": 0.7119901180267334}, "1": {"Train_loss": 0.114352099236329, "Test_loss": 2.65110445022583, "Train_acc": 0.9672106565261374, "Test_acc": 0.7135050773620606}}, "17": {"0": {"Train_loss": 0.025184518850066374, "Test_loss": 3.143299770355225, "Train_acc": 0.9919464442194724, "Test_acc": 0.7273584365844726}, "1": {"Train_loss": 0.020362133084207167, "Test_loss": 2.893988847732544, "Train_acc": 0.9933434311224489, "Test_acc": 0.6963789343833924}}, "18": {"0": {"Train_loss": 0.040921474388819566, "Test_loss": 3.8224672794342043, "Train_acc": 0.9885773506699777, "Test_acc": 0.7253551959991456}, "1": {"Train_loss": 0.09850899766826508, "Test_loss": 2.7469934463500976, "Train_acc": 0.9717375794235541, "Test_acc": 0.6963919043540955}}, "19": {"0": {"Train_loss": 0.022045614960489377, "Test_loss": 3.2276483535766602, "Train_acc": 0.9928043764464709, "Test_acc": 0.720056688785553}, "1": {"Train_loss": 0.026912562049003507, "Test_loss": 3.118311882019043, "Train_acc": 0.9929239555281035, "Test_acc": 0.7116764068603516}}}