{"0": {"Test_loss": 0.06650815159082413, "Test_acc": 0.92531818151474, "Train_loss": 0.45470247960696786, "Train_acc": 1.6551906779661017e-05}, "1": {"Test_loss": 0.09168430666128795, "Test_acc": 0.3969222406546275, "Train_loss": 0.18204354722115954, "Train_acc": 0.6865068855932204}, "2": {"Test_loss": 0.06156902015209198, "Test_acc": 0.9016955892244974, "Train_loss": 0.6377703325223114, "Train_acc": 0.013037385245374703}, "3": {"Test_loss": 0.08296224226554234, "Test_acc": 0.5166707038879395, "Train_loss": 0.3793909660840439, "Train_acc": 0.3618743379237288}, "4": {"Test_loss": 0.06058002014954885, "Test_acc": 0.8952996730804443, "Train_loss": 0.7860711807921782, "Train_acc": 0.02095471398305085}, "5": {"Test_loss": 0.07679021110137303, "Test_acc": 0.5838993986447653, "Train_loss": 0.5470962716361224, "Train_acc": 0.2713685116525424}, "6": {"Test_loss": 0.06004424517353376, "Test_acc": 0.886804441610972, "Train_loss": 0.9147752856804152, "Train_acc": 0.030008606991525424}, "7": {"Test_loss": 0.07275702804327011, "Test_acc": 0.6116428375244141, "Train_loss": 0.6921034935167281, "Train_acc": 0.23200256011243595}, "8": {"Test_loss": 0.059195550779501595, "Test_acc": 0.8824113607406616, "Train_loss": 1.0299576813891782, "Train_acc": 0.03783214160130691}, "9": {"Test_loss": 0.07035523404677708, "Test_acc": 0.6289076805114746, "Train_loss": 0.8195558670213667, "Train_acc": 0.20559675145452305}, "10": {"Test_loss": 0.058601200580596924, "Test_acc": 0.8764706055323283, "Train_loss": 1.129379405813702, "Train_acc": 0.04461290608396975}, "11": {"Test_loss": 0.06823063393433888, "Test_acc": 0.6458153327306112, "Train_loss": 0.9306661653316627, "Train_acc": 0.18580618829040205}, "12": {"Test_loss": 0.05808953816692034, "Test_acc": 0.8688936034838358, "Train_loss": 1.218008988994663, "Train_acc": 0.048414327330508475}, "13": {"Test_loss": 0.0663413405418396, "Test_acc": 0.6683317224184672, "Train_loss": 1.0271909125780656, "Train_acc": 0.17197431144067796}, "14": {"Test_loss": 0.05728318045536677, "Test_acc": 0.873580535252889, "Train_loss": 1.2923905849456787, "Train_acc": 0.05744615115099034}, "15": {"Test_loss": 0.06549968818823497, "Test_acc": 0.6761161287625631, "Train_loss": 1.1126869330971927, "Train_acc": 0.1587879590816417}, "16": {"Test_loss": 0.056900461514790855, "Test_acc": 0.8722834785779318, "Train_loss": 1.3514001217939087, "Train_acc": 0.05980755650769856}, "17": {"Test_loss": 0.06547282387812932, "Test_acc": 0.6817630529403687, "Train_loss": 1.1842839808787329, "Train_acc": 0.15188581395452305}, "18": {"Test_loss": 0.058361864338318505, "Test_acc": 0.8567593097686768, "Train_loss": 1.407194738670931, "Train_acc": 0.06279241704082085}, "19": {"Test_loss": 0.06452133258183797, "Test_acc": 0.711080809434255, "Train_loss": 1.2464749025086226, "Train_acc": 0.14628575211864406}, "20": {"Test_loss": 0.057526830583810806, "Test_acc": 0.863170345624288, "Train_loss": 1.4549644114607472, "Train_acc": 0.0654186529375739}, "21": {"Test_loss": 0.06443396210670471, "Test_acc": 0.7173341313997904, "Train_loss": 1.302886585057792, "Train_acc": 0.1365863347457627}, "22": {"Test_loss": 0.058090011278788246, "Test_acc": 0.8565965493520101, "Train_loss": 1.4916306329985796, "Train_acc": 0.07137733937825187}, "23": {"Test_loss": 0.06443493564923604, "Test_acc": 0.7344210942586263, "Train_loss": 1.3514380657066734, "Train_acc": 0.1297393626833366}, "24": {"Test_loss": 0.05933320770661036, "Test_acc": 0.8494747082392374, "Train_loss": 1.524952698562105, "Train_acc": 0.07447254594604848}, "25": {"Test_loss": 0.06465241312980652, "Test_acc": 0.7474721670150757, "Train_loss": 1.3925286026324255, "Train_acc": 0.127571062895201}, "26": {"Test_loss": 0.06027695288260778, "Test_acc": 0.8441698551177979, "Train_loss": 1.5580394571110354, "Train_acc": 0.07562014479505813}, "27": {"Test_loss": 0.06492221852143605, "Test_acc": 0.7599039077758789, "Train_loss": 1.4268017845638727, "Train_acc": 0.1234165342935061}, "28": {"Test_loss": 0.06051920851071676, "Test_acc": 0.8439041177431742, "Train_loss": 1.5794949905347015, "Train_acc": 0.08096641068488865}, "29": {"Test_loss": 0.06502396613359451, "Test_acc": 0.7714519699414571, "Train_loss": 1.45609503580352, "Train_acc": 0.1207737464899734}, "30": {"Test_loss": 0.06099815418322881, "Test_acc": 0.8431983391443888, "Train_loss": 1.6015661096168776, "Train_acc": 0.08115399894067797}, "31": {"Test_loss": 0.06472190966208775, "Test_acc": 0.7832492192586263, "Train_loss": 1.4819266109143274, "Train_acc": 0.1162109375}, "32": {"Test_loss": 0.06220945343375206, "Test_acc": 0.8365100423494974, "Train_loss": 1.6156461087323852, "Train_acc": 0.08428782666638746}, "33": {"Test_loss": 0.06493361542622249, "Test_acc": 0.7903444170951843, "Train_loss": 1.505909314600088, "Train_acc": 0.1136619438559322}, "34": {"Test_loss": 0.06293447439869244, "Test_acc": 0.8323279619216919, "Train_loss": 1.627220784203481, "Train_acc": 0.08675406077655695}, "35": {"Test_loss": 0.06517118960618973, "Test_acc": 0.7985407710075378, "Train_loss": 1.5220329034126412, "Train_acc": 0.1108536370477434}, "36": {"Test_loss": 0.0630119430522124, "Test_acc": 0.831248422463735, "Train_loss": 1.6363998419147427, "Train_acc": 0.08809476519413924}, "37": {"Test_loss": 0.06585261722405751, "Test_acc": 0.8005255858103434, "Train_loss": 1.5345109701156616, "Train_acc": 0.11134467690677965}, "38": {"Test_loss": 0.06344587604204814, "Test_acc": 0.832474152247111, "Train_loss": 1.6462723390530731, "Train_acc": 0.09038444564251577}, "39": {"Test_loss": 0.06615949670473735, "Test_acc": 0.8025867342948914, "Train_loss": 1.5459512583280013, "Train_acc": 0.10821084924421068}}