{"0": {"Test_loss": 0.06145922342936198, "Test_acc": 0.9364874362945557, "Train_loss": 0.4704527054297722, "Train_acc": 0.0}, "1": {"Test_loss": 0.08640499661366145, "Test_acc": 0.4967836836973826, "Train_loss": 0.1814194796449047, "Train_acc": 0.6922393628096176}, "2": {"Test_loss": 0.05790337175130844, "Test_acc": 0.9273742834726969, "Train_loss": 0.6403975991879479, "Train_acc": 0.01739053672842555}, "3": {"Test_loss": 0.07766504089037578, "Test_acc": 0.5868924657503763, "Train_loss": 0.377648082072452, "Train_acc": 0.3678109552395546}, "4": {"Test_loss": 0.055246676007906594, "Test_acc": 0.9206262032190958, "Train_loss": 0.7770031720904981, "Train_acc": 0.025969941737288137}, "5": {"Test_loss": 0.07136223216851552, "Test_acc": 0.6332590182622274, "Train_loss": 0.5404202372340833, "Train_acc": 0.2679201978243003}, "6": {"Test_loss": 0.05357812841733297, "Test_acc": 0.9068643053372701, "Train_loss": 0.8862385790226823, "Train_acc": 0.03491348871108839}, "7": {"Test_loss": 0.06783004353443782, "Test_acc": 0.6537524263064066, "Train_loss": 0.6748875056282949, "Train_acc": 0.21667549443446985}, "8": {"Test_loss": 0.053070163975159325, "Test_acc": 0.8971282045046488, "Train_loss": 0.975695928779699, "Train_acc": 0.04305702683878904}, "9": {"Test_loss": 0.06583702564239502, "Test_acc": 0.672053595383962, "Train_loss": 0.7855587096537574, "Train_acc": 0.19174832282430035}, "10": {"Test_loss": 0.052729607870181404, "Test_acc": 0.8879070480664571, "Train_loss": 1.0574354903172638, "Train_acc": 0.05115642657471915}, "11": {"Test_loss": 0.06373459845781326, "Test_acc": 0.6937713225682577, "Train_loss": 0.8798726721335266, "Train_acc": 0.17362950211864406}, "12": {"Test_loss": 0.05286460121472677, "Test_acc": 0.8809962073961893, "Train_loss": 1.1262171510922707, "Train_acc": 0.057722016253461274}, "13": {"Test_loss": 0.06315689037243526, "Test_acc": 0.7049722671508789, "Train_loss": 0.9608994060653752, "Train_acc": 0.16067487645452305}, "14": {"Test_loss": 0.051860092828671135, "Test_acc": 0.8810444672902426, "Train_loss": 1.1888742224644806, "Train_acc": 0.05969169319181119}, "15": {"Test_loss": 0.062134613593419395, "Test_acc": 0.7145952781041464, "Train_loss": 1.0303428905495142, "Train_acc": 0.1530941031494383}, "16": {"Test_loss": 0.05248323082923889, "Test_acc": 0.8740356763203939, "Train_loss": 1.2434011920023773, "Train_acc": 0.06561175847457627}, "17": {"Test_loss": 0.06225369746486346, "Test_acc": 0.7280151049296061, "Train_loss": 1.0942652033547224, "Train_acc": 0.1451657398019807}, "18": {"Test_loss": 0.051976206401983895, "Test_acc": 0.8756784001986185, "Train_loss": 1.2944661520295224, "Train_acc": 0.0670021186440678}, "19": {"Test_loss": 0.0619490755101045, "Test_acc": 0.7403006354967753, "Train_loss": 1.150449430538436, "Train_acc": 0.1396705067511332}, "20": {"Test_loss": 0.05197290455301603, "Test_acc": 0.8743547201156616, "Train_loss": 1.341624687283726, "Train_acc": 0.06952352581892983}, "21": {"Test_loss": 0.06221276273330053, "Test_acc": 0.7521526217460632, "Train_loss": 1.1991054476317713, "Train_acc": 0.133529749335879}, "22": {"Test_loss": 0.05251204346617063, "Test_acc": 0.8704866369565328, "Train_loss": 1.3732181050009646, "Train_acc": 0.07378288314251577}, "23": {"Test_loss": 0.06238143518567085, "Test_acc": 0.7603158354759216, "Train_loss": 1.2401114772942106, "Train_acc": 0.1311959304799468}, "24": {"Test_loss": 0.053106204917033516, "Test_acc": 0.8655123710632324, "Train_loss": 1.402089876643682, "Train_acc": 0.07633187678658356}, "25": {"Test_loss": 0.062288726369539894, "Test_acc": 0.773621141910553, "Train_loss": 1.2770773930064703, "Train_acc": 0.1256344898019807}, "26": {"Test_loss": 0.05332420766353607, "Test_acc": 0.866125226020813, "Train_loss": 1.4321350667436243, "Train_acc": 0.07734154310014288}, "27": {"Test_loss": 0.06238952527443568, "Test_acc": 0.7831296722094218, "Train_loss": 1.3088773226333876, "Train_acc": 0.11856682560706543}, "28": {"Test_loss": 0.05454249928394953, "Test_acc": 0.8601095875104269, "Train_loss": 1.4517395385241105, "Train_acc": 0.07925052966101695}, "29": {"Test_loss": 0.06268847982088725, "Test_acc": 0.7900837063789368, "Train_loss": 1.3324725092467615, "Train_acc": 0.11862199860861745}, "30": {"Test_loss": 0.05520429462194443, "Test_acc": 0.857945442199707, "Train_loss": 1.4683534058473877, "Train_acc": 0.08268229167719009}, "31": {"Test_loss": 0.06269186486800511, "Test_acc": 0.7981223464012146, "Train_loss": 1.3546706660319183, "Train_acc": 0.11677921967486203}, "32": {"Test_loss": 0.05582862968246142, "Test_acc": 0.8576199213663737, "Train_loss": 1.4840318681830067, "Train_acc": 0.0831733315677966}, "33": {"Test_loss": 0.06309862559040387, "Test_acc": 0.8049352367719015, "Train_loss": 1.3747031446230613, "Train_acc": 0.11302193683587898}, "34": {"Test_loss": 0.05659125621120135, "Test_acc": 0.8573973973592123, "Train_loss": 1.496298560651682, "Train_acc": 0.08440920729505813}, "35": {"Test_loss": 0.06314275910456975, "Test_acc": 0.811910887559255, "Train_loss": 1.3906470597800562, "Train_acc": 0.10988259182895645}, "36": {"Test_loss": 0.05766193941235542, "Test_acc": 0.8539477388064066, "Train_loss": 1.5031189847800692, "Train_acc": 0.08923132944915255}, "37": {"Test_loss": 0.06323008735974629, "Test_acc": 0.8190327485402426, "Train_loss": 1.4030245653653548, "Train_acc": 0.10912120411709203}, "38": {"Test_loss": 0.05875820045669874, "Test_acc": 0.8505362470944723, "Train_loss": 1.5103415483135287, "Train_acc": 0.09061065505621797}, "39": {"Test_loss": 0.0635759395857652, "Test_acc": 0.823909064133962, "Train_loss": 1.413463485442986, "Train_acc": 0.10642876059322035}}