{"0": {"Test_loss": 0.0886005163192749, "Test_acc": 0.9863461256027222, "Train_loss": 0.8402159668631473, "Train_acc": 0.0}, "1": {"Test_loss": 0.0903014416495959, "Test_acc": 0.8313405911127726, "Train_loss": 0.4064275412741354, "Train_acc": 0.902244438559322}, "2": {"Test_loss": 0.08292656391859055, "Test_acc": 0.9846155444780985, "Train_loss": 1.4082468061123865, "Train_acc": 0.044646009889636504}, "3": {"Test_loss": 0.08498404175043106, "Test_acc": 0.8757871588071188, "Train_loss": 0.993556023149167, "Train_acc": 0.4748686885429641}, "4": {"Test_loss": 0.07810431470473607, "Test_acc": 0.9829065601030985, "Train_loss": 1.9405145786576352, "Train_acc": 0.024011299456075087}, "5": {"Test_loss": 0.08143191039562225, "Test_acc": 0.8977274099985758, "Train_loss": 1.5372651431520106, "Train_acc": 0.3546411546610169}, "6": {"Test_loss": 0.07438555856545766, "Test_acc": 0.9810513655344645, "Train_loss": 2.432562296673403, "Train_acc": 0.022427833686440676}, "7": {"Test_loss": 0.07830507059892018, "Test_acc": 0.8998713692029318, "Train_loss": 2.0406809974524935, "Train_acc": 0.3019840219768427}, "8": {"Test_loss": 0.07267861068248749, "Test_acc": 0.9789736668268839, "Train_loss": 2.903968263480623, "Train_acc": 0.024574064270798432}, "9": {"Test_loss": 0.076315571864446, "Test_acc": 0.8764115571975708, "Train_loss": 2.5166227635690723, "Train_acc": 0.2790982521186441}, "10": {"Test_loss": 0.06941546748081844, "Test_acc": 0.9783442219098409, "Train_loss": 3.343895813166085, "Train_acc": 0.030135504948764533}, "11": {"Test_loss": 0.07352847109238307, "Test_acc": 0.8885523279507955, "Train_loss": 2.9654340764223517, "Train_acc": 0.2629987642926685}, "12": {"Test_loss": 0.06665983671943347, "Test_acc": 0.9766085942586263, "Train_loss": 3.759437676203453, "Train_acc": 0.03399209924421068}, "13": {"Test_loss": 0.07250372072060902, "Test_acc": 0.8844552238782247, "Train_loss": 3.392591225898872, "Train_acc": 0.2476220427680824}, "14": {"Test_loss": 0.0639587255815665, "Test_acc": 0.9745359222094218, "Train_loss": 4.154416728827913, "Train_acc": 0.039321813227261526}, "15": {"Test_loss": 0.06990130494038264, "Test_acc": 0.9053324858347574, "Train_loss": 3.795789354938572, "Train_acc": 0.23200256011243595}, "16": {"Test_loss": 0.0617000957330068, "Test_acc": 0.9764508803685507, "Train_loss": 4.529507996672291, "Train_acc": 0.04137976694915254}, "17": {"Test_loss": 0.06852635741233826, "Test_acc": 0.9146631360054016, "Train_loss": 4.174077696719412, "Train_acc": 0.2227776308180922}, "18": {"Test_loss": 0.06082041189074516, "Test_acc": 0.9746986826260885, "Train_loss": 4.894002789157932, "Train_acc": 0.042913576998447965}, "19": {"Test_loss": 0.0660410039126873, "Test_acc": 0.9169136881828308, "Train_loss": 4.543113696373116, "Train_acc": 0.2128354520615885}, "20": {"Test_loss": 0.05873918905854225, "Test_acc": 0.9733749826749166, "Train_loss": 5.2272240590241, "Train_acc": 0.046919138439125936}, "21": {"Test_loss": 0.06565043081839879, "Test_acc": 0.9020571112632751, "Train_loss": 4.888106426950229, "Train_acc": 0.20674986758474576}, "22": {"Test_loss": 0.0574214830994606, "Test_acc": 0.9720296859741211, "Train_loss": 5.564803604352272, "Train_acc": 0.047123278601694914}, "23": {"Test_loss": 0.06391720349589984, "Test_acc": 0.9151614904403687, "Train_loss": 5.226901038218353, "Train_acc": 0.1978118379237288}, "24": {"Test_loss": 0.05662357807159424, "Test_acc": 0.9709501465161642, "Train_loss": 5.883013171664739, "Train_acc": 0.04951227049074941}, "25": {"Test_loss": 0.06263862550258636, "Test_acc": 0.9041449228922526, "Train_loss": 5.550877853975457, "Train_acc": 0.1880848340816417}, "26": {"Test_loss": 0.056525640189647675, "Test_acc": 0.9687860012054443, "Train_loss": 6.1900394366959395, "Train_acc": 0.05099642478813559}, "27": {"Test_loss": 0.060425806790590286, "Test_acc": 0.9030819336573283, "Train_loss": 5.8601862293178755, "Train_acc": 0.18374271716101695}, "28": {"Test_loss": 0.05467649425069491, "Test_acc": 0.9670338034629822, "Train_loss": 6.484572766190868, "Train_acc": 0.05094125178658356}, "29": {"Test_loss": 0.05913765728473663, "Test_acc": 0.9134042461713155, "Train_loss": 6.157794483637406, "Train_acc": 0.17825300145452305}, "30": {"Test_loss": 0.05367648725708326, "Test_acc": 0.9669740398724874, "Train_loss": 6.745305380578769, "Train_acc": 0.0580585717018378}, "31": {"Test_loss": 0.05808500945568085, "Test_acc": 0.918665885925293, "Train_loss": 6.430932990575241, "Train_acc": 0.1718860346887071}, "32": {"Test_loss": 0.05179833248257637, "Test_acc": 0.9681349595387777, "Train_loss": 7.003717361870459, "Train_acc": 0.05849995587210534}, "33": {"Test_loss": 0.05603386461734772, "Test_acc": 0.9309946298599243, "Train_loss": 6.691049563682686, "Train_acc": 0.1694915254237288}, "34": {"Test_loss": 0.05028156687815984, "Test_acc": 0.9687478343645731, "Train_loss": 7.2492458577883445, "Train_acc": 0.05801443326271186}, "35": {"Test_loss": 0.055422260115544, "Test_acc": 0.9298502604166666, "Train_loss": 6.941940453092931, "Train_acc": 0.16415077687825186}, "36": {"Test_loss": 0.05030825858314832, "Test_acc": 0.9658131003379822, "Train_loss": 7.4708736468169645, "Train_acc": 0.05933858580508475}, "37": {"Test_loss": 0.05376744021972021, "Test_acc": 0.9357197086016337, "Train_loss": 7.173424385361752, "Train_acc": 0.16291490121413085}, "38": {"Test_loss": 0.0490870326757431, "Test_acc": 0.9649992982546488, "Train_loss": 7.692060418048148, "Train_acc": 0.06393449860861745}, "39": {"Test_loss": 0.05258957917491595, "Test_acc": 0.9376015464464823, "Train_loss": 7.39866381984646, "Train_acc": 0.15570930442062475}}