{"0": {"Test_loss": 0.07831105838219325, "Test_acc": 0.9826955397923788, "Train_loss": 0.7685816889092073, "Train_acc": 3.3103813559322034e-05}, "1": {"Test_loss": 0.09431127707163493, "Test_acc": 0.7370598316192627, "Train_loss": 0.35379500030461003, "Train_acc": 0.9112376414113126}, "2": {"Test_loss": 0.07208180179198583, "Test_acc": 0.9826955397923788, "Train_loss": 1.275274050437798, "Train_acc": 0.04029285841447822}, "3": {"Test_loss": 0.08964221427838008, "Test_acc": 0.7863524754842123, "Train_loss": 0.8716375954070333, "Train_acc": 0.4934178585723295}, "4": {"Test_loss": 0.06738710403442383, "Test_acc": 0.9815778334935507, "Train_loss": 1.7461897498470242, "Train_acc": 0.02259887005912803}, "5": {"Test_loss": 0.08480868240197499, "Test_acc": 0.8382463852564493, "Train_loss": 1.3498675378702454, "Train_acc": 0.3617253707627119}, "6": {"Test_loss": 0.06323092058300972, "Test_acc": 0.9817240238189697, "Train_loss": 2.1719981654215665, "Train_acc": 0.021859551558934025}, "7": {"Test_loss": 0.0810968205332756, "Test_acc": 0.8545195460319519, "Train_loss": 1.787727779251034, "Train_acc": 0.3077496027542373}, "8": {"Test_loss": 0.060243787864844, "Test_acc": 0.9806228677431742, "Train_loss": 2.5784160222037364, "Train_acc": 0.02662098340658566}, "9": {"Test_loss": 0.07774001359939575, "Test_acc": 0.8629218737284342, "Train_loss": 2.2013502666505715, "Train_acc": 0.2809355137711864}, "10": {"Test_loss": 0.057521041482686996, "Test_acc": 0.9804601073265076, "Train_loss": 2.9610304731433676, "Train_acc": 0.028938250355738198}, "11": {"Test_loss": 0.07429124663273494, "Test_acc": 0.8783214688301086, "Train_loss": 2.590560725179769, "Train_acc": 0.2573600812988766}, "12": {"Test_loss": 0.05524903660019239, "Test_acc": 0.979114810625712, "Train_loss": 3.3211179304931124, "Train_acc": 0.0355369438559322}, "13": {"Test_loss": 0.07112135738134384, "Test_acc": 0.8884162108103434, "Train_loss": 2.955633413993706, "Train_acc": 0.23864539194915255}, "14": {"Test_loss": 0.05311552186806997, "Test_acc": 0.9786863128344218, "Train_loss": 3.6503450910923845, "Train_acc": 0.03757834569472125}, "15": {"Test_loss": 0.06867542614539464, "Test_acc": 0.8897665540377299, "Train_loss": 3.29431570384462, "Train_acc": 0.22790872191978714}, "16": {"Test_loss": 0.050423428416252136, "Test_acc": 0.9783989588419596, "Train_loss": 3.9571170988729443, "Train_acc": 0.04019906428658356}, "17": {"Test_loss": 0.06575656061371167, "Test_acc": 0.9013909498850504, "Train_loss": 3.6092550875776905, "Train_acc": 0.21466167902542374}, "18": {"Test_loss": 0.04824485505620638, "Test_acc": 0.9783989588419596, "Train_loss": 4.245221946199061, "Train_acc": 0.04463497530353271}, "19": {"Test_loss": 0.06354045495390892, "Test_acc": 0.908263623714447, "Train_loss": 3.906461863194482, "Train_acc": 0.20528778257006305}, "20": {"Test_loss": 0.046593026568492256, "Test_acc": 0.9789902170499166, "Train_loss": 4.5159041194592495, "Train_acc": 0.047437764830508475}, "21": {"Test_loss": 0.061484420051177345, "Test_acc": 0.9117514491081238, "Train_loss": 4.1857028068122215, "Train_acc": 0.19770149192062475}, "22": {"Test_loss": 0.04451849187413851, "Test_acc": 0.9788490732510885, "Train_loss": 4.7845742742894055, "Train_acc": 0.04854122530353271}, "23": {"Test_loss": 0.05949777364730835, "Test_acc": 0.9164218107859293, "Train_loss": 4.456052444748959, "Train_acc": 0.1890613965816417}, "24": {"Test_loss": 0.04283644879857699, "Test_acc": 0.9790715972582499, "Train_loss": 5.024027775909941, "Train_acc": 0.05131091101694915}, "25": {"Test_loss": 0.057477867851654686, "Test_acc": 0.9228493968645731, "Train_loss": 4.705307689763732, "Train_acc": 0.18459238187741425}, "26": {"Test_loss": 0.04139091074466705, "Test_acc": 0.978480339050293, "Train_loss": 5.262362423589674, "Train_acc": 0.05269575390522763}, "27": {"Test_loss": 0.055627973129351936, "Test_acc": 0.93015056848526, "Train_loss": 4.947453575619196, "Train_acc": 0.177475061835879}, "28": {"Test_loss": 0.04000726963082949, "Test_acc": 0.9791313807169596, "Train_loss": 5.478525000103449, "Train_acc": 0.056072342888278476}, "29": {"Test_loss": 0.05396681403120359, "Test_acc": 0.9328678051630656, "Train_loss": 5.173458394357714, "Train_acc": 0.1731826006355932}, "30": {"Test_loss": 0.039097494135300316, "Test_acc": 0.9788058598836263, "Train_loss": 5.690444764444384, "Train_acc": 0.05872064797302424}, "31": {"Test_loss": 0.052161707232395806, "Test_acc": 0.9404181639353434, "Train_loss": 5.391801284531415, "Train_acc": 0.1685425495192156}, "32": {"Test_loss": 0.03830194349090258, "Test_acc": 0.9781929850578308, "Train_loss": 5.895856170331017, "Train_acc": 0.05979652189791708}, "33": {"Test_loss": 0.05064025024573008, "Test_acc": 0.9423115054766337, "Train_loss": 5.598411713616323, "Train_acc": 0.1676266773019807}, "34": {"Test_loss": 0.03724021837115288, "Test_acc": 0.9779272278149923, "Train_loss": 6.081430560451443, "Train_acc": 0.06007238704774339}, "35": {"Test_loss": 0.04925676311055819, "Test_acc": 0.9441667000452677, "Train_loss": 5.7929825095807095, "Train_acc": 0.16372594458319373}, "36": {"Test_loss": 0.03615457812945048, "Test_acc": 0.9778458476066589, "Train_loss": 6.265612788119559, "Train_acc": 0.06379656604159686}, "37": {"Test_loss": 0.0478622242808342, "Test_acc": 0.9460218747456869, "Train_loss": 5.984924478045965, "Train_acc": 0.1576458775138451}, "38": {"Test_loss": 0.03544584413369497, "Test_acc": 0.9769506653149923, "Train_loss": 6.437987129567033, "Train_acc": 0.0647510593220339}, "39": {"Test_loss": 0.04660031944513321, "Test_acc": 0.9503069321314493, "Train_loss": 6.158275066795996, "Train_acc": 0.1559741349290993}}