{"0": {"Test_loss": 0.06028573463360468, "Test_acc": 0.9555822412172953, "Train_loss": 0.5034562897379116, "Train_acc": 0.0}, "1": {"Test_loss": 0.09700271487236023, "Test_acc": 0.312798152367274, "Train_loss": 0.19570657042628628, "Train_acc": 0.7901990646022862}, "2": {"Test_loss": 0.05695010100801786, "Test_acc": 0.9503523111343384, "Train_loss": 0.7462151116233761, "Train_acc": 0.019387800151766357}, "3": {"Test_loss": 0.09351436545451482, "Test_acc": 0.4039166172345479, "Train_loss": 0.4476134400751631, "Train_acc": 0.4464656162565037}, "4": {"Test_loss": 0.0552831602593263, "Test_acc": 0.9504171212514242, "Train_loss": 0.9664991770760488, "Train_acc": 0.02070643538135593}, "5": {"Test_loss": 0.09038660675287247, "Test_acc": 0.46379733085632324, "Train_loss": 0.6766991044505167, "Train_acc": 0.3308284782757193}, "6": {"Test_loss": 0.053365336110194526, "Test_acc": 0.9532056649525961, "Train_loss": 1.1656510294493982, "Train_acc": 0.02471751412692464}, "7": {"Test_loss": 0.08734665314356486, "Test_acc": 0.5113809903462728, "Train_loss": 0.8843285224195254, "Train_acc": 0.2792306673728814}, "8": {"Test_loss": 0.0520323800543944, "Test_acc": 0.9479440251986185, "Train_loss": 1.3490385847576594, "Train_acc": 0.029964468576077184}, "9": {"Test_loss": 0.0845314512650172, "Test_acc": 0.547642707824707, "Train_loss": 1.0747450771978346, "Train_acc": 0.2516827772734529}, "10": {"Test_loss": 0.05138896902402242, "Test_acc": 0.9432571132977804, "Train_loss": 1.5201061812497803, "Train_acc": 0.035498322745374705}, "11": {"Test_loss": 0.08181571215391159, "Test_acc": 0.582479198773702, "Train_loss": 1.252870774875253, "Train_acc": 0.22713078217486204}, "12": {"Test_loss": 0.050447992980480194, "Test_acc": 0.9427637855211893, "Train_loss": 1.6759566452543615, "Train_acc": 0.04072320799074941}, "13": {"Test_loss": 0.07914371540149052, "Test_acc": 0.6187358895937601, "Train_loss": 1.4155012268131062, "Train_acc": 0.2104630120477434}, "14": {"Test_loss": 0.04981719081600507, "Test_acc": 0.9461435874303182, "Train_loss": 1.825042277069415, "Train_acc": 0.04256046967486204}, "15": {"Test_loss": 0.07675398389498393, "Test_acc": 0.6397723158200582, "Train_loss": 1.568647376561569, "Train_acc": 0.1995056497596078}, "16": {"Test_loss": 0.04909276341398557, "Test_acc": 0.9495017727216085, "Train_loss": 1.9593131380566096, "Train_acc": 0.0476915607449867}, "17": {"Test_loss": 0.07473054776589076, "Test_acc": 0.6624514659245809, "Train_loss": 1.7112507234185428, "Train_acc": 0.18950829806469255}, "18": {"Test_loss": 0.04854175075888634, "Test_acc": 0.9519100586573283, "Train_loss": 2.0866254143795726, "Train_acc": 0.05074262890522763}, "19": {"Test_loss": 0.07262549549341202, "Test_acc": 0.6823852856953939, "Train_loss": 1.8462813314744981, "Train_acc": 0.180713718220339}, "20": {"Test_loss": 0.04827012121677399, "Test_acc": 0.9506792624791464, "Train_loss": 2.2104932372852906, "Train_acc": 0.05349576271186441}, "21": {"Test_loss": 0.07025148719549179, "Test_acc": 0.7135546207427979, "Train_loss": 1.9728213639582617, "Train_acc": 0.17002118644067796}, "22": {"Test_loss": 0.047777307530244194, "Test_acc": 0.9494585593541464, "Train_loss": 2.3186018790228893, "Train_acc": 0.055244747533510295}, "23": {"Test_loss": 0.06829241414864858, "Test_acc": 0.7342374523480734, "Train_loss": 2.0884747687032665, "Train_acc": 0.1696846310870122}, "24": {"Test_loss": 0.04688440511624018, "Test_acc": 0.9539445638656616, "Train_loss": 2.425034076480542, "Train_acc": 0.05895789194915254}, "25": {"Test_loss": 0.06641601274410884, "Test_acc": 0.7507597804069519, "Train_loss": 2.2004417221424943, "Train_acc": 0.16541423913785966}, "26": {"Test_loss": 0.04647809391220411, "Test_acc": 0.9540857076644897, "Train_loss": 2.533173926806046, "Train_acc": 0.05956479521878695}, "27": {"Test_loss": 0.06465859338641167, "Test_acc": 0.7688233057657877, "Train_loss": 2.3102629710051974, "Train_acc": 0.15622793081200728}, "28": {"Test_loss": 0.04622711862126986, "Test_acc": 0.9508636395136515, "Train_loss": 2.630321737063133, "Train_acc": 0.06224068683587899}, "29": {"Test_loss": 0.06288559238115947, "Test_acc": 0.7895543773969015, "Train_loss": 2.411899409051669, "Train_acc": 0.15645965757006305}, "30": {"Test_loss": 0.045967926581700645, "Test_acc": 0.9500664075215658, "Train_loss": 2.7188948736352434, "Train_acc": 0.06324483580508475}, "31": {"Test_loss": 0.06138708318273226, "Test_acc": 0.8032932281494141, "Train_loss": 2.507655454894244, "Train_acc": 0.15423066737288135}, "32": {"Test_loss": 0.04565254474679629, "Test_acc": 0.9518402020136515, "Train_loss": 2.8053971185522566, "Train_acc": 0.06609176377118645}, "33": {"Test_loss": 0.059906757126251854, "Test_acc": 0.8209700187047323, "Train_loss": 2.6005300990605758, "Train_acc": 0.1484264654375739}, "34": {"Test_loss": 0.045369620124499, "Test_acc": 0.9520029624303182, "Train_loss": 2.8944730920306707, "Train_acc": 0.06454140187825187}, "35": {"Test_loss": 0.058636702597141266, "Test_acc": 0.831064760684967, "Train_loss": 2.6910554897987238, "Train_acc": 0.14636299437132932}, "36": {"Test_loss": 0.04472817356387774, "Test_acc": 0.9541670878728231, "Train_loss": 2.973730402477717, "Train_acc": 0.06727246649689593}, "37": {"Test_loss": 0.05748858427007993, "Test_acc": 0.841343879699707, "Train_loss": 2.774861711566731, "Train_acc": 0.14187742763404118}, "38": {"Test_loss": 0.0446724034845829, "Test_acc": 0.9528218110402426, "Train_loss": 3.0534374653282814, "Train_acc": 0.06890558792372882}, "39": {"Test_loss": 0.056471885492404304, "Test_acc": 0.8459379076957703, "Train_loss": 2.8560887878224, "Train_acc": 0.141551906779661}}