{"0": {"Test_loss": 0.09379898011684418, "Test_acc": 0.9902790188789368, "Train_loss": 0.8635400816545649, "Train_acc": 0.0}, "1": {"Test_loss": 0.09431456526120503, "Test_acc": 0.9352645675341288, "Train_loss": 0.42691015490030837, "Train_acc": 0.9158776927802522}, "2": {"Test_loss": 0.09026501576105754, "Test_acc": 0.9891562660535177, "Train_loss": 1.4926199074518882, "Train_acc": 0.04477842514387379}, "3": {"Test_loss": 0.09088082114855449, "Test_acc": 0.9286475578943888, "Train_loss": 1.0655761431839506, "Train_acc": 0.4860467425847458}, "4": {"Test_loss": 0.08837144076824188, "Test_acc": 0.9878109693527222, "Train_loss": 2.1033362695726296, "Train_acc": 0.02166644597457627}, "5": {"Test_loss": 0.08806255708138148, "Test_acc": 0.9389266769091288, "Train_loss": 1.681062083123094, "Train_acc": 0.3718661724005715}, "6": {"Test_loss": 0.0854714165131251, "Test_acc": 0.9882992506027222, "Train_loss": 2.684694670014462, "Train_acc": 0.01982366704082085}, "7": {"Test_loss": 0.08621183782815933, "Test_acc": 0.9320324063301086, "Train_loss": 2.268099938408803, "Train_acc": 0.3207318151401261}, "8": {"Test_loss": 0.08384760717550914, "Test_acc": 0.9874638517697653, "Train_loss": 3.2551859980922635, "Train_acc": 0.021991966813171313}, "9": {"Test_loss": 0.08418434361616771, "Test_acc": 0.9563874006271362, "Train_loss": 2.837286801661475, "Train_acc": 0.292858404123177}, "10": {"Test_loss": 0.08215321352084477, "Test_acc": 0.9876266121864319, "Train_loss": 3.8026452306973733, "Train_acc": 0.02682512359283233}, "11": {"Test_loss": 0.0822829157114029, "Test_acc": 0.9652448892593384, "Train_loss": 3.3909935365288946, "Train_acc": 0.2802844721887071}, "12": {"Test_loss": 0.08046889056762059, "Test_acc": 0.9868128101030985, "Train_loss": 4.33816111693948, "Train_acc": 0.029269288499223983}, "13": {"Test_loss": 0.08046849568684895, "Test_acc": 0.9611657857894897, "Train_loss": 3.9348319546651034, "Train_acc": 0.2636498058751478}, "14": {"Test_loss": 0.07898234575986862, "Test_acc": 0.9867314298947653, "Train_loss": 4.860158403040999, "Train_acc": 0.0344776218220339}, "15": {"Test_loss": 0.07941207786401112, "Test_acc": 0.9607207179069519, "Train_loss": 4.460879535998329, "Train_acc": 0.2527917550276902}, "16": {"Test_loss": 0.07727547238270442, "Test_acc": 0.9869539539019266, "Train_loss": 5.369241552837824, "Train_acc": 0.03695489055777}, "17": {"Test_loss": 0.07804980625708897, "Test_acc": 0.9674255847930908, "Train_loss": 4.970822677773945, "Train_acc": 0.2403447211293851}, "18": {"Test_loss": 0.07615183542172115, "Test_acc": 0.98654705286026, "Train_loss": 5.8677010617013705, "Train_acc": 0.038108006719562965}, "19": {"Test_loss": 0.07683280358711879, "Test_acc": 0.9663093090057373, "Train_loss": 5.47185206413269, "Train_acc": 0.23124117240057154}, "20": {"Test_loss": 0.07490802556276321, "Test_acc": 0.9860969384511312, "Train_loss": 6.349249775126829, "Train_acc": 0.04070665608396975}, "21": {"Test_loss": 0.07552895694971085, "Test_acc": 0.9644109209378561, "Train_loss": 5.959352570064997, "Train_acc": 0.2253983493073512}, "22": {"Test_loss": 0.07411397496859233, "Test_acc": 0.9858312010765076, "Train_loss": 6.831174676701174, "Train_acc": 0.04152873411016949}, "23": {"Test_loss": 0.0741636926929156, "Test_acc": 0.9747166832288107, "Train_loss": 6.4415922730655994, "Train_acc": 0.2156658281209105}, "24": {"Test_loss": 0.07309312870105107, "Test_acc": 0.9864440759023031, "Train_loss": 7.2982076062994485, "Train_acc": 0.044050141253461274}, "25": {"Test_loss": 0.07289545734723409, "Test_acc": 0.9740822116533915, "Train_loss": 6.913408360238803, "Train_acc": 0.2058781338697773}, "26": {"Test_loss": 0.07170485705137253, "Test_acc": 0.9860969384511312, "Train_loss": 7.763024309934196, "Train_acc": 0.04343220338983051}, "27": {"Test_loss": 0.07171204437812169, "Test_acc": 0.9774288733800253, "Train_loss": 7.378941281367156, "Train_acc": 0.20501743484351595}, "28": {"Test_loss": 0.07085795452197392, "Test_acc": 0.9864440759023031, "Train_loss": 8.234742920277482, "Train_acc": 0.043967381719562965}, "29": {"Test_loss": 0.07106420397758484, "Test_acc": 0.969802180926005, "Train_loss": 7.845223115662397, "Train_acc": 0.1981373588412495}, "30": {"Test_loss": 0.07005410641431808, "Test_acc": 0.9862813154856364, "Train_loss": 8.665075205140194, "Train_acc": 0.04876743468566466}, "31": {"Test_loss": 0.06963313867648442, "Test_acc": 0.9709631005922953, "Train_loss": 8.285904880297386, "Train_acc": 0.19179797854463934}, "32": {"Test_loss": 0.06871329247951508, "Test_acc": 0.9867098132769266, "Train_loss": 9.09516049239595, "Train_acc": 0.049148128541596864}, "33": {"Test_loss": 0.06782061979174614, "Test_acc": 0.9753129879633585, "Train_loss": 8.717330051680742, "Train_acc": 0.18785862473108}, "34": {"Test_loss": 0.06771134212613106, "Test_acc": 0.9866068363189697, "Train_loss": 9.516775034241757, "Train_acc": 0.04852467338096792}, "35": {"Test_loss": 0.06638816247383754, "Test_acc": 0.980184276898702, "Train_loss": 9.141529899532513, "Train_acc": 0.1853813559322034}, "36": {"Test_loss": 0.06685260310769081, "Test_acc": 0.9860371748606364, "Train_loss": 9.91475812459396, "Train_acc": 0.05109573622881356}, "37": {"Test_loss": 0.0656762421131134, "Test_acc": 0.9802656571070353, "Train_loss": 9.549647654517223, "Train_acc": 0.1826999470338983}, "38": {"Test_loss": 0.0667237751185894, "Test_acc": 0.9860371748606364, "Train_loss": 10.321189654075493, "Train_acc": 0.0542350812357361}, "39": {"Test_loss": 0.06486715128024419, "Test_acc": 0.9829346338907877, "Train_loss": 9.952424986887786, "Train_acc": 0.1772488524853173}}