{"0": {"Test_loss": 0.07225571076075236, "Test_acc": 0.9767447113990784, "Train_loss": 0.7473942435393899, "Train_acc": 0.0}, "1": {"Test_loss": 0.08171813438336055, "Test_acc": 0.8449634909629822, "Train_loss": 0.33684030175209045, "Train_acc": 0.863380561440678}, "2": {"Test_loss": 0.061560530215501785, "Test_acc": 0.974813183148702, "Train_loss": 1.1472121487229556, "Train_acc": 0.047890183626342626}, "3": {"Test_loss": 0.07140065481265385, "Test_acc": 0.8883470694224039, "Train_loss": 0.7769285748570652, "Train_acc": 0.4436352401971817}, "4": {"Test_loss": 0.0553713229795297, "Test_acc": 0.9699634909629822, "Train_loss": 1.48574333170713, "Train_acc": 0.03009688383031447}, "5": {"Test_loss": 0.06202981496850649, "Test_acc": 0.915766437848409, "Train_loss": 1.1432828387971652, "Train_acc": 0.3130462129237288}, "6": {"Test_loss": 0.04994556431969007, "Test_acc": 0.9669855634371439, "Train_loss": 1.744303453776796, "Train_acc": 0.034003133838207036}, "7": {"Test_loss": 0.05581599473953247, "Test_acc": 0.9291747411092123, "Train_loss": 1.4405767250869235, "Train_acc": 0.2485489496740244}, "8": {"Test_loss": 0.048127006739377975, "Test_acc": 0.9622770349184672, "Train_loss": 1.9706074848013408, "Train_acc": 0.04049699859283233}, "9": {"Test_loss": 0.05242150152722994, "Test_acc": 0.9287246267000834, "Train_loss": 1.694935591544135, "Train_acc": 0.2206589866240146}, "10": {"Test_loss": 0.04516513148943583, "Test_acc": 0.9633781909942627, "Train_loss": 2.168534070758496, "Train_acc": 0.04445290432895644}, "11": {"Test_loss": 0.04818379506468773, "Test_acc": 0.9347784519195557, "Train_loss": 1.915779592627186, "Train_acc": 0.19617871649689594}, "12": {"Test_loss": 0.04140518854061762, "Test_acc": 0.9662149747212728, "Train_loss": 2.332438145653676, "Train_acc": 0.05316472457627119}, "13": {"Test_loss": 0.04548225303490957, "Test_acc": 0.9384938478469849, "Train_loss": 2.1055970323287836, "Train_acc": 0.17520745060706544}, "14": {"Test_loss": 0.03899016479651133, "Test_acc": 0.9652333656946818, "Train_loss": 2.466296905178135, "Train_acc": 0.0579151218220339}, "15": {"Test_loss": 0.04355154434839884, "Test_acc": 0.9419334133466085, "Train_loss": 2.2651553638910844, "Train_acc": 0.1617783368644068}, "16": {"Test_loss": 0.03835663696130117, "Test_acc": 0.9650922020276388, "Train_loss": 2.5875286752894775, "Train_acc": 0.06067377297302424}, "17": {"Test_loss": 0.04227012892564138, "Test_acc": 0.9449495275815328, "Train_loss": 2.4029137098183067, "Train_acc": 0.1512623588412495}, "18": {"Test_loss": 0.03716875612735748, "Test_acc": 0.9661551912625631, "Train_loss": 2.698709982936665, "Train_acc": 0.0665386652542373}, "19": {"Test_loss": 0.042149790873130165, "Test_acc": 0.9419283866882324, "Train_loss": 2.528692229319427, "Train_acc": 0.14778645835438017}, "20": {"Test_loss": 0.035570766776800156, "Test_acc": 0.9664425452550253, "Train_loss": 2.7983243930137762, "Train_acc": 0.06890558792372882}, "21": {"Test_loss": 0.041477929800748825, "Test_acc": 0.9429863293965658, "Train_loss": 2.6414710020614884, "Train_acc": 0.14266640187825186}, "22": {"Test_loss": 0.03483864292502403, "Test_acc": 0.9672995607058207, "Train_loss": 2.8962934987019686, "Train_acc": 0.07103526661709203}, "23": {"Test_loss": 0.04076024517416954, "Test_acc": 0.9453132152557373, "Train_loss": 2.7485463720256997, "Train_acc": 0.1345007944915254}, "24": {"Test_loss": 0.033615572998921074, "Test_acc": 0.9671151836713155, "Train_loss": 2.9745024887181946, "Train_acc": 0.07487530897418826}, "25": {"Test_loss": 0.03969088817636172, "Test_acc": 0.9468810558319092, "Train_loss": 2.833029035794533, "Train_acc": 0.1295352224576271}, "26": {"Test_loss": 0.03204850976665815, "Test_acc": 0.9672779440879822, "Train_loss": 3.052654597718837, "Train_acc": 0.07497462043065135}, "27": {"Test_loss": 0.03881882379452387, "Test_acc": 0.9503256678581238, "Train_loss": 2.913769000667637, "Train_acc": 0.1254193150138451}, "28": {"Test_loss": 0.031907811760902405, "Test_acc": 0.9675437013308207, "Train_loss": 3.1165440850338695, "Train_acc": 0.08042571504237288}, "29": {"Test_loss": 0.03730430454015732, "Test_acc": 0.9528750975926717, "Train_loss": 2.983163170895334, "Train_acc": 0.1240951624714722}, "30": {"Test_loss": 0.030922551949818928, "Test_acc": 0.9682595531145731, "Train_loss": 3.171811679662284, "Train_acc": 0.0814133121679395}, "31": {"Test_loss": 0.03590555737415949, "Test_acc": 0.9548282225926717, "Train_loss": 3.0442942401110114, "Train_acc": 0.12022201628503153}, "32": {"Test_loss": 0.029793443779150646, "Test_acc": 0.969442089398702, "Train_loss": 3.2212586483712924, "Train_acc": 0.0817333156779661}, "33": {"Test_loss": 0.03505178540945053, "Test_acc": 0.9575188159942627, "Train_loss": 3.0949903847807545, "Train_acc": 0.11955442266949153}, "34": {"Test_loss": 0.02898116409778595, "Test_acc": 0.9689322113990784, "Train_loss": 3.2588898731490312, "Train_acc": 0.08389609818488865}, "35": {"Test_loss": 0.03490707774957021, "Test_acc": 0.957942267258962, "Train_loss": 3.140417656656039, "Train_acc": 0.11642059507006305}, "36": {"Test_loss": 0.028699863081177075, "Test_acc": 0.9682595531145731, "Train_loss": 3.2949568417112705, "Train_acc": 0.08707406428658356}, "37": {"Test_loss": 0.03437404707074165, "Test_acc": 0.9589404463768005, "Train_loss": 3.181139994475801, "Train_acc": 0.11562058620028577}, "38": {"Test_loss": 0.028572465603550274, "Test_acc": 0.9677496751149496, "Train_loss": 3.3244760319338007, "Train_acc": 0.0882492496679395}, "39": {"Test_loss": 0.03353751078248024, "Test_acc": 0.9597758452097574, "Train_loss": 3.2120972306041393, "Train_acc": 0.11218330687132932}}