{"0": {"Test_loss": 0.06607111046711604, "Test_acc": 0.938761035601298, "Train_loss": 0.45665379525241206, "Train_acc": 0.0}, "1": {"Test_loss": 0.0974016860127449, "Test_acc": 0.24789131681124368, "Train_loss": 0.17891321015560022, "Train_acc": 0.7318591101694916}, "2": {"Test_loss": 0.06183901304999987, "Test_acc": 0.9331573247909546, "Train_loss": 0.6706950113934985, "Train_acc": 0.009688382770992437}, "3": {"Test_loss": 0.09453239540259044, "Test_acc": 0.3437514404455821, "Train_loss": 0.39549297119601295, "Train_acc": 0.4066693151401261}, "4": {"Test_loss": 0.059845379243294396, "Test_acc": 0.9358428716659546, "Train_loss": 0.8672153833559004, "Train_acc": 0.015167063922952797}, "5": {"Test_loss": 0.09116244812806447, "Test_acc": 0.41019585728645325, "Train_loss": 0.5974693596363068, "Train_acc": 0.3133000089960583}, "6": {"Test_loss": 0.05838381374875704, "Test_acc": 0.9412838220596313, "Train_loss": 1.0500923970998344, "Train_acc": 0.022709216101694914}, "7": {"Test_loss": 0.08846818407376607, "Test_acc": 0.47337355216344196, "Train_loss": 0.7853134870529175, "Train_acc": 0.2744030280638549}, "8": {"Test_loss": 0.05655453105767568, "Test_acc": 0.940225879351298, "Train_loss": 1.2254850753283097, "Train_acc": 0.028364450923340806}, "9": {"Test_loss": 0.08562628676493962, "Test_acc": 0.5258882641792297, "Train_loss": 0.9634617289244118, "Train_acc": 0.24925516419491525}, "10": {"Test_loss": 0.055432608971993126, "Test_acc": 0.9419996738433838, "Train_loss": 1.3867710162017306, "Train_acc": 0.03272863701617314}, "11": {"Test_loss": 0.08298798153797786, "Test_acc": 0.5626000960667928, "Train_loss": 1.132247646986428, "Train_acc": 0.22660663850226645}, "12": {"Test_loss": 0.05369374404350916, "Test_acc": 0.9422056476275126, "Train_loss": 1.542852731074317, "Train_acc": 0.03847214866871551}, "13": {"Test_loss": 0.08056267350912094, "Test_acc": 0.602778156598409, "Train_loss": 1.291186012453952, "Train_acc": 0.2123444120762712}, "14": {"Test_loss": 0.05272054051359495, "Test_acc": 0.9439146320025126, "Train_loss": 1.6888408660888672, "Train_acc": 0.04129149013404119}, "15": {"Test_loss": 0.07792146503925323, "Test_acc": 0.6336752772331238, "Train_loss": 1.441775204771656, "Train_acc": 0.19914702509166832}, "16": {"Test_loss": 0.051878114541371666, "Test_acc": 0.9460139473279318, "Train_loss": 1.8193613321094189, "Train_acc": 0.044723252118644065}, "17": {"Test_loss": 0.07550537586212158, "Test_acc": 0.6797976891199747, "Train_loss": 1.5793545973502983, "Train_acc": 0.19012623595989356}, "18": {"Test_loss": 0.05125881855686506, "Test_acc": 0.9423417647679647, "Train_loss": 1.9504290788860645, "Train_acc": 0.04794535664367979}, "19": {"Test_loss": 0.07349903881549835, "Test_acc": 0.7009255687395731, "Train_loss": 1.7136841557793698, "Train_acc": 0.1876931056632834}, "20": {"Test_loss": 0.05053288365403811, "Test_acc": 0.9434429208437601, "Train_loss": 2.08050573377286, "Train_acc": 0.049556408898305086}, "21": {"Test_loss": 0.07134334743022919, "Test_acc": 0.723881999651591, "Train_loss": 1.8467904591964464, "Train_acc": 0.1775578213697773}, "22": {"Test_loss": 0.04992965857187907, "Test_acc": 0.943990965684255, "Train_loss": 2.1968036970849765, "Train_acc": 0.05331369173728814}, "23": {"Test_loss": 0.06918059786160786, "Test_acc": 0.7517082691192627, "Train_loss": 1.970678671941919, "Train_acc": 0.1678032309322034}, "24": {"Test_loss": 0.04946529989441236, "Test_acc": 0.945357879002889, "Train_loss": 2.304701213109291, "Train_acc": 0.0560447563559322}, "25": {"Test_loss": 0.06747571378946304, "Test_acc": 0.76706463098526, "Train_loss": 2.085036012075715, "Train_acc": 0.16508320100226645}, "26": {"Test_loss": 0.04891264314452807, "Test_acc": 0.9476797183354696, "Train_loss": 2.4145432326753262, "Train_acc": 0.056910972821257885}, "27": {"Test_loss": 0.06566868970791499, "Test_acc": 0.7855883638064066, "Train_loss": 2.195235513024411, "Train_acc": 0.1604817709175207}, "28": {"Test_loss": 0.04848875974615415, "Test_acc": 0.948536733786265, "Train_loss": 2.5105369757797757, "Train_acc": 0.05985721222803754}, "29": {"Test_loss": 0.06403554355104764, "Test_acc": 0.8005047043164571, "Train_loss": 2.298838532577127, "Train_acc": 0.15935624125650374}, "30": {"Test_loss": 0.04803914080063502, "Test_acc": 0.9498006502787272, "Train_loss": 2.611976698293524, "Train_acc": 0.0615289548127833}, "31": {"Test_loss": 0.06267017746965091, "Test_acc": 0.8128017584482828, "Train_loss": 2.4037508035110213, "Train_acc": 0.1557258563274044}, "32": {"Test_loss": 0.04764511436223984, "Test_acc": 0.949025015036265, "Train_loss": 2.7091818664033536, "Train_acc": 0.06232344636977729}, "33": {"Test_loss": 0.0613167497018973, "Test_acc": 0.8214698235193888, "Train_loss": 2.5046429714914096, "Train_acc": 0.1507271804799468}, "34": {"Test_loss": 0.04732938607533773, "Test_acc": 0.9485583504041036, "Train_loss": 2.7954389907545965, "Train_acc": 0.06599796967486203}, "35": {"Test_loss": 0.06007058173418045, "Test_acc": 0.8305231928825378, "Train_loss": 2.5963595701476274, "Train_acc": 0.14616437148997338}, "36": {"Test_loss": 0.04694944992661476, "Test_acc": 0.9490466316541036, "Train_loss": 2.8818193532652776, "Train_acc": 0.06621866172842555}, "37": {"Test_loss": 0.05888238797585169, "Test_acc": 0.8404933412869772, "Train_loss": 2.684905054205555, "Train_acc": 0.1445202154375739}, "38": {"Test_loss": 0.04657246793309847, "Test_acc": 0.9488572279612223, "Train_loss": 2.968774611667051, "Train_acc": 0.06812764830508475}, "39": {"Test_loss": 0.057689182460308075, "Test_acc": 0.8457715312639872, "Train_loss": 2.771254030324645, "Train_acc": 0.14017258123573612}}